order_id,restaurant_id,customer_lat,customer_lng,order_time,prep_time,promised_window
0,196.0,0.31684105541547103,1.6060117927158346,10.001985958013735,5.0,45
1,147.0,2.3030957708630337,7.489557144473902,10.002850282910615,10.94400041348749,45
2,122.0,7.0654363146274335,3.686251090816638,10.002976284501731,14.107558510909934,45
3,84.0,7.471885880803485,4.668528952815773,10.005077542721828,9.097234115127451,45
4,198.0,1.4298670483287135,0.7370461784381699,10.014204324622815,11.889783707461916,45
5,21.0,3.4275781365729383,9.545277196565934,10.02174440643102,9.553559878950884,45
6,133.0,8.353125681895632,6.6183630900879855,10.022558602298927,7.558541569489672,45
7,196.0,9.94104244325465,1.5251428329954153,10.026790637729306,9.09313125048084,45
8,164.0,4.9635545506135434,8.10396315693059,10.028543219362847,14.581432693488026,45
9,75.0,8.564951081235302,8.78869235186504,10.035552646724762,8.534496414585952,45
10,72.0,5.344714174089772,1.1673893429026339,10.037690872577466,6.73973213883283,45
11,28.0,5.905712869103942,9.544195213633195,10.039518746366618,12.912373220242024,45
12,165.0,3.310518143500513,0.07729922738990314,10.040350085930712,18.691047978364132,45
13,94.0,8.399148866460157,8.66248730884929,10.040359748299025,11.304612786527297,45
14,130.0,3.839856393789586,3.3422690037788403,10.040475322606666,13.673915125296428,45
15,199.0,2.346449022974153,4.798386489009734,10.040673937229052,5.0,45
16,124.0,8.973788809763025,4.847997303615109,10.041000024206706,12.85164508004275,45
17,192.0,4.039184533550247,0.49468534786554885,10.042930535200377,5.0,45
18,4.0,0.39933391674296215,3.775832008180313,10.044428881989003,20.0,45
19,173.0,6.913291571085084,8.3312978693456,10.046969268824688,8.211054205367638,45
20,168.0,2.2819597512470113,6.760471505926748,10.04829533916267,15.713156142332286,45
21,12.0,4.260013761472202,3.727991816402266,10.055014376143303,14.989067737471583,45
22,103.0,5.617530451887962,7.29315981206815,10.058887510113792,7.352464536725565,45
23,14.0,9.087308720163334,1.9341833803845876,10.059718239260526,17.093021430353044,45
24,177.0,3.534079797309434,2.8682204512182152,10.062896041711248,12.191494827569358,45
25,198.0,9.799262135801971,0.8716826767296737,10.06440469574209,13.388850378071611,45
26,39.0,3.4614292643429225,7.112523934128624,10.065324510300286,8.194310548940258,45
27,28.0,4.72137940214087,1.8313873390605129,10.0659033980748,13.360085016747753,45
28,3.0,7.612313354066401,9.635930056037816,10.06641485095623,13.772596668895332,45
29,121.0,0.1830909631970168,9.980486356451326,10.06761711833715,7.6410817267267825,45
30,165.0,1.7612860668992636,8.129514030252077,10.067745406717203,18.972722714316358,45
31,69.0,7.91172033300967,0.7145552476495021,10.067956006309561,16.497721585456887,45
32,1.0,0.9597087017696682,6.504591030736049,10.07076328044144,13.136529506464083,45
33,66.0,1.0616387758270807,4.8803638285419195,10.071292862496037,9.297516048121038,45
34,89.0,7.8232171833780075,0.18305199092172875,10.073926099632095,11.806641428291586,45
35,56.0,5.716045942872688,8.252271579653298,10.074045726008325,19.139988073589667,45
36,168.0,5.783407931763808,4.860437260620705,10.079108864067269,13.271835224351875,45
37,192.0,6.296194490394306,9.347506812596642,10.080835004197645,7.585287132987164,45
38,169.0,2.5827763971952686,7.872064274524304,10.08435044576343,16.290618251430946,45
39,127.0,2.011789021683775,5.894049348125515,10.087273692328111,11.431336582943551,45
40,117.0,2.108000496322635,3.2003133902400793,10.088009810034164,11.189639096662885,45
41,52.0,2.9360386294550445,0.8338684600634227,10.092118216921852,13.211922101984436,45
42,1.0,1.0488154328178212,8.962719004132516,10.09370080216458,11.580062396720336,45
43,55.0,0.6898291514464316,2.6389538577120386,10.095105496089129,14.15578651874494,45
44,44.0,6.056027248007155,8.281932549086296,10.097754978330823,19.353497546129187,45
45,29.0,8.306794770127285,6.921760348559155,10.10414990005193,9.779848494165664,45
46,179.0,2.7569027112113886,4.809294695634296,10.104473764750523,16.720054771006133,45
47,4.0,6.194188520919873,1.4110605260288656,10.106605645945935,19.37420235844148,45
48,81.0,5.525002369786956,7.203344093627009,10.114520236806719,19.815908714046987,45
49,169.0,2.43985945550391,9.087136473635692,10.11816190014413,15.742971444337163,45
50,23.0,9.300885079469971,1.768292035578407,10.12115211794245,17.836604256443444,45
51,48.0,8.895292349828809,8.109134564964243,10.12137317993003,18.643166712707004,45
52,81.0,0.6885406449344877,8.671916778216255,10.124442007507668,16.29577358427037,45
53,16.0,7.302765029179525,8.580531203495585,10.124687992502032,5.0,45
54,106.0,9.473243615279998,6.942376505384633,10.126387104616375,5.0,45
55,85.0,9.21294701326409,9.642162085879098,10.126619641790807,8.248123240472612,45
56,112.0,7.8098626264197,5.242026957555469,10.132565742553332,9.132781767836551,45
57,63.0,1.563869984335241,2.372733071581501,10.132829536823415,19.20819330990834,45
58,4.0,5.588492951996418,7.899344522937816,10.135757029279755,20.0,45
59,199.0,7.288974931257638,5.123872350950229,10.136068698812675,8.721971267280379,45
60,174.0,8.796069794422344,4.930806503216313,10.141078239126113,15.882300692229302,45
61,62.0,0.3049793808428203,4.809538225834458,10.141994030557266,8.256937554119105,45
62,151.0,6.2961616002473715,6.85455252276463,10.144750213868809,13.918995012737696,45
63,191.0,4.750680500859663,9.92006054898246,10.14538846719578,18.26860381612136,45
64,131.0,6.250803782769976,7.857781700017288,10.145497001052938,13.545699019589488,45
65,116.0,4.170368120675194,9.104763632241733,10.148092552724489,12.772446056552756,45
66,10.0,6.398832377324078,0.6877217232389732,10.148916580721915,10.790096742749952,45
67,112.0,2.979287980812156,3.9561279752725476,10.151438345069776,7.885525137518723,45
68,79.0,4.921220164195962,0.2628847347959895,10.1542904094037,17.826991814465007,45
69,176.0,7.242470472998113,7.368354595998724,10.156354813085006,17.365029529185637,45
70,188.0,4.842844968537162,8.561892028450895,10.156918410095379,14.24503144880244,45
71,74.0,2.435612492238377,8.601854434355191,10.161469700976053,18.789250397382563,45
72,35.0,1.1812013313217573,9.90754143905733,10.162207260396642,7.77497128769383,45
73,161.0,6.183285268023856,4.220675194830074,10.164382604906974,8.757930505423174,45
74,71.0,5.477195713216037,9.265757314752262,10.164618120384283,13.960407686200291,45
75,35.0,2.914953128137918,7.7529768762122,10.174409623191888,5.0,45
76,160.0,8.229645202930234,6.251750083098483,10.174805857015347,6.73638398457728,45
77,186.0,0.6092581007594677,8.204449600200494,10.179495935121226,7.141975272782636,45
78,132.0,3.8916897485720883,2.4616183752393983,10.181233714476328,13.306964207587338,45
79,120.0,2.9592092927148994,6.238303473756113,10.187485334040586,19.12347373411844,45
80,56.0,0.5924726274824588,7.724206380240412,10.189758354795545,16.959813395834086,45
81,184.0,2.0904050837468757,5.570746401228595,10.192925746542663,5.0,45
82,119.0,5.067445798378877,6.065477388811637,10.193298622592044,14.112218687543566,45
83,18.0,8.667418558127844,2.619625441426562,10.196877144723384,17.297884931134575,45
84,7.0,2.666734524800799,1.88853795722427,10.197829624640026,15.090191447434377,45
85,97.0,5.17012005916949,7.74131395527919,10.204606552770143,20.0,45
86,13.0,7.137642677967787,1.6514013757232038,10.209617563348031,9.651243816972428,45
87,151.0,9.713479852752108,2.4583525498129633,10.210191890344747,14.319711512728222,45
88,2.0,1.4894706355591958,9.040533557661165,10.215348142821902,10.585788753197523,45
89,54.0,6.319581567967497,4.702154590624872,10.216199771441556,10.322918735953854,45
90,145.0,1.4958450339101281,6.67563997621807,10.216640594896306,9.037094057097674,45
91,117.0,4.3391875347678575,6.748314094068167,10.218463637238383,9.901034603164515,45
92,133.0,7.5378569864958225,8.779308902296496,10.222374803131999,7.438350835422312,45
93,147.0,4.655923886716704,7.781611864947346,10.22253755533768,14.007330995475112,45
94,95.0,6.612454951411138,2.806963031569886,10.22354239219747,8.37427553465534,45
95,15.0,5.4554095213343325,3.5421357187481517,10.227987346866323,5.0,45
96,107.0,7.7485434673490685,9.320569483919748,10.230340750768852,5.0,45
97,87.0,9.605422799010515,6.417924654568271,10.230508019662722,18.931765179924387,45
98,133.0,3.135233307772128,5.238729393675891,10.233369249737438,9.558483784969198,45
99,199.0,1.8681971353030924,5.268885607250015,10.233390909904376,8.431641789627106,45
100,198.0,0.5272602118394143,3.893828058518618,10.234169132053125,11.167964844669825,45
101,190.0,7.736174164533571,2.70688400617604,10.235241050742642,20.0,45
102,182.0,3.339930575181741,4.7437419230067235,10.236708957558106,18.815478895470928,45
103,176.0,8.272150971688056,2.53042548140506,10.236785148020864,12.455256093089123,45
104,79.0,4.533447480934476,3.041167072758786,10.237229094377117,19.088182585073866,45
105,151.0,1.5196738936760312,3.534718096962648,10.240278756786251,12.850664595049645,45
106,53.0,2.5383908158589366,3.5806189309512684,10.243828586262705,13.639132548565621,45
107,182.0,4.387924755582864,0.19022833155434737,10.245904562535694,15.203181639659123,45
108,14.0,1.27690722123194,0.8829716966669532,10.24592338466657,17.91106746746429,45
109,178.0,2.160121334677283,2.5974491780292954,10.245937464645806,12.742240490697256,45
110,163.0,8.971278571356976,7.528350841427777,10.246886543053524,11.185870539100094,45
111,123.0,5.524636317866546,6.273404354213493,10.247822276727128,17.79797238757905,45
112,148.0,5.831002653751526,1.8450417989513357,10.248986484884547,5.813602866373995,45
113,150.0,1.609399100620026,7.120117485067626,10.249906276472288,17.297302234231786,45
114,147.0,0.6268996421182249,1.5437517219464503,10.25075454646689,13.6925631827693,45
115,126.0,3.459385728465305,6.193273971572379,10.251928850217446,13.293801059002853,45
116,38.0,3.732538312874454,7.929851903707067,10.252289042475002,13.53297695511025,45
117,58.0,0.9055611211069814,9.270254927562307,10.25983646189844,6.557505167248787,45
118,40.0,2.587567885517459,5.197541541413827,10.262812911116415,5.0,45
119,40.0,3.4113177105898296,8.80394026537693,10.265989070687342,8.0901488274965,45
120,199.0,1.611820653278987,0.23578950556596867,10.266377548366393,7.4322098173449715,45
121,196.0,7.3710737982008165,7.7802519804738886,10.270201312843884,5.30786380477161,45
122,107.0,6.105327407141296,4.5561784162285885,10.271665881144969,7.816059556957683,45
123,64.0,4.139893930382051,0.1567522847589753,10.274725899713443,20.0,45
124,107.0,7.476189943363607,6.245282596739404,10.276174201490145,5.334761071763333,45
125,48.0,6.43931260597742,6.106308152281237,10.279867978752101,19.45223604055957,45
126,84.0,3.180600704858855,1.3973270283238381,10.280177929398523,6.957594543324531,45
127,174.0,9.150391636149674,1.2095744346586845,10.286627421151005,15.705036465113581,45
128,184.0,8.412059983581768,1.4325520439077855,10.289322320904002,5.0,45
129,80.0,5.569746684173563,3.9172707342347293,10.296579489578889,18.32105995169866,45
130,57.0,8.787476942301424,7.571323082983231,10.298845266143111,19.020223531822147,45
131,87.0,0.20524182145088443,6.596073963973953,10.299594665440686,15.412089852931931,45
132,191.0,2.792482553524315,2.248514032483069,10.308037053586023,17.8906676681844,45
133,172.0,2.7653942329325645,3.6524745187621086,10.30997812383258,9.004414534433975,45
134,89.0,3.9734095653476875,5.543504872623782,10.310465270711571,11.447341813784147,45
135,65.0,2.8683181113183265,2.713144127095357,10.316824898843338,13.231502982157703,45
136,44.0,4.664742903256785,8.7277755520538,10.32292757442464,20.0,45
137,176.0,1.0686992770778903,1.5362038137092215,10.324350354026715,14.193107806011563,45
138,79.0,3.617138434299733,3.2129711859762122,10.332278641105304,20.0,45
139,135.0,4.737134151488451,6.160395042089027,10.333007175863662,8.817956433231725,45
140,42.0,1.3470413109189516,8.788782786455435,10.337481633014995,7.021208433915413,45
141,18.0,9.403395257373786,7.228286873676229,10.337719372550975,18.073598447444372,45
142,35.0,9.691344316764006,3.6540734324963307,10.338225944312125,9.533412156737771,45
143,163.0,5.8463750048495555,1.8144675934301935,10.338772635388818,12.14192264867881,45
144,194.0,9.292049848943202,3.1424549539309856,10.339735292832014,6.6437069110096205,45
145,61.0,6.415804797276941,5.398293228683627,10.341846596284958,16.003517961228177,45
146,147.0,0.8104731196270076,0.5766934782784672,10.343689019983493,15.627186821945418,45
147,89.0,1.3584945573827212,5.129565216986195,10.347331800920404,9.573464436332461,45
148,106.0,6.391574958113207,9.197223894219764,10.347767082999715,9.457602960486492,45
149,122.0,7.1326406261981905,8.7921127076173,10.348708502871549,16.641265296431392,45
150,171.0,6.2650344837754846,8.660611816636424,10.348856564127445,11.828198379431758,45
151,6.0,5.27924945782026,3.858359247580685,10.349217415875719,12.198507026857202,45
152,31.0,0.5785745212701021,0.7989761189475364,10.351811305345432,6.549162753670686,45
153,110.0,9.60948045987792,8.136305144796802,10.353716225493372,12.895426562615572,45
154,8.0,6.924275137171717,0.39097219931284677,10.354144773938804,16.6255303981808,45
155,94.0,5.704518470188736,7.942006782573834,10.355354345703779,12.671229258367863,45
156,173.0,7.1669366325980475,7.046286147155264,10.356004646374293,6.13451734010987,45
157,47.0,6.4394623870064756,7.890684640295285,10.356835135535231,5.653392676928805,45
158,89.0,4.453201583399114,2.3192332842531247,10.357486048391467,10.084530210855474,45
159,38.0,4.149523715626582,4.13959093469244,10.360699746423983,13.930545460070027,45
160,91.0,6.769431292069411,8.135824330179348,10.36276349969439,15.914093561371576,45
161,37.0,7.1470087052997355,8.988443420530613,10.367791941397329,12.944121397036637,45
162,54.0,2.249667229079365,3.888224518869099,10.367913881802368,14.295364487026717,45
163,48.0,3.708968698633517,1.0408948839823373,10.373005728669952,20.0,45
164,193.0,3.1564661274321892,4.764230712349002,10.375256532967208,13.384458536102246,45
165,52.0,6.395198773026296,1.5690396768947412,10.376112026306402,14.1491208055514,45
166,126.0,6.608846154417273,8.780686852341578,10.377063728667347,10.969992096103606,45
167,173.0,0.9864797454787366,3.622472304368498,10.37815651698654,6.00742771140899,45
168,150.0,7.449005349657982,3.557365652582628,10.380771718673625,13.493934376413629,45
169,165.0,8.220654107753493,2.281443245721971,10.382918508369688,18.42853753831025,45
170,101.0,5.2785907390024285,5.991438591565057,10.384447201236739,18.31300390674964,45
171,173.0,4.938848942633259,1.5035574059956835,10.38475235568166,7.21116980822055,45
172,163.0,7.23646022842546,3.2008585227200825,10.384774257810054,13.080727015987119,45
173,108.0,9.564569574043755,5.74710979927708,10.38516874320291,8.780583196731964,45
174,185.0,7.3543074460027436,8.657210309006429,10.387061641583156,6.312215320533473,45
175,68.0,9.125240853852262,5.386514502747324,10.391415380098799,15.78787636854397,45
176,120.0,7.679077531189931,4.982522739858267,10.394920477205202,10.945280663139009,45
177,111.0,8.778374631606955,6.771337778089205,10.396626338553277,11.451308215055482,45
178,104.0,9.069205500175597,3.5972760960850403,10.399055286551297,5.247534738548835,45
179,7.0,2.052070107187398,3.331654377683729,10.3992156540323,16.093161851207384,45
180,119.0,3.630350497067144,2.6396713678408568,10.40241282500355,11.593587160419005,45
181,19.0,1.36128389138932,7.0753048562558005,10.403692067014763,12.530879093397756,45
182,121.0,7.827415052210476,0.5155998291870845,10.405457865214231,9.782815804257456,45
183,17.0,5.498242431331983,8.012060060520982,10.411133473522053,18.74845274610196,45
184,119.0,2.222463221861515,5.809639180125632,10.411788814020374,10.852662266350167,45
185,87.0,5.854306153027108,7.945319265538052,10.411979630461742,13.74499882077811,45
186,21.0,1.7541934124071845,9.438907382853255,10.418390875804306,12.058883799846534,45
187,129.0,2.5331933667239657,2.9729088421103667,10.421017476693185,13.76556830629233,45
188,25.0,4.443856878399437,7.057877330597222,10.421244423559108,16.239349245647258,45
189,148.0,7.588008485876681,8.807130994453903,10.422417474282817,6.819640420089829,45
190,54.0,0.5008609141790021,7.3145455828722525,10.438903635924595,14.17036235014015,45
191,25.0,9.695803540468194,1.1983229591845335,10.439556371185834,20.0,45
192,37.0,5.877972957793246,8.024376930482157,10.445359839547628,10.383567920908096,45
193,83.0,4.710987552429325,8.752784497909168,10.451039465339736,16.40081871855612,45
194,103.0,7.6608536404987415,8.0448013519236,10.45264903230931,10.983364569572458,45
195,13.0,9.092613946681002,6.63808834303416,10.455259755231227,12.57834922946535,45
196,12.0,1.898847826368013,8.27439233379057,10.459496634364246,17.765790290692244,45
197,191.0,8.195368624915552,4.904053283867906,10.46303440969814,14.924429422772471,45
198,197.0,8.019402346474074,6.190954818875669,10.470417988990329,16.702907856734168,45
199,159.0,3.480100518442455,4.063940741713006,10.471766482354914,14.909921098166105,45
200,96.0,1.6422238517986865,7.444692148729439,10.48049536857751,5.0,45
201,79.0,1.5945085421954164,9.817197797860146,10.489049273109673,18.234061543860417,45
202,177.0,7.1471756470215455,2.9612073046002587,10.490645169888035,14.13773096363201,45
203,145.0,0.7433179866776685,9.800073775541362,10.492255799696316,13.320343027500192,45
204,77.0,3.608544675239942,5.339861671445779,10.496610348396656,9.107150736991976,45
205,140.0,4.1346936225604,9.582665063990229,10.497023413972562,9.080810583156339,45
206,129.0,8.856752210988875,1.363017234258097,10.498360350176613,12.280925505619662,45
207,42.0,8.631170693545673,6.313509167731926,10.498718179267103,7.365562290040195,45
208,197.0,6.9429544091531605,8.47762385636098,10.499374246172334,17.106125924936734,45
209,54.0,6.375646855428606,9.450918506276247,10.503230500901225,10.903832156612639,45
210,12.0,0.4246384025682892,8.66393380376566,10.503646040872804,20.0,45
211,37.0,6.436201907607395,6.464131276491917,10.510216059475733,16.826720249029353,45
212,156.0,4.896190441309411,3.9650899627762284,10.513042452991517,15.47028458692905,45
213,77.0,1.253656196435995,8.402006559083086,10.524396689500222,11.872105571287978,45
214,119.0,1.3524275896488391,5.105878640910555,10.524852393255085,10.673294643123112,45
215,9.0,4.683266427991307,9.375736417434563,10.530906523217402,7.251111977664712,45
216,147.0,3.506621295462591,5.183485986475137,10.531716186503564,12.873622916129063,45
217,117.0,4.811076724393146,7.733012088169707,10.538628225960677,12.049134168967862,45
218,118.0,3.4081324331015086,1.9101218497984762,10.539622854695235,18.81212767143803,45
219,173.0,4.9864964500884925,0.9258995270694603,10.539921563439306,10.698483869732394,45
220,156.0,0.11568783482579614,3.6934956216085046,10.54175994717717,19.776522469302577,45
221,28.0,7.0240838673664925,9.345735750229098,10.542990268226655,10.554030641112348,45
222,125.0,8.3751414926274,4.844735639798533,10.54557552645911,17.711335131068065,45
223,159.0,5.6549730520709565,6.408462328964416,10.55000421218454,7.907477975824485,45
224,157.0,1.9296617506805513,4.874782431522592,10.55531812618299,5.588617800997823,45
225,124.0,8.48684697354426,4.120001833251038,10.557952476295652,11.107162765405043,45
226,69.0,7.8133694311443875,0.6096164472565491,10.558133779209594,17.36810717827261,45
227,31.0,4.919117877750951,5.471565532110789,10.558715185890348,6.312279573619405,45
228,176.0,6.001075701594233,1.2446579488110399,10.559618543734885,15.030417265207491,45
229,31.0,4.487325974880907,2.2743638911476327,10.563964870146254,9.235548294115986,45
230,195.0,4.278501507046225,6.121344579082613,10.564700553520227,12.601682934339054,45
231,7.0,3.9069860296417582,9.26399877761437,10.5656716992379,18.08235293601277,45
232,4.0,4.17144572604859,6.358460481306217,10.566835284276566,20.0,45
233,104.0,2.7340629450393026,7.88047836405585,10.567894361637055,6.68794107539891,45
234,54.0,4.5330444426883885,4.007909449844936,10.56812637459328,11.473073961527048,45
235,190.0,9.113515025488518,8.92459889652398,10.571611161385821,19.51250872012364,45
236,145.0,3.7498531293638337,9.411006906550579,10.572197730997159,13.484657917551587,45
237,97.0,9.370012656140808,2.400649632599908,10.57359651589299,20.0,45
238,66.0,5.682501918887715,2.5827014865885634,10.573969844729266,12.124729509987194,45
239,27.0,0.16437754386725345,9.82782403784324,10.580750583349188,19.52186545337324,45
240,172.0,3.775361978900138,5.706503834428029,10.580879482383857,5.645684693980133,45
241,67.0,0.06595573419583167,5.122769717246301,10.582144244294225,5.0,45
242,79.0,7.397104699471619,2.741986828132151,10.586198410114193,18.91814539534951,45
243,5.0,7.643348128534459,6.68650677435156,10.58798804546404,8.140344731140493,45
244,99.0,3.064772906306561,8.346769797527802,10.588415825106846,18.296291025686568,45
245,56.0,8.947148278156032,1.7797599548107934,10.588700408903719,15.25152976818467,45
246,110.0,5.013759395457833,3.4970110856941963,10.592842571254245,13.826261633251534,45
247,191.0,9.552132628144093,3.2549632424896835,10.593766492456703,20.0,45
248,16.0,0.18087706885486554,1.439110326480394,10.595363274325052,6.234139932313608,45
249,124.0,8.010857362196678,1.6887544992693693,10.597603394732522,7.134228728821787,45
250,66.0,0.9839859226459235,1.2651273284467368,10.598660318638789,10.91615310716798,45
251,132.0,0.8059272684742724,0.26244486992232696,10.60043003721708,9.903137622200221,45
252,62.0,7.420794122839406,3.4401865015388946,10.605004067562032,9.420266529183069,45
253,90.0,6.169609235874472,0.1866817556830347,10.605621652979348,9.631733646368277,45
254,132.0,7.549673976059635,6.890815882366192,10.61040319935346,8.678210376151693,45
255,21.0,8.434633370753328,3.020011603800498,10.612675413477104,6.881116568679409,45
256,72.0,0.8579344551294565,3.7806345843691345,10.613812464961462,7.38593638395205,45
257,83.0,6.437840754485949,2.0297237768405827,10.614676852346898,19.115343982483694,45
258,185.0,6.695227535636455,8.548784159750777,10.615294478608854,5.0,45
259,88.0,8.24816464620828,1.8103181181671935,10.617352218664083,19.094356797160614,45
260,162.0,2.0178154767243575,9.975015533375888,10.62274359422093,13.707314294205954,45
261,75.0,3.799837453907612,7.9937669818665205,10.622811323047708,6.957627803020912,45
262,165.0,7.252331603230623,0.263685333427911,10.624454052334725,20.0,45
263,16.0,3.988660806611317,0.8607107620767707,10.625335943318039,7.535779968464021,45
264,89.0,3.546679326966209,7.834997178396233,10.626947004409935,11.707174461462598,45
265,80.0,5.25005172062436,6.62849202768534,10.628695547138335,18.121188356792334,45
266,65.0,0.5113159247739574,2.527436577079606,10.630892773732038,14.409304337401483,45
267,98.0,9.818028220225163,9.146464080579547,10.631705351525934,9.834263394844562,45
268,34.0,9.454490938370006,0.31350184475328446,10.632206031726742,14.76793590427836,45
269,88.0,3.3953111694926283,7.400823814552197,10.639957512361601,17.547048904069673,45
270,130.0,4.689104851818136,8.324237819352568,10.642100750730078,15.755473885064559,45
271,87.0,8.546182519923946,9.110144386693824,10.646345373461157,13.209315617358932,45
272,63.0,8.089013005603071,6.556197354326399,10.647369722033346,17.93007194976194,45
273,44.0,1.3489746515210255,4.949192026351668,10.652394141282205,17.715880366718505,45
274,58.0,9.146027913502571,5.529008256947235,10.654913103396115,10.747233584447327,45
275,36.0,1.5955024484784441,7.843383560772322,10.656318094915212,11.116153705393444,45
276,44.0,9.24871341653869,7.238494386955521,10.659782507474574,20.0,45
277,40.0,2.130035818762174,5.251256551131612,10.660277243207053,5.240423972272135,45
278,6.0,6.441501246008949,1.6574033345657257,10.660452506712595,8.88714563076734,45
279,168.0,4.230008692984218,7.4502929030836516,10.663130956505174,15.515645232681875,45
280,101.0,9.833537811337866,6.691060596611157,10.665237575344271,17.37121545886239,45
281,53.0,6.303444918151667,7.406961657952448,10.665648341672755,11.582486983090162,45
282,113.0,9.419691857158769,6.171270439589308,10.668995181643936,8.690548062635962,45
283,131.0,4.937041049054401,5.038355374003791,10.675956047566926,12.382787958821599,45
284,104.0,8.496661088053099,6.91191086652746,10.67599955109365,5.0,45
285,131.0,8.235366941209957,9.11621766905182,10.676581189256646,7.9970047638901285,45
286,4.0,1.4841435968258554,4.217267956873153,10.679663081088062,19.602285108632827,45
287,171.0,3.9023516866693866,4.062475666735624,10.682817765971459,9.691497633359203,45
288,5.0,9.677866873211677,6.944166122606511,10.684865603284642,8.211055381404805,45
289,176.0,7.89922961159599,3.8234598191470126,10.689775064952682,15.761873690884146,45
290,171.0,3.3214413765269124,8.497583466191223,10.69015249672498,7.623009270393689,45
291,59.0,8.4067549156227,9.43241863738965,10.692005817601927,11.965438382018094,45
292,65.0,1.8358134806758564,1.821911222332021,10.693195587664821,15.689859840783358,45
293,0.0,3.6850391828589855,0.6182249654034178,10.693350304757312,6.750147827095951,45
294,128.0,2.3562775628554977,2.080716981913151,10.693538906589632,11.882782258762838,45
295,138.0,2.025600679344426,5.893347490979636,10.694229891989096,8.561867948849475,45
296,150.0,9.825045235234477,7.014137742374608,10.69901915149665,8.987319651254253,45
297,37.0,1.240093082251772,1.670336665042601,10.699624812174298,15.807340604565008,45
298,85.0,6.712085615338034,2.0442379066440406,10.700527407443996,6.627736075804764,45
299,89.0,7.210812763413564,8.952776943481348,10.706519236184945,11.208974009277789,45
300,136.0,0.12034815324227455,1.3062000954764363,10.709333321017446,14.123542179484382,45
301,173.0,8.727959651265886,0.7452296070706943,10.712759547971464,6.113357579370852,45
302,123.0,4.112530479513762,3.612505793832864,10.713141144546677,14.00635360218456,45
303,151.0,8.085549298754378,6.833435371697973,10.71365882640737,14.00571756332129,45
304,90.0,2.3935986522585906,3.9363272373679337,10.715252093661356,10.655096993983674,45
305,112.0,4.385984736023928,4.660535743531266,10.716679467663331,6.2225033194676005,45
306,173.0,0.6182981936420884,3.8831250047586208,10.721412851018059,10.050773463910378,45
307,172.0,9.358264668979427,7.236619282196818,10.723724608292786,10.595689278060764,45
308,12.0,5.153918224347395,4.135589323071555,10.724146064822571,20.0,45
309,75.0,2.260781752290298,0.3597364969938166,10.724212779431896,12.735887565820287,45
310,197.0,1.1361403974255613,1.5597910693528227,10.727799886401028,18.58297458149835,45
311,177.0,0.3149305347604614,7.807334832028542,10.73082319719392,10.44540296059906,45
312,142.0,4.923062374005278,2.8492723075647075,10.731799806087295,12.738423712205371,45
313,181.0,5.389968752847891,1.5186241091842734,10.734061061991325,20.0,45
314,186.0,9.821331800466178,2.474381151742616,10.742298180701408,5.0,45
315,163.0,7.19103004055309,1.366731383590658,10.748048920031735,10.711800433181867,45
316,176.0,9.121605496009476,3.304144709525808,10.748097854913368,15.669923420876513,45
317,22.0,7.11475057002065,2.0447472366303163,10.750299013762582,11.586722838712264,45
318,92.0,2.014499563312789,4.183372459970634,10.752115218817641,12.284069099093863,45
319,36.0,7.824083350258016,2.6095495777442546,10.752660798548197,9.633327188880108,45
320,198.0,8.8460668147657,8.680237210239842,10.757136174198589,11.506582430090367,45
321,175.0,7.930162112492182,7.746781034227443,10.757179784820355,6.792885627813706,45
322,149.0,3.54046545183645,3.5013975397859087,10.757308396949803,8.94457892350979,45
323,173.0,8.858301746052078,1.8347439313961689,10.759095332805815,5.219298037112841,45
324,196.0,8.091399403164694,0.6223930712405967,10.763307954118009,7.04218021706929,45
325,91.0,6.757685421486537,5.907022921040811,10.7642172100302,17.63748761575116,45
326,62.0,7.959899951401754,9.89319793474695,10.766396480092286,10.423933227255926,45
327,87.0,4.274293407717954,9.782291189500214,10.766811304580486,11.71651107088249,45
328,183.0,3.241067862278152,3.7444397245315155,10.766935851389693,16.817664757855574,45
329,98.0,0.16605105741537285,9.676311587593183,10.767523404646319,5.0,45
330,57.0,4.460588316694594,6.091285103376437,10.769015051248795,20.0,45
331,58.0,0.2845684969198359,7.161208901865981,10.773884366740512,6.237196029476983,45
332,97.0,3.2413109117931818,5.104807967433951,10.774883755630562,20.0,45
333,102.0,1.0811365755940838,9.330922872500963,10.775400158129035,14.902505202151556,45
334,27.0,8.023038390415948,5.071421952334765,10.775757035499677,17.496384402645813,45
335,138.0,9.831996427717446,0.38128178808144675,10.77642206738002,9.771042132703371,45
336,122.0,5.260218124724652,2.0276246357229057,10.776450362078215,14.916054950756074,45
337,29.0,2.7862014757761044,3.130960334946984,10.776617236405192,6.748960283197919,45
338,31.0,3.0271738804423864,2.4620005278220445,10.78801079719449,7.952319986715319,45
339,123.0,8.423656428557967,3.6845350572720115,10.796515037012902,15.027929720132859,45
340,67.0,8.73048275786972,8.648503966496726,10.796903726431534,5.959083793761236,45
341,115.0,9.636934535128173,3.8995894354309457,10.796925044472793,13.264154333711396,45
342,130.0,8.019094699754497,9.830243032524898,10.797677562510058,12.552916227814807,45
343,85.0,1.2571823292792483,3.581992235739265,10.798556416477872,9.44749257769159,45
344,137.0,4.139225155141535,0.9081039804867896,10.799867100960082,13.610863889924488,45
345,109.0,9.643090562840882,4.034084145899768,10.8013136585498,11.346021692808536,45
346,153.0,1.5995157893829448,3.806632669309986,10.803690929850106,9.480140197274562,45
347,162.0,6.40029064525529,1.5594700393856065,10.804391227675902,14.576253876114004,45
348,79.0,3.3037833071425826,7.468991628795924,10.807519750035866,17.774528017270306,45
349,38.0,2.2714860426811345,8.092303917375048,10.807676937079671,15.167951020870776,45
350,118.0,2.11500764814466,3.370791529934788,10.81001474646865,19.73773876088606,45
351,60.0,4.694733125606825,3.840805947209499,10.810634595730413,7.640403360366323,45
352,36.0,8.495899598415397,6.28740245659057,10.8124471621375,7.928794123092019,45
353,140.0,3.66392910315592,6.687642296629291,10.813573478033037,5.7842877563401744,45
354,61.0,3.140261097027187,3.594266048828204,10.815679597832844,18.194248431341293,45
355,17.0,2.918775693816369,2.652800198530112,10.821964897152148,18.58593401140364,45
356,107.0,6.062438228428819,5.838169570075963,10.822090808098629,8.945553769586716,45
357,165.0,2.6976133327922938,1.301936823064349,10.829600029809873,19.81918747864051,45
358,76.0,7.897259296955345,1.5347724320977085,10.83076150894758,8.744411340719594,45
359,117.0,1.150949898964757,5.532573392432843,10.831555863493854,7.823953380594171,45
360,135.0,6.553632525265715,9.531510766999531,10.834606176885584,5.231937508013308,45
361,152.0,1.88962461991808,8.033079972628775,10.840356468969652,13.25378710351058,45
362,122.0,5.767962113430665,3.687854969818188,10.841416548963876,16.212881574278754,45
363,24.0,1.674699958685052,8.173803955200354,10.841506540928155,15.358768394835028,45
364,89.0,5.662779046166625,1.8658516530271174,10.846273616785552,12.092733897177393,45
365,150.0,3.859255683177578,4.79449153936986,10.852453929751283,11.06343382273456,45
366,148.0,8.135218605058178,6.50425828541997,10.855189484127456,5.0,45
367,50.0,1.7338194582291322,4.774050614703836,10.856875282069481,10.429636184861467,45
368,116.0,8.490016038800011,7.3032731050939095,10.857136385875016,11.338411686747566,45
369,166.0,0.8439363301188108,7.105820035123403,10.857416567313068,18.725046248602442,45
370,133.0,7.635067088410295,1.9167685634615905,10.858195781123593,8.096095407417348,45
371,130.0,3.3496903493299546,6.506265890801969,10.858324633230485,12.578816123533265,45
372,45.0,1.429814234175928,7.138367821115955,10.862234481989168,8.45474072329784,45
373,85.0,9.432525046585447,6.281270861732842,10.865108702138711,14.88561872002667,45
374,10.0,7.769416245531396,6.380228763799709,10.865333115153222,7.6182232705452675,45
375,99.0,0.5668759895368891,7.253111408974307,10.87017660231962,20.0,45
376,197.0,5.538491304285696,4.248333124131186,10.871075718029424,20.0,45
377,115.0,6.826444214519778,0.7505471110941764,10.872050459320196,9.49205226741797,45
378,138.0,9.419435103574834,4.143005974127653,10.878168549201904,5.0,45
379,115.0,2.1099342262091794,2.948702313015964,10.885035083893936,8.200576935290808,45
380,148.0,0.9872020850276453,4.459644839448654,10.890890475860637,7.1140928527347675,45
381,114.0,7.55817196664768,7.279160649993278,10.896885486262631,5.008826207937646,45
382,145.0,5.022510574113887,7.582910828506658,10.902014976104411,12.344506193075842,45
383,170.0,3.0683492404089363,2.1794490090153418,10.905724946617724,8.841935200599254,45
384,110.0,1.0741024569582436,3.984006820853855,10.906182376738698,12.704840540203127,45
385,68.0,9.534838878779183,7.446829180800888,10.908875743557505,14.482221936959249,45
386,3.0,6.851087471671513,2.9220423234941375,10.91050431727977,14.465246043596483,45
387,109.0,6.924811342298776,5.074443245382985,10.922201760475486,13.765852092338578,45
388,71.0,6.130441902629827,8.907793351906866,10.922329352540675,15.79069061061233,45
389,31.0,0.5447524102502155,2.1167274883792873,10.92460014906972,11.337049837442121,45
390,111.0,0.06443468333892866,6.229898221062107,10.93021251751583,6.877422618303718,45
391,111.0,8.443956128393923,6.248432109337033,10.931146983713788,9.381949524702883,45
392,100.0,3.719046854117333,4.362988932311635,10.933184128947484,19.42312671010394,45
393,199.0,4.581277239804552,4.387679671562884,10.938467882933136,5.0,45
394,42.0,7.6671652381276525,8.445459513422936,10.938895005775223,10.464301358488845,45
395,123.0,7.172190950894763,2.04895304563796,10.940364757534438,15.139236959751596,45
396,25.0,7.141731373855777,7.778789113093407,10.940938516044277,16.818973041165204,45
397,17.0,2.7768190890666524,9.410288865053685,10.943233373067331,17.176181265608715,45
398,177.0,9.530951580921013,9.948126059744723,10.943477585613687,14.431348300481293,45
399,24.0,2.7022334404688566,8.345415154768691,10.94545235120038,19.578395979165602,45
400,64.0,8.231003749624403,1.7093004956661462,10.946821953894412,17.845322050478423,45
401,102.0,9.522739160313781,5.625986278378039,10.947158260460949,5.608348366846976,45
402,24.0,9.31806477603056,2.2731957784330827,10.947896221551009,17.081908258554453,45
403,71.0,9.191736082451401,1.759587380578208,10.954470656768168,8.915068037947147,45
404,6.0,2.6561485459571896,5.58301584616833,10.955847131445076,15.25961418521053,45
405,148.0,7.267366689403146,2.3375635089720745,10.957084500652343,5.893252210175136,45
406,81.0,5.518460412981523,6.155907193067948,10.965138502769657,20.0,45
407,170.0,7.9200430767443555,3.584177954324378,10.967890652074441,10.043329035331599,45
408,120.0,6.56520778593131,0.26883245418893087,10.969109079307458,17.81024873967194,45
409,31.0,9.60745032764475,0.7861314456603341,10.97022439647542,5.0,45
410,34.0,4.941310516117002,1.7038794870191631,10.971032946108153,14.959471102220556,45
411,131.0,1.681503640130737,5.450980290606873,10.978132432407318,9.872277959984213,45
412,186.0,7.742707799871847,2.2134045196632024,10.980157178396247,7.1909555640476785,45
413,164.0,0.1155959021842845,4.77095579371546,10.984214853388213,20.0,45
414,131.0,6.816930735439579,0.1175596472760021,10.98428422253765,12.531393201972485,45
415,115.0,6.598773471423493,5.449638147166256,10.98454664395577,12.071736931446967,45
416,168.0,0.5085642372867716,6.685945134616813,10.988189727571426,13.637196160150635,45
417,35.0,5.08515375310753,4.2558240214284435,10.992004455838508,10.60027076916989,45
418,120.0,0.3143015765021795,4.521331583398974,10.992672053854925,17.503473925369846,45
419,71.0,0.8881827082536009,2.142582623672494,10.995010248553534,13.836722958858777,45
420,26.0,6.8417034778923185,9.206460351784953,10.998044221063452,17.665878275931412,45
421,69.0,0.7324227976785658,0.8998963191982667,11.001713256365296,17.082465484939316,45
422,24.0,8.602657691267964,9.460062242626169,11.00188753691771,18.567245784206563,45
423,139.0,6.155671553361074,8.48647416268448,11.002022943317577,16.077545572611893,45
424,6.0,7.097970229664131,1.8236645201333912,11.002839364960044,11.237518676765992,45
425,129.0,9.48652576426956,1.6896961588122106,11.010045238722446,10.585397430056776,45
426,169.0,4.341821907396634,1.991309201974717,11.011253188934646,10.571621460928187,45
427,87.0,8.362952280365073,3.890397249259422,11.012211552759705,18.832535223419015,45
428,197.0,9.18116457123227,4.071444525267157,11.018167959264908,20.0,45
429,40.0,6.998707824812154,1.9393098079064086,11.019638049186991,6.820986910298386,45
430,128.0,4.608682715321388,6.038677779155065,11.025446441793724,12.478951450061313,45
431,83.0,7.612035997425398,8.729701242413611,11.025863648218857,20.0,45
432,144.0,1.4948352262156195,4.742355970098462,11.027550768742426,12.914962491741953,45
433,2.0,1.2108069360972407,1.49857494833461,11.029774391034904,11.552839612621144,45
434,14.0,7.9057729345071905,6.972412989411052,11.03355000417583,15.334776934476992,45
435,182.0,4.951382995084366,0.5217969757825469,11.038710686119703,16.10177857311294,45
436,50.0,3.783436903681503,3.316000307954309,11.040919271480231,10.583519761939217,45
437,155.0,4.578600840369646,6.09734643189506,11.0448544669277,5.169459550621301,45
438,163.0,9.078437719683969,7.597817940470643,11.044984595097144,14.085526509330645,45
439,49.0,9.019381275822301,0.6384744074763682,11.048120990244115,14.705727097112367,45
440,165.0,8.92899292650279,6.543842841473265,11.050955222901438,19.556087590213046,45
441,11.0,0.5056776329618384,6.955214114117233,11.051798034335839,14.948673245150932,45
442,148.0,2.6224688388785045,4.799634372236625,11.053072669239953,9.045702825988531,45
443,148.0,1.1078412863213927,7.618726402445874,11.053316332379042,5.0,45
444,18.0,7.121665339041263,8.315503542546566,11.057825897639734,20.0,45
445,79.0,5.901843203949698,8.053923428701426,11.058366305387082,19.45509852283906,45
446,20.0,4.17004566064648,1.4832445785768156,11.059261727148218,11.889700251964726,45
447,194.0,0.7163871848838366,3.3381024024744166,11.062667010678897,5.0,45
448,148.0,9.427811765303476,9.445400439950415,11.064893998301368,5.853554229475655,45
449,52.0,8.390564496394354,7.852925750705796,11.064926808457205,13.0758671437776,45
450,102.0,7.973841403062013,7.494304992754354,11.069403141382207,11.835046300857854,45
451,22.0,0.21963776142642666,5.162399987841802,11.069640156945493,10.154118116014741,45
452,185.0,0.8604556517420259,1.7715066580137007,11.070654534258225,5.0,45
453,191.0,0.7909549188583642,2.862998987070715,11.074655640925588,20.0,45
454,40.0,6.969973208791025,5.595806410081322,11.075284724709054,7.586800914826436,45
455,162.0,8.291526600744222,1.9783050504077881,11.077745851393288,17.5510428204889,45
456,95.0,7.929103006802306,9.756427796199837,11.07815232199984,7.278249656330756,45
457,167.0,3.1496254621061395,7.715458416273004,11.078994938316427,7.195901900952026,45
458,134.0,9.810847342675423,8.219971061285364,11.079354356840657,8.39147452323476,45
459,34.0,4.692780511323537,9.829020761679809,11.079522283726103,12.822041266762437,45
460,182.0,3.1812986649668296,0.1927761084196289,11.081648167064067,14.466660395100194,45
461,2.0,1.4904423026041924,5.742334536181946,11.097169665128504,13.612710148401522,45
462,63.0,3.8785814002035526,8.907925040405011,11.10338993741638,20.0,45
463,45.0,5.290156905699694,7.91711198770376,11.104208333261068,8.830510744432255,45
464,187.0,1.2612951522186056,9.17919045608133,11.104332354000562,17.859236702420226,45
465,12.0,0.4447050897189442,2.314449683659441,11.105169133486278,18.290925197392347,45
466,172.0,1.2984961591805266,2.247653296124522,11.109760930614568,6.850124102267503,45
467,136.0,6.243831421641158,9.379318008769285,11.110199454197133,13.313326695529168,45
468,148.0,6.720627142112312,8.825194350803846,11.111685075449605,5.844649176445014,45
469,73.0,1.5605919723395367,3.4194388684804435,11.114594817957805,6.717614737908189,45
470,64.0,2.8722236724491514,9.404945843985141,11.115369597444476,19.681767309790487,45
471,178.0,5.408830029501016,2.3875604038490614,11.123659929369481,14.220374750770254,45
472,107.0,5.8388607552560785,8.422861677619633,11.127028352635598,5.314491825340047,45
473,67.0,1.942552746625208,1.0323081561321767,11.13279187090735,5.0,45
474,189.0,8.18318220397484,1.5136899185909503,11.135151783772411,9.876619069532703,45
475,76.0,2.273684336933195,2.5058585527542143,11.136171886057541,9.369741127667556,45
476,147.0,2.273621582934041,1.55840592667157,11.136388419042847,11.989517542067833,45
477,88.0,7.527041444789639,4.7278367580672045,11.136921610535873,16.93607082567744,45
478,140.0,9.194907791430667,5.593120282493906,11.141123772528754,5.39955742978747,45
479,54.0,8.447091667152698,7.8702195345583075,11.141160032189369,13.196316129354534,45
480,13.0,0.813895156665938,3.575841395911985,11.142987207674434,10.190120275505443,45
481,110.0,0.4999030299308338,2.035177884938355,11.143712360667427,14.77926055899966,45
482,12.0,8.622043242862038,0.5136388245689105,11.146427312339739,19.224903361190933,45
483,54.0,8.036162570396714,5.4627518299765505,11.146893371951213,13.644617775828294,45
484,1.0,1.7464785691403761,2.653550458911762,11.14778319467208,7.638758281950288,45
485,93.0,5.347486222665088,2.03623663756432,11.157784236822021,15.46114733164805,45
486,167.0,4.9596618130168535,1.3889226333189075,11.163745150193144,10.570105961144288,45
487,138.0,5.161092329855901,3.492205547726448,11.164218618845073,5.0,45
488,192.0,8.851113316263051,7.715513817280732,11.164569058373392,7.324087410091399,45
489,176.0,5.088257018395211,8.989290568210018,11.168810912479238,16.45027872826,45
490,83.0,8.930353404422275,2.333502549522517,11.171929555508619,15.908809806315475,45
491,184.0,5.373764473487979,7.66441698415827,11.174899843593979,6.847119403738177,45
492,157.0,3.5682681846825948,6.586518558565276,11.175714106957713,8.778825193073887,45
493,41.0,7.839140930666795,6.854822224122971,11.180523732748973,18.184539490457883,45
494,146.0,2.0868042277462684,5.407878738633325,11.184400068646461,15.055316493750558,45
495,188.0,5.633582073848316,6.777339177194439,11.18484648259199,16.856274919772048,45
496,163.0,7.698056600982401,2.6780594881966024,11.186476346515633,15.107767312771688,45
497,4.0,0.7948716736946082,2.9262885801284133,11.186842315988487,20.0,45
498,168.0,5.3330636564084095,9.723775529910336,11.191913663339527,16.2942216040467,45
499,11.0,9.999569543687702,6.912053301340548,11.194357405682164,20.0,45
500,17.0,3.0320590586042426,1.3378382335099381,11.196920166745706,17.546139818471122,45
501,42.0,2.9545121612180103,2.1678744763573974,11.19910456220479,5.0,45
502,175.0,7.28044929824351,7.422922235824645,11.20637860943463,9.167939806757946,45
503,128.0,6.825855542823355,1.078001408957271,11.213965738210494,15.205963895539048,45
504,5.0,6.521244866200585,0.6811773157515111,11.216789855765292,9.22769069199929,45
505,180.0,4.324468197786703,8.930530090127695,11.218009959733346,13.08783828644228,45
506,177.0,5.0942934879038,4.119424885701316,11.221054342012188,13.571793598822408,45
507,51.0,3.485884852106306,0.5076270881354272,11.221140758763475,8.103351626328967,45
508,100.0,4.511541176142554,3.11609804026884,11.222701047658633,18.208105768898402,45
509,53.0,1.2157150667456507,2.105211675231342,11.223620427555081,11.813037438497528,45
510,184.0,8.874006902564439,2.352269530200255,11.224741421653922,5.0,45
511,97.0,1.8577246264277503,2.5601244520926922,11.225148821386538,20.0,45
512,2.0,2.3844256172009537,3.1599307469688243,11.22653577904747,12.643328106021823,45
513,87.0,4.040926765704476,4.431875408939061,11.227107544458846,13.964966439623606,45
514,11.0,2.111944308545813,7.859427953545497,11.227831079859971,16.114633725931064,45
515,63.0,0.31297527045951123,7.187533489164817,11.228807391554788,18.781649115610694,45
516,77.0,7.19605849610663,4.770852951627721,11.229936082054168,13.933462280667307,45
517,176.0,0.7188916566587034,2.789775891316663,11.230350378733617,15.38579769548745,45
518,73.0,1.2999658522380697,5.7910962986635415,11.23297902942908,5.0,45
519,184.0,3.444546884411791,1.8289915509320143,11.233218911797382,6.909705400180299,45
520,111.0,9.412505903636578,9.599603517046878,11.235591349869413,8.62135521435571,45
521,66.0,1.4529774964392572,4.9907064779969215,11.238155024588592,8.546673328076782,45
522,30.0,0.09508440626230019,9.253520864850406,11.239000336844478,18.878346443056774,45
523,90.0,3.602261306239567,3.892035936996703,11.239105713232991,12.203717467700764,45
524,181.0,4.600787512678252,0.8123489533081973,11.240536086423518,18.369646532776688,45
525,128.0,8.865250632332176,8.506333988486587,11.241173249748943,18.979636625533974,45
526,186.0,9.902767116879037,2.426566515933084,11.242155364073572,5.0,45
527,174.0,0.743024338048196,5.7829685875537065,11.244142968811317,10.611745820110022,45
528,18.0,5.0848824984072,7.4296904163416135,11.246696252971768,16.16833102612805,45
529,178.0,0.9205348062611862,0.23100073251197895,11.24725315106711,12.520359861089645,45
530,68.0,7.014349374523279,9.780749641821293,11.248951250497099,16.933155175321946,45
531,14.0,5.958017879498584,9.686572921718634,11.24964829504345,17.73256575162028,45
532,175.0,8.825776091089898,1.4349008867816393,11.25202063442899,10.238860797679758,45
533,186.0,2.3347514048902895,5.637737735509698,11.252159359906727,10.609622858630921,45
534,188.0,8.348314310951553,0.9773923530627415,11.253445255478471,12.094502805295651,45
535,114.0,0.5372428475893865,9.354735436570486,11.259071743295724,8.781305438185486,45
536,40.0,3.1255441720335453,8.358578538080288,11.263110222364148,6.54662625287624,45
537,66.0,4.3407033120414695,9.326209067701681,11.26351429907134,9.048614784507338,45
538,184.0,2.8498077978026304,5.149052945027504,11.26476321794968,10.404631623183246,45
539,180.0,7.378861824162857,8.97881664587623,11.26538366501553,12.44964381837996,45
540,70.0,0.421371607295562,0.545857802130234,11.26709855171968,7.0114766500127805,45
541,59.0,0.9659458164086809,5.365957002772154,11.269225555146626,11.42995772068331,45
542,4.0,7.740609747685232,9.08277329851757,11.271069454905287,18.485824280487527,45
543,192.0,8.537414987165386,7.137626902906568,11.272800262077997,5.744254133590273,45
544,41.0,3.3827363070054406,3.660829880795199,11.274948501634725,19.46872606367213,45
545,98.0,1.6612873791121108,5.2745404767996975,11.280549319813648,5.0,45
546,12.0,7.6600445565701625,2.3574366615006848,11.286909683206225,17.458375444403277,45
547,130.0,5.034347830880167,6.124399954059248,11.29634748989895,14.060374835143262,45
548,140.0,1.8315841143884015,8.415757055795542,11.296818057884915,5.0,45
549,58.0,5.601321417080348,4.634435559955775,11.303990760773669,9.285008327066915,45
550,95.0,9.405862283227775,0.09782935793835268,11.304892442284032,7.126012961409394,45
551,111.0,7.906333788384025,4.789958788445894,11.305218778645319,8.145969556362463,45
552,172.0,6.95020955319429,3.4091159745303115,11.307020102160777,6.724589864972011,45
553,29.0,8.984260030279893,3.4049076477761817,11.30935173022693,10.025063223523109,45
554,195.0,9.593799067421674,7.853098424564885,11.310267956842175,8.932663894743136,45
555,121.0,9.543973582669928,3.6619624955364207,11.313891670653547,11.129313355578903,45
556,115.0,0.7617989296243399,1.2015923641919313,11.3164809636563,13.37192462171255,45
557,156.0,5.145427992344311,7.756570117272544,11.318583636822412,18.29916756740756,45
558,172.0,6.816973929198892,2.140670631196363,11.327326735660357,7.641357210108554,45
559,40.0,8.493042826041833,2.4441956117589694,11.32744984278746,6.440162978965877,45
560,98.0,8.283945173701614,1.9889450142980425,11.329051424272516,5.0,45
561,2.0,0.2821368631276222,4.669467566833231,11.330958738721563,10.349723735123783,45
562,170.0,8.02256928083144,8.188289911033042,11.331937767061728,8.552163283736736,45
563,15.0,3.166944436897041,4.322871049442034,11.33276857866983,8.412649079759369,45
564,155.0,3.324970883281251,8.223697009091719,11.337461425790753,8.52568698889051,45
565,157.0,1.5364932847802315,3.4074787125338224,11.338118852434825,6.60204164743678,45
566,173.0,8.615252545027571,1.0660104488968813,11.338987757598897,6.517005967847154,45
567,53.0,8.465505516384578,0.10241420990566574,11.33963115275274,13.157402811183083,45
568,158.0,4.690915041293078,7.392168297482733,11.345199366473539,15.860614237442297,45
569,129.0,4.658476559532664,1.6626018096705575,11.34765213293463,18.31812401944731,45
570,147.0,6.87317448389289,1.8132969277631494,11.348632591867128,14.956495120048466,45
571,182.0,8.520088935722436,7.392864055762207,11.349284940435828,11.09179483788326,45
572,8.0,4.186370531345387,6.910778707795568,11.349597231536375,13.832460677573351,45
573,166.0,3.037976968060919,1.1721155053034626,11.352766385554348,16.26303787298403,45
574,177.0,6.945191246504664,7.264441309409619,11.358765270527908,15.70841111339153,45
575,68.0,1.4011767066254355,7.335272119014413,11.360117909402284,16.897017279639044,45
576,151.0,6.036898033430931,9.94365247947713,11.361444235248518,12.53226557899501,45
577,133.0,3.2072583832736834,7.410286237117965,11.36872453219397,7.831562108070573,45
578,138.0,5.231171981909752,7.955515739484163,11.370800270106198,9.229931129419823,45
579,89.0,1.0161255459876384,7.617522660360172,11.373788061614686,10.269982860615208,45
580,179.0,9.821114052949799,8.750892674500069,11.376277392055798,12.315905151816338,45
581,100.0,2.974862511031465,7.053696122492102,11.377551603977968,20.0,45
582,122.0,0.7366599864991763,8.048540948948173,11.38194881666455,14.317380906806743,45
583,49.0,5.42067322959314,3.289614035818836,11.382709855715161,15.012915478977254,45
584,140.0,1.5524052887455475,0.14281164597328755,11.384616603542726,5.0,45
585,96.0,3.51063823008423,0.03629750059712,11.387342658308977,5.273436519816345,45
586,122.0,6.168083012449848,5.91653160333335,11.387733736778392,18.55641390891897,45
587,130.0,6.845128492021847,1.0389775786308797,11.388851280144465,11.960064574682045,45
588,106.0,8.44875928056857,2.8677253075209928,11.396834213988951,10.141786579440012,45
589,135.0,4.7847062087216745,4.27588073647322,11.39872737725021,10.791435814324824,45
590,182.0,4.744451577070307,7.479102774734984,11.399565783881645,14.741727789057881,45
591,6.0,7.649583948988818,2.186824288189564,11.40036799771568,12.314883787826409,45
592,4.0,5.294429025956713,3.5033826092312625,11.400698084929084,20.0,45
593,82.0,8.641128075237583,0.9583822906525286,11.402880863381867,10.13205431528954,45
594,63.0,1.0724503497735327,5.0559525200523145,11.403858828188655,20.0,45
595,55.0,7.787485664991051,5.7522722236743595,11.40467750757504,10.73450391075543,45
596,137.0,1.2014136760359884,6.403510122741293,11.407361773605341,16.89179865141245,45
597,182.0,0.9369282119879507,6.670464163817288,11.412787604114666,16.11579071726452,45
598,121.0,0.5956361534043497,5.891393166015771,11.415449773841932,8.95410889947505,45
599,62.0,3.018950224328638,9.033021660929643,11.417005292423925,7.206902754528154,45
600,94.0,7.456902931148372,5.285362063310076,11.41754541800598,13.267307598419693,45
601,45.0,0.19174541253784483,3.7583119643778087,11.419617055074559,5.7665370393949305,45
602,127.0,5.4513814663536255,3.654230441052607,11.420980470111182,9.134668157324992,45
603,166.0,9.674990807248545,7.2838443435347,11.423927373694465,18.75930657688007,45
604,102.0,1.4737662853420197,7.5423209155827475,11.428255653917693,9.882442953778007,45
605,179.0,5.104530176243732,2.7964137902915165,11.42885200881423,15.865282648441298,45
606,68.0,9.078899042221144,3.029948563871756,11.429362034483812,16.3485341839358,45
607,133.0,1.91869342861256,2.8787001212411556,11.434370434564933,5.299473424757929,45
608,30.0,5.580505753998181,7.839097675860927,11.436932029734304,15.751090959154144,45
609,184.0,0.9560993919274086,9.921757952986017,11.440838930656355,5.0,45
610,70.0,8.604796962258387,0.7959493366884041,11.443187463865595,5.212013214760985,45
611,155.0,9.92458427692047,4.097452194995819,11.444065144419952,5.229444862419704,45
612,130.0,8.677790348189967,4.764851184424968,11.444085282916625,14.391516151130183,45
613,16.0,9.80627391425721,8.513186031435588,11.444133399221876,6.529550004916537,45
614,117.0,2.4519327590948867,0.8624615636140254,11.451997210144796,8.534605427910327,45
615,27.0,6.245849045552929,6.948777063858891,11.454069510731124,18.488636698391947,45
616,116.0,5.0421554269746585,9.746719713796505,11.454439328460312,11.638086929866411,45
617,179.0,3.648122547552645,2.6864750555372527,11.456129883284346,16.088826681476636,45
618,96.0,4.422161542436137,9.872867755832976,11.457343203545637,5.4526962146235745,45
619,81.0,0.5514118167504456,9.560345626220949,11.45899968503489,15.102698932535143,45
620,182.0,9.319531227123077,5.047505312658066,11.47214147624758,12.568586632214107,45
621,198.0,5.33562966824467,2.3058710013537755,11.472468392047684,11.524523026673952,45
622,165.0,8.743051151014157,1.2068658260739462,11.47407974628525,20.0,45
623,199.0,2.3023585330987464,5.921207196064159,11.47512145783174,12.380022379206537,45
624,162.0,6.058511373295761,7.011965165777209,11.47564970235552,17.312873988944595,45
625,112.0,8.4178824982537,6.957129179290505,11.478652144845574,12.950609417827884,45
626,180.0,7.954061289844874,1.296914631884889,11.479407129428953,14.197038572527617,45
627,65.0,0.9684617251055128,2.2488700967955513,11.481315440662492,18.910440500464187,45
628,135.0,3.351422654605789,2.6847421080820286,11.482797848818914,5.0,45
629,152.0,2.0796113190420327,6.401597975823332,11.4871187158866,13.431828654971088,45
630,113.0,6.405099265283413,3.30150530054244,11.488521990812371,11.690479433001638,45
631,122.0,6.660276828463733,0.3089923293686503,11.489948899085771,15.0714434148932,45
632,174.0,3.6419422039623797,4.122251357485924,11.49605746201842,14.917280420774858,45
633,55.0,7.403683677969792,6.4450707845117305,11.4990377288876,12.982781897700741,45
634,81.0,0.38515592306683555,3.964085032994238,11.499478793008217,19.639926010748336,45
635,108.0,3.799089337238306,3.5072978417986302,11.502646714201976,8.65154029269511,45
636,59.0,0.8858397687915753,2.3064237038358604,11.503131958623264,12.68141441496039,45
637,92.0,6.572446464869294,6.96448461207293,11.506042525158417,9.800736076483386,45
638,86.0,4.523793051846341,8.555481733362582,11.506786943647016,6.493012401903187,45
639,183.0,3.009363017523957,5.165978711706472,11.509258285338234,20.0,45
640,144.0,6.934892468921299,3.1140978901783303,11.512631307428883,14.966157135768379,45
641,176.0,1.0401041358786844,4.845492814815663,11.51521873507587,19.277468331702593,45
642,123.0,3.9444548229478182,5.713138383162337,11.520422140415977,15.109113848874237,45
643,2.0,7.471991062647437,1.2072229026313974,11.521498145931787,11.227336669096829,45
644,81.0,7.144034889436188,3.571011836255238,11.522033200725888,17.78310565002113,45
645,118.0,2.1042421025711477,8.759420723638627,11.522719371797331,17.21699761963601,45
646,93.0,0.894873512595683,8.852851180120224,11.523808708705708,14.511866492742035,45
647,30.0,1.7042085075530022,9.723170595093332,11.52515488262127,15.177626734444674,45
648,16.0,5.528731197953151,2.131819246598324,11.527017757407469,5.28897508158172,45
649,119.0,5.7792317080992275,3.7431191618373627,11.528433681374572,13.263405668786934,45
650,97.0,4.826551918134535,1.6907173891377858,11.528453853930397,20.0,45
651,5.0,1.2786857716351363,8.956528458560607,11.531227699781697,8.047499287791217,45
652,4.0,2.898938662071422,3.6425886406905263,11.53291316251227,19.205247807158234,45
653,98.0,1.6299430786124447,8.940597549281154,11.533972802183376,5.1580121082096815,45
654,155.0,0.3193659352528555,8.337531729116298,11.537207343525766,5.0,45
655,84.0,2.7926833220533065,3.1587628089197106,11.538597858548659,7.880802852216442,45
656,115.0,5.388591777677273,3.9519239778080726,11.53932126955079,12.172471316641886,45
657,194.0,0.5403867876762769,5.375173918518408,11.539981912034806,5.0,45
658,189.0,2.2950834150598176,6.469851993780379,11.541162419925909,8.626725756684499,45
659,154.0,5.26284558577656,2.6707107599928115,11.542047742014516,5.0,45
660,87.0,1.569366843622626,4.3784576669477335,11.543041755175281,14.182162636137855,45
661,89.0,0.6607379051115492,8.609836991782394,11.550685601232992,12.798636481019525,45
662,101.0,2.12893404817295,2.9195498693876942,11.550950169694275,15.777417763885627,45
663,88.0,6.703536244885746,6.206533912462312,11.552307680531575,16.484991500835417,45
664,15.0,8.389448238513177,7.620361211967013,11.553563161726613,6.233817921510354,45
665,106.0,3.848577978941905,2.6300484397436543,11.554943969008956,7.877371902055346,45
666,23.0,4.879359049157363,8.185217136282507,11.557701533981728,15.195440901135205,45
667,15.0,9.545843338205156,6.224464595729414,11.562671391497664,7.929655343689287,45
668,26.0,3.438079649726146,9.15079070799875,11.563780194924316,18.001245484843658,45
669,176.0,6.5467608461611215,7.335341222147587,11.565416919323416,14.786920636125492,45
670,111.0,0.32524495597900493,4.546528518150494,11.566719640717896,9.734235700539871,45
671,152.0,4.981314551193417,7.65343755695917,11.567462228563516,13.691125161624212,45
672,32.0,5.546007949220945,4.6622755026709575,11.567493796919097,19.35058643449958,45
673,197.0,1.0900073617405193,2.5568944375659717,11.5684372238318,13.728911224803138,45
674,22.0,9.033340638140043,3.2937507529745638,11.56996514288263,7.059133065167442,45
675,157.0,4.404106437417473,6.402928474191077,11.573406830402575,9.10314959450003,45
676,32.0,2.6725687968213596,7.4967221871704695,11.574254797064537,20.0,45
677,114.0,0.6329245539572814,6.4052848139659355,11.576110310020479,8.509493545511006,45
678,55.0,9.562306567305257,2.3963443024434294,11.580070356072852,13.782970715771983,45
679,107.0,2.44967417913339,3.2399263797218616,11.580321261664462,6.545656880585079,45
680,4.0,1.5836118428056967,9.539531631162756,11.589572808078294,20.0,45
681,164.0,9.731848541436628,5.312821954862166,11.592286980133153,16.207539813899196,45
682,138.0,4.443912383212123,6.771912172405029,11.592575845831329,7.272925980501309,45
683,119.0,9.905613827449942,9.017882289711613,11.59286357237917,11.59003827287188,45
684,97.0,9.367176965476267,7.963287278252187,11.593913253306583,19.798837855200837,45
685,79.0,7.514436634410435,5.736586863224966,11.59598304489567,19.595535136859787,45
686,155.0,9.239999711373635,6.315869827026801,11.596048251851894,5.208710826633407,45
687,0.0,3.508695034798609,2.090175948372197,11.59688955950601,6.756259615376367,45
688,186.0,2.9351383994769953,1.4376530863868364,11.59729933247981,5.18617417304789,45
689,159.0,2.9827779054177683,6.233135672863879,11.600133607796444,10.574893901175653,45
690,51.0,0.8210830791485846,1.9556135874150082,11.601106926546139,5.0,45
691,166.0,0.04162189922499837,3.3782762916770848,11.603390627513981,17.20075787633409,45
692,52.0,6.48918754506992,7.747345009319356,11.607311953640219,17.978557837439773,45
693,97.0,2.662250253265598,2.5942913742305196,11.608231548949105,20.0,45
694,140.0,6.420885411412181,7.018804190664878,11.609435472517482,12.196930121939921,45
695,140.0,9.943441856600522,8.892193754279237,11.61371435294336,5.0,45
696,65.0,2.22969888042847,7.527529106799715,11.61658877043671,19.770434560845864,45
697,175.0,0.8142208173004839,6.3379519802963245,11.618995463363596,8.25671651167331,45
698,35.0,9.880546239232883,2.4260461471957306,11.620961754709128,7.948908781662697,45
699,120.0,1.0539591202372756,4.988425392460298,11.62267741760694,14.584738456655494,45
700,14.0,5.996975681959911,5.889397385232177,11.627293392896057,14.862759526600636,45
701,116.0,8.724865152583925,7.021869956829773,11.629468564767246,9.615215269892868,45
702,173.0,4.457234386234473,4.816985484531912,11.630927467717939,6.768189354002538,45
703,94.0,2.9414419608587314,2.8756396249487226,11.632432480061878,12.443871653505175,45
704,126.0,4.832274150119079,0.18660804480701954,11.635327658431802,11.716989311020837,45
705,180.0,0.679142590835673,2.652052885702336,11.638803120439604,13.356264616450174,45
706,8.0,1.9295460064818837,0.49640921616318723,11.648257043895757,14.031399582920267,45
707,134.0,8.913018760562242,7.7056023296583875,11.648731457350493,8.8698833568296,45
708,190.0,2.8940364101525584,1.8842689155674441,11.651556812780337,17.691449930187975,45
709,17.0,0.436516130477842,4.9928894891155,11.652043171132078,20.0,45
710,194.0,6.289776464704037,9.456647634298633,11.652809186653704,5.977059239983842,45
711,144.0,3.423209554814286,8.688583207559661,11.655286439492162,10.827315858051927,45
712,168.0,2.322116618922574,9.535987193653256,11.65637098235964,12.298056601619308,45
713,63.0,6.43226604545689,8.768179403222923,11.657358149613895,19.511471065996556,45
714,101.0,3.4416002961191197,8.749783198369464,11.664854934721332,16.75418399484134,45
715,34.0,8.276942370111463,1.3947450778385084,11.6669730789224,17.232213659610295,45
716,141.0,9.075139783630291,2.1572989925019614,11.669920130895541,10.900512014745381,45
717,160.0,3.9741912695734696,6.725636866064791,11.671147238660152,9.503850728731267,45
718,49.0,6.671916811199773,3.1463230706688847,11.671560272885209,13.131870002023096,45
719,43.0,3.059626767418595,9.466842313982974,11.671670400073095,18.86677672890822,45
720,187.0,8.44811694957801,1.7515099442465631,11.674034660203652,14.396890030072047,45
721,96.0,9.02202323166816,9.62593621551797,11.677323591257714,9.133260512382497,45
722,144.0,1.3588154722685541,8.781171606848543,11.6789481147713,19.11337789991372,45
723,56.0,1.2837115309716118,2.564038064873558,11.682948137946523,20.0,45
724,26.0,1.3880668399252027,5.70415381208112,11.690847324255802,15.023079709680676,45
725,188.0,2.3187516957049725,1.9310876582212855,11.693173557147103,14.792470141776645,45
726,4.0,5.594862576265114,9.336785863468288,11.693992398364356,20.0,45
727,166.0,3.9113922832932166,4.895316389710306,11.69533659130607,17.720855572593788,45
728,131.0,4.001691234605622,9.331014872916123,11.696288498660545,11.071874349863,45
729,10.0,5.769107997448797,2.8464731446147273,11.699406939839406,10.23195484432269,45
730,197.0,5.249052267772668,5.921402568364346,11.703618078372456,16.766048971301025,45
731,24.0,8.347669737641406,8.43773455958029,11.70384664628129,20.0,45
732,190.0,7.748830195529241,4.060949951030763,11.70757094557581,20.0,45
733,1.0,5.839629014162215,9.83733630623844,11.707875428387599,10.259322396438451,45
734,159.0,5.542290944043589,6.169203282775012,11.70815703258615,9.567878080051884,45
735,106.0,4.608953568281512,8.53884876985432,11.71216937777425,12.065470372041212,45
736,130.0,8.154909784791611,6.72671564275822,11.713891541828403,11.162145894943746,45
737,79.0,2.509299415778524,6.628561548999538,11.720201848644656,18.38243159068268,45
738,90.0,8.607031729096029,7.392745031551632,11.72074444013071,13.719680348609295,45
739,101.0,5.810136793957835,8.566101550765934,11.722188499339143,12.917570040085849,45
740,79.0,7.88940003069027,1.5338021757787612,11.72273345868854,17.947623668138963,45
741,175.0,0.7910933927024488,3.85119634986491,11.730339770536085,8.1608734386628,45
742,36.0,3.385942489874317,0.7364926246171055,11.731195584867748,7.871658554158644,45
743,2.0,2.968010781155954,9.344685596548446,11.731710408659236,9.0606223803593,45
744,186.0,4.027086940103501,1.167618995495543,11.740170019869383,5.766884526787166,45
745,108.0,8.661624909794813,6.841498967914552,11.740519260030247,5.0,45
746,85.0,6.48126516428098,5.150016399485732,11.740784735685082,10.064149903076908,45
747,151.0,4.68811372400742,8.963962191148232,11.741379811091686,14.232677709305483,45
748,6.0,9.623563304466362,7.284985766407713,11.74366704527229,14.411240427970771,45
749,186.0,4.568845557225049,3.721816012132959,11.748463029870447,7.3809388910527565,45
750,105.0,2.184306246489325,7.284863549412298,11.749995132810115,13.288211955217346,45
751,140.0,1.0453037417734024,8.048294019470411,11.751064888421745,6.485988897830337,45
752,50.0,3.602492467095608,4.613536422335595,11.752316531787972,13.261479383664051,45
753,63.0,3.902122410622133,2.86559217861702,11.758685691777117,17.824309763347394,45
754,43.0,3.0828584707951947,1.1217119548074106,11.759369341397566,20.0,45
755,128.0,6.640077292676548,8.510270328448073,11.7595864831981,12.615614442907592,45
756,87.0,0.9731182719133791,1.4059517570820057,11.761351852464779,14.075323683392394,45
757,109.0,4.280805124787794,3.0363898280912816,11.762114473779942,15.820819617398893,45
758,171.0,7.312166522248189,6.4610888447165955,11.764876682281201,8.181031152964714,45
759,9.0,2.096416638575799,8.856115980123354,11.766646068617435,5.127631732829231,45
760,62.0,9.701396431949954,0.1543748806239731,11.766724892926204,8.434367952973586,45
761,66.0,1.042800828590188,0.9146378010995282,11.768233192200864,11.252286108648256,45
762,148.0,3.3403442887927595,3.2441023502380295,11.769626050530587,7.831629168627962,45
763,69.0,7.465109329889849,4.195149458548951,11.769647258639342,18.018996261448258,45
764,9.0,6.830560614565807,3.882759797060824,11.770286010128162,6.5061330632201795,45
765,72.0,7.3860478857375,1.6940247508143536,11.770412068714759,7.2421293438036285,45
766,158.0,3.3845650831052945,4.791701307478927,11.7725442653813,14.074024616476594,45
767,27.0,9.067234503062496,0.36371417752842694,11.773077301195446,19.18535224888981,45
768,105.0,6.972685098922165,9.592434679225741,11.778025121550423,12.690395809100727,45
769,52.0,6.274726631699768,0.5562407688505944,11.778427890356793,15.632924673504546,45
770,83.0,3.138305060445157,0.973466781281449,11.780324047474203,16.0907479958384,45
771,8.0,7.2999253170034715,3.256850399555357,11.780539494417715,13.83528122768294,45
772,81.0,3.2529639264427015,4.314703176655602,11.788032347509175,17.049224426157515,45
773,113.0,9.485291604654135,1.3687172057614638,11.791614389722493,8.746342345706811,45
774,191.0,2.1859937811150854,4.8699135662337545,11.792182243659223,18.9727713082177,45
775,107.0,7.786117464169592,6.024534673551109,11.798999537721397,5.201896759116583,45
776,20.0,8.092241913586461,2.299047556094739,11.800234556192764,12.690555139790575,45
777,150.0,5.453919617484793,9.309848765087553,11.80074149445862,12.969547801419756,45
778,60.0,0.4254736947961413,7.167327311405849,11.801606149960307,9.243947147710738,45
779,165.0,6.97829228491301,6.13586414545251,11.807255135101236,20.0,45
780,9.0,4.4769703906741345,7.006839368098108,11.80758230191207,10.408090589152039,45
781,150.0,5.9404731996892215,2.678843051581541,11.8164540551593,11.988355448733754,45
782,138.0,8.17168086777842,8.49048220164384,11.818832459052082,6.601325779794617,45
783,118.0,4.656439341364895,9.914794014994103,11.820077686520376,14.670457094283345,45
784,148.0,9.667586933994016,7.299429351068216,11.823431248616142,5.0,45
785,61.0,4.600520791287783,3.411205134067475,11.823910737336128,17.898470089773912,45
786,56.0,5.782711449032015,9.834345037961917,11.824073849595967,15.50545215440895,45
787,179.0,2.461156854052332,5.761604110154803,11.826958775084286,18.974004870938533,45
788,195.0,0.1703690378558964,2.3509099399646405,11.830676390435741,7.006832016623289,45
789,110.0,4.125640550117687,2.8034183938222776,11.831952333222702,14.16477992334599,45
790,118.0,5.282060675278299,4.885133627078973,11.833404411238497,15.940630676804654,45
791,14.0,4.619667650443613,3.168442264953246,11.837536832919369,18.248861820333726,45
792,48.0,6.527868089091818,8.078186605719775,11.841294940523735,20.0,45
793,103.0,7.370633015859539,9.550997953259643,11.841738004837481,11.600359773460513,45
794,54.0,8.16204995282764,2.9048397927665572,11.844949951190683,13.230113871655298,45
795,179.0,2.0310848572394855,4.477881709166898,11.850409254511854,13.834432913579565,45
796,118.0,9.069642293499605,8.71872119269377,11.853524326641589,19.092419447294702,45
797,81.0,9.311829275410803,2.1453583637855713,11.853856297475035,17.33885317220428,45
798,54.0,5.409657645403234,2.4019333509286933,11.855290440844499,9.133290111969847,45
799,3.0,3.0074635652914905,7.157283697393596,11.855800744055363,16.92860980312434,45
800,170.0,5.825838630980549,7.648764855911764,11.857493632081491,9.507256169332578,45
801,32.0,1.7107439598517082,0.8471946532761643,11.8626571335902,19.48944272437228,45
802,10.0,2.240206676112021,6.965456220661786,11.863756241760477,9.302390832105772,45
803,56.0,1.3533981400838924,3.741627367468945,11.86614836894844,17.18617702027606,45
804,167.0,4.761399855903964,3.6130992582048616,11.866198574862711,7.958997722238301,45
805,120.0,0.4682810871094256,0.17136570088211345,11.866784765306445,17.845982441224958,45
806,173.0,0.3366320416963331,9.266428388329595,11.868102553170852,8.532701841264052,45
807,136.0,1.170278998269365,4.842301693979078,11.870568370357669,12.991851135523987,45
808,116.0,5.366930697557386,0.8367436213987012,11.872437390461297,11.04398016271345,45
809,44.0,4.015673228999893,2.409498865244526,11.874127965291848,20.0,45
810,181.0,1.1450660376010757,4.6107382499364755,11.875419216361308,20.0,45
811,66.0,5.36718349111983,1.2661579518114674,11.879428395634715,5.47664859574852,45
812,153.0,0.6797053618955284,6.103183314259706,11.8796612436857,10.573434442654246,45
813,89.0,9.149117780819513,5.3727959580782505,11.88175515367949,12.066021559729265,45
814,106.0,9.567420381914411,7.832511645716713,11.881758163853844,7.924823783615301,45
815,76.0,0.4643406061466637,1.1753462053694197,11.883007264446725,7.20847282082038,45
816,196.0,0.03523886410120469,4.645221814079184,11.887779618759701,11.450252627512484,45
817,117.0,0.4891887166236297,7.453829563109936,11.887915360021939,12.168159468125834,45
818,35.0,7.665923829724611,1.819625295456011,11.889276454400932,11.140287904144882,45
819,4.0,5.36278684651872,3.4909953709054897,11.893311973509343,18.00822653119572,45
820,27.0,1.7449856293051946,3.726658071813189,11.897108047394186,17.96779171833861,45
821,135.0,7.036057426975649,8.712537240416298,11.89776310891404,7.778151274177869,45
822,106.0,2.1689829282996644,1.5225908911706054,11.899646801267373,9.210963415898524,45
823,194.0,4.799238058822062,1.423293102446076,11.901153937662482,8.09352262250804,45
824,179.0,7.326579169113311,7.911418694214603,11.90137644627887,17.481785232499366,45
825,187.0,7.548897116462678,4.738930394558275,11.909850952962124,17.53006467909578,45
826,108.0,9.856363508492285,9.105655852278895,11.909976857063848,8.336992468781887,45
827,191.0,4.168225005017222,4.299407971948197,11.910406732527125,20.0,45
828,154.0,8.118330836348608,0.8686147599745608,11.912683188987053,9.19827698105732,45
829,41.0,9.056271845251635,0.05491400869552243,11.915714413782196,18.385320059508093,45
830,69.0,0.19425504177490782,8.928032675426119,11.920907907624418,16.805871218600096,45
831,103.0,5.184515337155923,1.0471847116866473,11.922356958465313,11.980355657885523,45
832,43.0,2.5675070067420314,9.215329735952425,11.924135726861987,20.0,45
833,113.0,3.634399776509346,7.258239727786167,11.925012465191312,8.491926452582316,45
834,161.0,8.220924003705019,8.98459916663545,11.931055870828521,5.0,45
835,45.0,6.350599800633106,2.023840642007948,11.932342805439138,8.643668594406888,45
836,112.0,8.439624244481976,6.05121118453288,11.932554146579076,9.308974749107358,45
837,88.0,5.235423244111623,6.939848028351276,11.93847471936741,18.23215008744092,45
838,87.0,0.19406372902909919,6.078317433235556,11.939175471496254,18.623680523366872,45
839,184.0,4.995861547262743,0.40453173642496787,11.940070529761632,7.715021052695613,45
840,82.0,9.030097072610772,0.18019190907296867,11.940488153624274,11.682058822703016,45
841,188.0,5.296712254365524,8.109644476096168,11.944684769432108,16.68446380528119,45
842,57.0,3.6326550578199623,7.436787361363288,11.946076736231511,20.0,45
843,139.0,0.6220055164521687,7.375759057229109,11.94618018314955,16.485653539147364,45
844,103.0,2.7863177204873613,8.114939374786067,11.946760257948997,9.961401626076105,45
845,189.0,2.9985407856251065,6.487036516466834,11.948430694316716,9.978562422279477,45
846,199.0,7.061452590322967,5.954052681329248,11.94858273594785,5.0,45
847,45.0,2.8592215485048147,5.7041458351595145,11.952624907770659,8.381879038693523,45
848,69.0,2.154092517859303,1.0433991296544953,11.954288237059847,19.884921421312008,45
849,93.0,8.50042133581086,5.299455940699983,11.957376101400145,12.56246159517735,45
850,174.0,2.5313403601517948,5.152209452909286,11.958639591400857,12.33585639428655,45
851,171.0,1.1542121669674532,3.8709934540993043,11.96249903705868,9.688244760953559,45
852,152.0,8.734322771895899,3.2217765203780893,11.962548241889671,15.959112892956384,45
853,162.0,3.731878935505788,6.6853173049420285,11.962788968035445,16.493767318990322,45
854,57.0,0.5634207857262175,0.036046591572902464,11.964515830108605,18.69048493515384,45
855,144.0,2.823865161238145,3.8899601251303473,11.971510810318179,16.417968187167283,45
856,107.0,4.290642684911974,7.117754706017781,11.975191284394896,6.844733427349645,45
857,196.0,6.732928604403457,4.200013120093508,11.975446158838057,7.418567955370432,45
858,126.0,8.85522416889137,7.200927833744798,11.975526958784982,12.141468658157745,45
859,9.0,5.095417433223326,5.8269153179790845,11.977625767069934,6.46395774666461,45
860,57.0,1.1446746433075783,6.84133564956521,11.978881554163708,20.0,45
861,123.0,4.353712011426149,8.603288915450646,11.979694967260759,15.664380017320811,45
862,108.0,1.2510398170243187,4.856672886471171,11.98429572891144,8.522765827437311,45
863,118.0,2.205184684022531,4.9176847342749355,11.985041825540911,18.99733512064831,45
864,33.0,4.580133007197417,1.9115573223567306,11.990812292449435,5.0,45
865,132.0,5.325292987476487,3.2044062313889543,11.991762967653141,10.281337072564185,45
866,88.0,2.3739581616087655,1.3422390353798086,11.99226188371433,20.0,45
867,19.0,3.9833610693979162,6.311836617166914,11.992409747984652,10.457590650498327,45
868,33.0,7.360151068371888,2.3516957597153745,11.992630257778437,8.546986428128132,45
869,171.0,1.8544272438823617,0.6905917896461522,11.994417312028567,10.616701547138533,45
870,49.0,2.3372637788146977,1.7303188373288825,11.994585934280943,17.019457573962043,45
871,58.0,2.461278816592982,9.501990568959998,12.00000427889895,6.195734756113969,45
872,82.0,1.229114418780436,2.452848592095742,12.001079785266011,12.126916859064922,45
873,15.0,7.298379919063374,7.627374676970476,12.001171226472305,6.3123344037850755,45
874,14.0,2.3933364837142546,8.691579142182482,12.002158547123894,19.878860116464622,45
875,88.0,3.1680034364881173,8.824893803470212,12.003218784723193,14.03493857602828,45
876,197.0,5.361064161127804,2.324324069629542,12.00483047101756,17.119525592734522,45
877,94.0,8.200127656447366,5.206969750830628,12.005237966903364,11.575823673681407,45
878,77.0,5.27088934765627,7.007962226336119,12.005568536528529,15.733865604396826,45
879,46.0,3.5771780182508994,4.035596158930988,12.005589007763053,20.0,45
880,118.0,1.0325338066840561,4.8012472943139475,12.006365553617636,15.720352518131504,45
881,174.0,5.351786401596007,6.49869376253857,12.006805400392905,13.210936628626184,45
882,131.0,0.42950164350119113,0.13955531523223708,12.007616559917802,6.723282674187037,45
883,16.0,0.30706159696329616,2.6022725848850747,12.007744910330251,5.271078166009317,45
884,135.0,7.888468991316159,2.1054559333155676,12.008695965170986,8.567359861384181,45
885,57.0,2.0719965560306197,9.067631076441609,12.009516934215862,16.350508157277194,45
886,95.0,5.2784951579977175,6.862294308161264,12.00964588660051,6.036041587302365,45
887,184.0,0.5453111736719718,0.61935588205833,12.01023735865692,5.7344897985106185,45
888,147.0,7.895925722045105,7.74267166702143,12.01082964505517,15.206616949186346,45
889,160.0,4.83772291337997,2.3105765904614617,12.011293882053597,11.760099984520672,45
890,114.0,0.42965885869543974,4.514730789323083,12.01379033740075,5.0,45
891,91.0,7.89460085239851,9.569987272985397,12.014577140522835,20.0,45
892,150.0,3.084436792961116,5.51477049190772,12.014663869398404,14.078937475691667,45
893,136.0,7.944629620678398,0.4966148222356903,12.014665084369069,13.387544505670972,45
894,66.0,9.25828621311376,4.4541660170134625,12.014838359225067,10.097836550666015,45
895,90.0,7.427227507120846,7.277033223113857,12.015245630290716,12.698760954882786,45
896,28.0,7.341801545777447,1.570857094175624,12.015548756750526,14.097328506729317,45
897,72.0,3.9732403034278754,2.8463878717386626,12.015783953690645,7.00521783311942,45
898,41.0,0.6711932438375345,3.3788990877128633,12.017087024235703,19.211001778130328,45
899,195.0,6.209009359778454,5.20498096693121,12.01741754079155,7.988737262852024,45
900,148.0,3.04653848296369,2.6019464080646992,12.018731665008001,10.337251633376237,45
901,126.0,0.24557157686254327,1.6383702925102162,12.019421627404652,14.100951178650536,45
902,47.0,0.7156971005530066,7.650467520652011,12.020043471029563,6.448184400353345,45
903,67.0,5.019991425440418,1.1734542579985785,12.020558952308015,5.850116757250076,45
904,54.0,4.807746586285449,2.3444396128175935,12.020854054560571,13.070164238618949,45
905,103.0,3.0119751183660903,1.5271278534313093,12.020969281661692,8.13091734707835,45
906,191.0,6.245178002079071,8.694825831308643,12.022628808561132,17.89652754242026,45
907,31.0,2.1907763980131123,0.6964999107200132,12.022716064674661,9.316142511441335,45
908,133.0,9.45012332242919,8.222567285905223,12.022984041971434,9.825722750796206,45
909,8.0,4.451351989429355,0.7339965813511562,12.023633339699526,14.372478011453511,45
910,100.0,4.27122528489702,5.463772609802583,12.023871511917825,20.0,45
911,120.0,3.2915096474881214,5.871024942145305,12.023914698965077,15.933150579250382,45
912,180.0,7.3281305812827995,1.3601263168200628,12.024412347282926,12.364703602685601,45
913,96.0,8.387545779899511,8.004797640295019,12.02533021686235,5.722790731215164,45
914,116.0,4.169833521488591,4.521776610305049,12.02643207305634,8.044175010396133,45
915,111.0,3.7654253104496185,1.7989634941178723,12.02670268264728,8.456307347737964,45
916,25.0,1.4161725697290362,1.2876931589994722,12.027300751867447,20.0,45
917,16.0,7.412208208040778,3.6599029853173946,12.028016157118037,5.0,45
918,139.0,8.291704663110869,0.6710342526824942,12.02897284427191,17.883909436536218,45
919,71.0,0.14933934791668269,1.2730704192268794,12.029932019401928,10.110123894616365,45
920,33.0,4.6630973738167185,4.451672450677381,12.030436620127022,5.6686801619485765,45
921,5.0,5.985850305995709,4.324298796401692,12.03126012807134,10.923154135313506,45
922,64.0,6.236994980607433,0.6827803451603742,12.032258191474703,19.253631804846403,45
923,83.0,2.035083123020981,6.233447448326498,12.032687305992264,20.0,45
924,156.0,1.60975330664612,0.08761643191947277,12.033599022334354,18.512842040727172,45
925,30.0,7.417785368110011,1.4814797888666376,12.0342159207441,16.422198877831907,45
926,49.0,4.032294090354154,3.659662475490204,12.037110416713919,15.45394694844659,45
927,26.0,4.0646482641788815,6.769193408855228,12.037857492569678,16.310514699769666,45
928,185.0,1.9077175936872492,8.485023539011394,12.038471132853715,5.0,45
929,100.0,8.636330066848936,7.250587312738439,12.039925332738914,17.530258958924687,45
930,104.0,9.614773046181858,3.0493416521545202,12.040978159207963,5.0,45
931,170.0,4.068393545575832,0.5314362067519263,12.040988416216983,8.785767154180682,45
932,145.0,7.298762510850118,4.070647826552641,12.041214954258038,13.227954026599866,45
933,182.0,5.435715915061403,1.2705056420265803,12.041605577744113,13.988772887723737,45
934,26.0,0.35764353600368004,7.616854184723676,12.041776578462876,19.246119114967062,45
935,81.0,3.6650912770698563,6.325931520994418,12.042967170712199,16.804872653837197,45
936,183.0,4.498632669512952,1.8190009693714326,12.042993111540905,18.4528856246333,45
937,73.0,2.997201378127534,8.375987884212133,12.043229645543132,5.448230785198499,45
938,17.0,1.0770058775888203,0.8272650764932887,12.04365645932195,17.893189904116333,45
939,122.0,3.0025141945147094,2.003690737590614,12.043979612438434,14.71953890150641,45
940,102.0,8.810785324312176,4.732793878877798,12.045876948958814,11.113332806492734,45
941,47.0,7.380004313777001,9.588413391454708,12.046908776675728,9.385148368302385,45
942,119.0,1.6008517640479736,2.518452358454064,12.047213495459733,11.618257353066143,45
943,2.0,3.873779768318636,3.3824522561432735,12.047243292553922,11.810778154449434,45
944,25.0,4.733055857282805,0.9496839321575856,12.04758948476053,20.0,45
945,56.0,3.118659996331984,5.457148704730019,12.04782640194521,20.0,45
946,15.0,8.181169057986892,5.537943982581997,12.047977102599981,6.877049515360735,45
947,31.0,3.586654722469149,3.74601208817443,12.049395505385736,8.734895299282817,45
948,92.0,8.092895921098178,7.610729072241664,12.050428594288128,9.439376231078281,45
949,44.0,2.845795798358698,8.379216899253457,12.050846470536788,16.996406821113524,45
950,31.0,1.0893876160083071,3.5175756723622955,12.050863479331284,10.97799878751079,45
951,118.0,0.5584449301108296,6.331721822695304,12.05125349449923,18.98923323711608,45
952,0.0,4.964107489054833,9.284247012892928,12.051267137626919,9.387226954029115,45
953,179.0,9.617415499400026,7.9102123521042795,12.053497022859423,15.960383933477859,45
954,46.0,5.934103496414983,4.246923898885479,12.053504052985664,20.0,45
955,181.0,7.875702365254175,4.216375620530143,12.05727593550484,18.38902245206613,45
956,51.0,7.45965376524088,6.455186712406627,12.059350575387707,7.114956897203198,45
957,181.0,9.917703219878366,8.79538823119929,12.061187081385746,19.895993609588235,45
958,181.0,9.304527908079876,8.346878998137655,12.06202200023252,20.0,45
959,108.0,5.226800851945507,0.9844872092902146,12.062130483437333,5.345037140885174,45
960,92.0,1.9154453313061792,2.2222660235960303,12.062181775925135,8.888543481661417,45
961,97.0,4.2971016411778304,0.4558832730586859,12.062282437005578,17.10237890983299,45
962,35.0,8.978355692229758,8.484841303101982,12.062484430470962,6.591037769676962,45
963,98.0,9.600692554287527,8.034542287325564,12.062950692725252,8.127652368474825,45
964,3.0,6.325752419526063,6.2462559353830995,12.064765803920306,13.261134726299419,45
965,133.0,5.642366015593194,3.7330767503005005,12.065129479880568,6.154401478962081,45
966,104.0,1.1436298373454934,2.866864612426104,12.065296749858867,5.0561645304358,45
967,47.0,2.5652020013081467,3.882939532575296,12.066075625947622,8.766077807353039,45
968,131.0,9.047845261955823,4.8624904899924974,12.067742047569395,11.938624135849189,45
969,74.0,0.48983838546527436,4.8321433261504545,12.068685620028589,20.0,45
970,12.0,5.380451331243199,7.477553478624172,12.069389602876821,20.0,45
971,39.0,1.9535120726570843,9.732514044561892,12.06944903738153,9.346817118217738,45
972,120.0,4.408378909238132,8.095901107066984,12.071895353788516,15.831720705041054,45
973,75.0,4.914263219835439,7.611647290806153,12.07308107495452,9.40311661275513,45
974,7.0,6.476233870170266,2.7961199271885597,12.073313796326973,15.569671465745428,45
975,116.0,8.174518126738354,1.621668782666319,12.075178175673344,9.940615121197007,45
976,111.0,6.948531348703155,3.245416298480499,12.075427338883824,12.132966666928535,45
977,181.0,9.112267942765339,1.1968553675881033,12.075626513249198,20.0,45
978,13.0,8.532027150599326,5.955702048985262,12.076286437013973,8.927111743589787,45
979,47.0,1.5771592028800485,3.793013383826591,12.076488102830755,7.321309765733899,45
980,162.0,8.031343567993229,4.959295809187364,12.076571123378866,16.579771324459692,45
981,155.0,9.375477300608564,7.802083816230577,12.076828501160993,6.538337189512667,45
982,67.0,1.6406455019241817,0.07150506422759273,12.077782734235528,5.826666603882212,45
983,112.0,0.7547901123652334,7.16436490310582,12.079695660036867,8.504784332850932,45
984,109.0,7.952392178102201,7.506176050391641,12.079993786162513,16.104638879826194,45
985,126.0,1.228799419389992,8.159091207073338,12.08047785791609,8.619634793695804,45
986,171.0,5.309630403031398,9.883962490176815,12.080671370095956,8.557033202714859,45
987,34.0,1.373655239069499,6.77746989470935,12.080752794473433,13.885442356302931,45
988,156.0,8.059720221785701,4.2205278769489265,12.083337951288529,20.0,45
989,44.0,6.109280808712562,9.533286033087945,12.085595474001046,18.010137070904804,45
990,52.0,3.45555683453576,1.6825726873651392,12.085611454462814,14.107727521293445,45
991,159.0,9.016657470555998,1.3251398168658224,12.088613336380416,11.368807504081795,45
992,152.0,1.1815181919071693,3.612677208966769,12.088980103737152,14.790868127555612,45
993,11.0,4.996599853601891,3.0050882142894295,12.089880308744757,18.9448128788872,45
994,51.0,5.5185219303756226,0.7508791220455469,12.090991694305758,9.530117004523497,45
995,126.0,8.431440882350286,1.8144719724946545,12.09223551969757,13.395480597273975,45
996,94.0,7.933648087099936,3.6364108164699194,12.09265919499541,8.245157659655593,45
997,112.0,4.981097707721553,5.972230158498179,12.09335879429131,11.986905603856712,45
998,146.0,3.805522700050772,3.6717157108077947,12.09348090069166,12.74546192984201,45
999,79.0,8.878697917288221,0.15304425878583383,12.093592211372677,18.121329698635076,45
1000,85.0,5.591260187245936,0.4319602562373981,12.094937141125946,9.863493143221582,45
1001,183.0,5.549483770617768,0.9689869144560836,12.095078214966236,20.0,45
1002,165.0,3.6366909842306083,9.13400212356982,12.095586441952232,20.0,45
1003,57.0,7.597489456323179,2.3235224503918763,12.095660568236255,18.714420678461455,45
1004,112.0,5.071110972625117,0.031992513615193285,12.096178003060366,6.093020581056646,45
1005,152.0,9.553781936563274,5.332303326141029,12.096395562685377,14.567019955828528,45
1006,64.0,9.347495399662746,9.126595034907085,12.096503104585427,20.0,45
1007,179.0,3.136218295403246,4.715377099678695,12.096828576523674,15.004444542573413,45
1008,6.0,6.851894556906661,3.4449452575321993,12.097694725302233,10.838533932103044,45
1009,123.0,6.863257920085216,5.787999120840829,12.098607234338353,16.449144372054214,45
1010,130.0,0.6959109444124922,3.1706769731847215,12.09898326105388,18.437323751435862,45
1011,33.0,4.716549478491963,6.002222414552642,12.099860231141832,6.979474000989656,45
1012,120.0,5.119108210485769,0.9032855552362551,12.100373749816347,13.906714168764294,45
1013,172.0,8.210372385239321,2.319451613685958,12.103327105248583,5.909057215956197,45
1014,79.0,2.218218514668525,2.0775688559751826,12.104525499819546,17.687955960364153,45
1015,127.0,9.22311359915408,0.8762447360350534,12.104638049048145,7.192023958838186,45
1016,56.0,3.8648669660344503,6.69401398075399,12.104663022639329,20.0,45
1017,17.0,9.338422940365232,2.3881880989698545,12.10512954644998,20.0,45
1018,166.0,3.8641771192495455,6.344927622863828,12.106957331615396,19.189164485254643,45
1019,169.0,5.8822182459411785,2.794252788886711,12.107150567494505,15.322375640245278,45
1020,89.0,8.559019634203935,1.9771315176965787,12.107201676502209,8.522906434761413,45
1021,6.0,3.459919759532891,2.478088098883161,12.107497375946059,10.268710918700133,45
1022,29.0,2.679682302063827,2.944020031965934,12.107725990466397,9.020524526040683,45
1023,77.0,0.6500229929993961,0.14837413504777075,12.109718600927083,14.289087275723563,45
1024,21.0,7.238313892335184,3.9486626622536503,12.109738650761889,6.6620307326402015,45
1025,0.0,7.539135112007354,2.151927323403886,12.109904986585251,5.0,45
1026,70.0,6.712597375655836,0.001047107981435591,12.110064637720225,7.751698759220956,45
1027,195.0,8.331592276068315,1.338111416135651,12.110172214331438,10.100317643255423,45
1028,36.0,0.7846339139347225,6.822309873202942,12.111365683280054,11.795542773777166,45
1029,101.0,6.338027215519471,0.2643856910666875,12.111502643569185,18.113108574032605,45
1030,83.0,7.4331769458327726,1.6881496459993894,12.113145655967136,17.070080922472155,45
1031,5.0,6.132802423389265,2.1636423099064017,12.113842780623585,9.138420143304927,45
1032,48.0,1.2871730613084997,2.7566293241757664,12.11597024521648,19.324099095827687,45
1033,71.0,2.6234338094868113,1.5475199586307065,12.116011272294028,8.336732743036771,45
1034,61.0,0.00979133676900057,3.6325673378261145,12.117647520467878,20.0,45
1035,162.0,5.086768959336951,0.6367474783556248,12.119716358445634,16.283213071319967,45
1036,169.0,2.6181538853054995,7.771976565384348,12.121122749212592,13.129284998425813,45
1037,32.0,6.631652406366841,9.000081694893002,12.121707719558215,20.0,45
1038,10.0,7.883217507551089,4.802717518580453,12.122373699220095,8.366792154828575,45
1039,82.0,3.780298416839647,4.3196323562377446,12.122595281913416,12.563642767564593,45
1040,65.0,5.762073770478237,2.8673544727991196,12.122939171118922,14.310804607452912,45
1041,3.0,5.694739853805872,3.8486200458461797,12.123470928554124,16.238053394916005,45
1042,34.0,2.9727146525601444,4.516021180743327,12.124692361390844,12.51233711300809,45
1043,92.0,5.297823793336924,1.765247619471898,12.125118958264501,11.295103242845478,45
1044,32.0,7.6642449258403715,6.532723846070557,12.125740407150534,19.860525887301012,45
1045,67.0,8.934481270642792,9.047109205641654,12.126051103262386,6.9234008320452265,45
1046,1.0,3.238545534575797,1.9664825376676798,12.126310012134294,12.8030606962188,45
1047,170.0,5.059298359539638,4.247131242350017,12.128913641454188,10.534372072086866,45
1048,64.0,1.2648684445637226,5.25902307477932,12.128949007014835,15.99648598732765,45
1049,91.0,0.508847340093711,1.5412198421264256,12.130864031579412,14.49236170778585,45
1050,109.0,8.37025964123735,8.201900035385934,12.131870894234067,14.888201948191098,45
1051,45.0,9.051416694510804,2.8854691239660557,12.133038443386436,10.042164191860586,45
1052,65.0,6.397684520689753,8.680743864256488,12.133196654214979,14.973885667930057,45
1053,198.0,8.679547505937409,3.2169786969676686,12.134608704813996,11.98412327370616,45
1054,176.0,6.673699384873131,2.013461052586668,12.135449562505606,18.721710051144314,45
1055,102.0,8.909655045397617,5.628363204403689,12.135488722897048,12.665307911787288,45
1056,195.0,9.604909474255908,2.320661884820746,12.137352621639959,10.443759618778746,45
1057,40.0,6.594651577473989,3.691927586964888,12.138443266079639,6.423404900407084,45
1058,32.0,8.947758559903022,9.449449711206553,12.138813079231866,20.0,45
1059,170.0,4.076069330667983,6.657263102588406,12.139029602855699,11.153478450656028,45
1060,164.0,5.460834368858497,4.544822988678807,12.13903665986275,16.15430225067343,45
1061,142.0,9.988398076768327,2.4324789239264666,12.13959137002907,16.614218761952237,45
1062,196.0,7.098036431116866,9.930713444694486,12.139938993464977,8.787008165425899,45
1063,139.0,7.625100241368629,3.475434199236953,12.140024937231745,15.257311949921132,45
1064,74.0,5.209586561598897,5.522460249325004,12.14099315876195,18.968031033123278,45
1065,32.0,2.6593508141469724,2.9353678003397765,12.141351582733265,18.379961641344337,45
1066,5.0,7.7136388864436745,4.60261619256777,12.141665130569468,11.886382994037199,45
1067,135.0,9.628702019932824,8.861041998948615,12.142469854801421,6.4891070413130265,45
1068,31.0,9.126929650366693,7.2012434032557335,12.14268439037908,6.816429091234816,45
1069,129.0,4.2948274908113095,0.010122297369256072,12.143456884355224,8.352613309625081,45
1070,75.0,0.586678918264969,4.984579116002848,12.145839969813832,9.775856635462851,45
1071,181.0,1.2377209716627413,7.28561222249406,12.146056290781436,15.911025117597157,45
1072,80.0,7.320547123625688,0.7591503482453688,12.14654486659171,18.850398356430375,45
1073,145.0,2.776371817967549,1.8603174268169376,12.14714213873003,13.073378227086847,45
1074,15.0,2.5358044231915833,8.073968173353329,12.148398936053471,5.264519180107824,45
1075,115.0,0.8538326529272833,8.22390508443051,12.15071972456736,11.662535982375525,45
1076,28.0,4.526243113489263,4.005470240667311,12.15155482312058,15.236476857524245,45
1077,147.0,7.0256114847698665,0.32812552945086226,12.152886890825268,14.128515140185705,45
1078,148.0,6.682467899943885,6.4682475290964545,12.153342850970237,5.0,45
1079,36.0,4.596468618828774,5.34004035551073,12.153848370318174,8.867174859467571,45
1080,193.0,3.1593690614031624,8.294581236649632,12.154974742109562,18.91204526003168,45
1081,164.0,4.145765057273419,8.309332443449621,12.155197377281151,20.0,45
1082,84.0,9.43588069582531,1.0461266827382931,12.155304865927635,10.255145102771117,45
1083,159.0,6.795615776854959,0.8879508848722184,12.155371654688025,11.425540443128309,45
1084,71.0,3.6468996575805446,4.247702510356309,12.155715787804496,8.708739318460992,45
1085,92.0,4.838236022468424,1.1552025403187505,12.155859883702224,10.33898375229608,45
1086,181.0,0.6746464413529618,0.8522440493746264,12.155883590042151,20.0,45
1087,19.0,1.196300789797774,8.655713314655792,12.156046671912641,12.063346997355245,45
1088,17.0,7.901856183039865,2.2376583776482106,12.15647999062704,19.93918017908921,45
1089,130.0,7.873779693470139,8.75432407147698,12.156917819034977,13.40439622202453,45
1090,169.0,2.4618721472540273,0.686278380269838,12.160216540609682,10.964645484062464,45
1091,75.0,1.6125817597151415,6.825504927962065,12.160561519894701,9.136589717303304,45
1092,189.0,2.9447170045822615,0.466888762887796,12.1616958890292,7.526994650271316,45
1093,97.0,8.663696752640758,1.2890125116344775,12.1616986455877,20.0,45
1094,171.0,3.942630990178242,8.86132410655394,12.162349049537776,13.696379644422157,45
1095,170.0,3.467942191041695,6.608511487903874,12.162899973060249,9.7395150253891,45
1096,27.0,1.5562799280079986,4.564331936996692,12.162952447733717,19.33023519546095,45
1097,63.0,2.565371614310422,3.8749048854778403,12.163362465558595,19.13619172625123,45
1098,168.0,5.088224530519403,0.514798056930349,12.163545528361364,9.906019099917831,45
1099,69.0,2.2125850827835225,3.5127013230934647,12.163560799810735,17.625169926768955,45
1100,33.0,3.029928330212149,6.448061786394355,12.164649711612554,6.857124725218375,45
1101,137.0,7.121321101782967,0.8148005689799998,12.166723886811297,17.048753784851563,45
1102,137.0,4.505158697064873,0.4143863595357411,12.167290994818357,13.157022095946395,45
1103,68.0,0.038135553921014864,0.8996217433817599,12.16729556401175,14.359752096671844,45
1104,150.0,0.01154670817042236,7.859352809117398,12.16982174802874,12.727475210897069,45
1105,7.0,9.2790749361469,5.02108205108793,12.169840124694497,12.631710058048666,45
1106,4.0,9.3132086154928,5.692702226144151,12.169917666561863,20.0,45
1107,171.0,9.852945704462105,1.1389515633156333,12.170494293104037,10.656124513126006,45
1108,47.0,8.198216278861047,7.926661850496388,12.170792464292393,11.68046457523221,45
1109,22.0,0.1036234560090199,3.6720407684115997,12.170829849494956,11.250884635712309,45
1110,22.0,4.370300092586293,8.920225151726948,12.171622758428903,7.8889170232698245,45
1111,44.0,7.458395532932574,1.5403856983722364,12.17212005114058,20.0,45
1112,20.0,5.126724274565914,1.408055386648377,12.172274279349232,13.79215005721266,45
1113,111.0,3.7576311644007676,9.094425304325132,12.172297303049291,13.25059075228533,45
1114,95.0,6.974973517220539,8.872943571722068,12.172384508512016,5.436307013550802,45
1115,10.0,1.4623600578783347,3.408739808138863,12.17453940845449,16.806826362937194,45
1116,153.0,5.375554226322046,3.000495794447966,12.17530842487798,10.449846912991436,45
1117,189.0,8.236185860284445,1.6349530667118695,12.175755428262097,8.33595059020879,45
1118,116.0,8.88526091798121,2.7002838978690558,12.175756977815947,14.671193774804793,45
1119,26.0,8.532474670848957,5.181089023448379,12.175809712985227,18.52477116871742,45
1120,0.0,6.33969956141017,6.282307556008476,12.175831359106063,6.486880901213699,45
1121,67.0,4.082507476820853,3.6746162008576455,12.176572572404554,5.0,45
1122,105.0,2.5267275741490436,0.5515227430997982,12.176635693668175,14.251567570201699,45
1123,56.0,9.490759977476065,5.057225004793304,12.176655844375365,20.0,45
1124,33.0,4.2772963481388615,3.397638143868255,12.178767867609643,5.0,45
1125,63.0,5.1528466840041895,7.437307886607847,12.180970992269124,17.19818064958948,45
1126,105.0,3.5203152183860666,1.0420054297077908,12.181388169245649,16.913703608938448,45
1127,110.0,1.3675624374230655,5.2780105146575025,12.181865935778776,15.62951991098889,45
1128,30.0,1.728605581385152,9.247323630553574,12.18196250439943,14.623578950269433,45
1129,91.0,6.7401998781631045,2.197258637379008,12.182163675637485,18.59880132331999,45
1130,160.0,5.611517326092032,5.748187616488042,12.18428178205492,10.134481991488718,45
1131,20.0,9.115989615400794,0.7799856416910322,12.186316224271508,14.71658117814981,45
1132,16.0,9.25212706696798,6.949654458545106,12.187307009988539,8.977452882478419,45
1133,93.0,1.219558267623223,4.589305753460468,12.188320203647523,17.703345554555973,45
1134,140.0,3.565890447860655,1.5686829299551275,12.18877743497767,7.774416601824229,45
1135,152.0,9.376936343881804,9.124433609397368,12.190012218901884,17.926275739283696,45
1136,195.0,0.33871614877790557,0.7331911233102217,12.191216776987336,7.460835312689623,45
1137,132.0,0.38305245360408025,6.432972599800372,12.19199193646454,15.350825176398708,45
1138,191.0,5.523217333166839,3.846832586245532,12.192068610876017,20.0,45
1139,98.0,5.103142189571919,2.772067679533212,12.192556882759405,6.713203992868255,45
1140,30.0,3.257455301753179,7.781348843958051,12.19301399184923,18.914697646360008,45
1141,44.0,1.5434924783016735,0.2208020530177579,12.193686839882805,19.524022170784228,45
1142,63.0,1.4981286593978516,6.439316818931886,12.193865282828071,17.79662055425363,45
1143,144.0,2.9101059491521397,5.756371359822508,12.193986739884881,16.073638788093305,45
1144,199.0,2.7223419012393246,5.432207407485228,12.194716636824024,5.0,45
1145,123.0,6.108746351964212,6.058353969144674,12.195155553196532,13.896891915464057,45
1146,4.0,6.9314547559554,2.078017331532843,12.19522385541055,17.30393901105213,45
1147,192.0,9.575593998101848,7.520930977100679,12.196185330816725,8.447317042881412,45
1148,93.0,9.022928325165003,7.17466480600287,12.198034329139512,15.967358746101201,45
1149,6.0,6.0658037853666205,4.075752116341605,12.199996562751132,12.308119144375839,45
1150,43.0,3.0876736600331824,0.48068838058429875,12.200864183316876,13.215127996101693,45
1151,170.0,3.6466652947485603,9.145291927403829,12.201128987349476,12.349426927560101,45
1152,64.0,4.04998835390143,9.601910388236691,12.201428813802751,15.836308283285014,45
1153,178.0,1.6074995497195865,6.927762117068204,12.20210600247263,12.284080654051333,45
1154,114.0,9.379831083866716,5.592133295151303,12.203496752610238,10.294988504404522,45
1155,82.0,4.052789388765209,4.857771846161324,12.2037214274219,10.115411906823518,45
1156,39.0,4.013196857665261,1.6736279248315977,12.20372619842077,5.0,45
1157,145.0,4.604945452476179,5.225924131298888,12.20474008409725,10.972107538883469,45
1158,29.0,5.6731397257909,4.321653237158573,12.2053452515348,9.486687504614002,45
1159,176.0,8.661316796402831,0.4104024091236047,12.205415981294813,15.405859299482664,45
1160,172.0,8.532187237518071,5.588261499323378,12.207724656115237,5.317934320590264,45
1161,155.0,3.4540178530838905,4.88647630449274,12.207967135432767,5.0,45
1162,166.0,4.723992894831986,1.6190115085996248,12.208764846416797,20.0,45
1163,23.0,5.6387220941153915,0.5614652205514237,12.209843610490738,18.788251975140412,45
1164,30.0,5.698483089217532,7.622816831789862,12.209998964272739,16.766453035834257,45
1165,75.0,6.070635034109309,5.642006145667629,12.210749563263807,5.959871388399505,45
1166,55.0,2.6928110157275897,7.143791731807234,12.2109936939332,17.445679275159392,45
1167,4.0,4.4360735370402065,9.979329337681728,12.211180914048924,19.42024905781157,45
1168,175.0,3.99916914733486,7.167076715668372,12.21172456023406,5.091298458496768,45
1169,60.0,3.083669550500321,5.123751934895382,12.21322228701118,12.258993871102483,45
1170,48.0,9.53753411553862,1.5483206777889191,12.21359488468539,15.672313921993169,45
1171,138.0,1.8347604897642333,3.060155947380373,12.21367852319829,6.050982433628326,45
1172,106.0,0.07979143367579988,9.967766087012293,12.21436412989318,9.412704407123062,45
1173,65.0,1.5588491819672434,3.2991542891244405,12.215021554444396,13.596478413040549,45
1174,4.0,8.554327691857754,4.304230307503154,12.215588285925154,20.0,45
1175,125.0,2.1767503175891223,7.257655356285703,12.216092172306976,16.63626188101068,45
1176,24.0,7.52684071811559,9.15880724726436,12.216566914838598,16.209017629523654,45
1177,113.0,8.074532650102807,1.3430999647274,12.217457380889684,12.306205935150668,45
1178,24.0,5.934576140947891,2.150650502395859,12.21911222527381,16.00266942572415,45
1179,3.0,7.089618941245886,4.768821492310735,12.22168398368737,15.938308040003095,45
1180,108.0,6.472835431351932,8.788227821462328,12.222337294870211,7.507017792063741,45
1181,22.0,9.441141479068454,7.789462771891076,12.224062826564033,16.87709437144924,45
1182,0.0,5.6725137385408555,3.664293171963513,12.224795212917545,10.006410028977083,45
1183,5.0,7.026381208885781,9.322136888268664,12.22490620448865,9.317168822935658,45
1184,44.0,3.4612726713145934,5.649125249285081,12.22494181392609,19.241270087978997,45
1185,0.0,0.004973150531231152,6.277633826987775,12.22502833719792,5.603424908461035,45
1186,73.0,3.389336748961753,0.49712450427313093,12.225274232912074,9.613229536549204,45
1187,134.0,7.6432898191258,2.8930392781395167,12.225506496119852,9.520537032852763,45
1188,164.0,9.384371832641529,6.7316158269912485,12.227266549307465,15.935449153095668,45
1189,43.0,0.05289005377082101,2.3946803851606315,12.227574779902481,17.26264947354496,45
1190,90.0,8.670476063606113,9.123708834481683,12.227863159221169,12.331147385678563,45
1191,154.0,4.8086887491790895,1.821869873265517,12.228057840811871,9.3040512031568,45
1192,51.0,0.2964110873665049,5.849103707868867,12.229865128234282,7.340025184310238,45
1193,73.0,9.451313279330595,8.881250404460186,12.230697516416061,5.0,45
1194,30.0,0.14533201803523133,3.4018740266504546,12.230788314830303,13.8430410593249,45
1195,164.0,0.13370862040427145,0.08719210407858946,12.231004328124836,15.787566937458351,45
1196,47.0,9.84860580731089,4.652063595469346,12.231203690492615,5.0,45
1197,93.0,1.0486565881706333,3.9360768472789753,12.233080739128724,14.15505263698229,45
1198,47.0,4.813746526827814,3.763710117538853,12.233560793300615,7.941377563130665,45
1199,197.0,4.850573936638252,8.43403429833169,12.234212111398271,18.290441545703935,45
1200,60.0,8.64678984161065,3.4274738645941403,12.234659313533385,13.624539020852342,45
1201,14.0,0.8116977044734075,9.473735822114755,12.234786457170566,20.0,45
1202,13.0,4.625905775419755,1.7475201158749254,12.235686089384162,11.679706487952306,45
1203,11.0,7.094400175586659,1.5351988616964196,12.236432665794055,20.0,45
1204,102.0,4.10082158772667,4.683893596026641,12.23649881240082,10.908152083315612,45
1205,174.0,0.637446325955644,7.578110344339956,12.238937215851417,14.896829377160733,45
1206,124.0,2.9854164244689807,7.7829198480056885,12.240194643694181,12.29151938854045,45
1207,54.0,8.908675260032751,6.343745529184762,12.241369685948449,11.64672005920107,45
1208,198.0,9.14742136131514,8.38979170630755,12.241664229440207,9.124073731870155,45
1209,70.0,6.886438545425544,1.8080042366735594,12.242013999213032,9.715801943289234,45
1210,75.0,9.722338657559273,0.9181920904660601,12.242188233439444,8.598926037618693,45
1211,159.0,7.363193948636227,1.813578486078259,12.242466572841465,12.933841514924929,45
1212,140.0,5.2550145431530915,1.2073415472962146,12.24297328730154,5.0,45
1213,62.0,6.8866868059576944,8.685764124041286,12.243177153297363,6.9511977672331735,45
1214,125.0,0.352289098507218,6.653531542453765,12.244121356786895,18.897765154519558,45
1215,64.0,4.859901481965463,8.95102714723173,12.244216982356082,18.628453333553693,45
1216,138.0,2.3007940211636777,7.515488916625471,12.244716646753659,6.796474324471231,45
1217,25.0,2.327376291469964,5.091318667929116,12.245073114366894,18.79444388949372,45
1218,183.0,2.664634248222458,1.6797146717492684,12.24520501437607,18.478360236286797,45
1219,11.0,9.621537190641833,9.279419687911382,12.24520911082345,20.0,45
1220,140.0,1.100133477898897,0.17564946079942745,12.245577192498168,7.671061377273015,45
1221,180.0,3.110526909766771,6.816818983171023,12.247779815720213,12.929312743026797,45
1222,78.0,6.297061516628193,1.0982498301065569,12.250001756163819,5.0,45
1223,175.0,2.576052045368964,2.2665262409670994,12.251040355481734,6.581236801469338,45
1224,46.0,4.443875802995749,2.8813912337440284,12.251248279065997,18.12975619973684,45
1225,49.0,8.6066770037064,2.4816488349058172,12.251331862545097,16.2255710959964,45
1226,34.0,0.32358198793568604,4.869534301396335,12.2536638020318,13.748396209226005,45
1227,108.0,5.29504656529285,8.886124994634162,12.254148535383933,5.418449034882514,45
1228,96.0,5.730326003652615,7.005493928755477,12.254518467293751,7.853681556790398,45
1229,119.0,3.3296910839097293,3.257162961107194,12.254679403270169,10.893381527845495,45
1230,197.0,6.677877518561464,7.672257222002918,12.25477023933282,16.19028706455842,45
1231,199.0,4.127409399834785,2.1440870528272313,12.255111494485545,6.799459667516282,45
1232,146.0,4.048198928411846,0.7602807736940331,12.255806464912407,14.889668228566194,45
1233,168.0,5.630025243684105,1.0091594436889306,12.256188606355467,16.529534591094706,45
1234,52.0,3.618440900789385,0.659446202512366,12.257780182558667,17.367573910470654,45
1235,114.0,4.5305629408592365,6.920910390131471,12.258512517452145,5.0,45
1236,8.0,5.504864702725486,6.179270035655277,12.259181772273271,14.704472517219326,45
1237,155.0,4.9312254647314795,4.763219580173904,12.260418784804838,5.0,45
1238,167.0,0.4632282501178142,2.994781044759133,12.260620112018476,8.112706406094391,45
1239,179.0,2.1191264598008264,3.9349698108692746,12.26097374254568,18.119427397303685,45
1240,150.0,5.079279327349223,9.500464758246723,12.263446228511572,12.623780335149409,45
1241,13.0,8.21555178908193,9.297299797044285,12.263578121391854,11.291904964166953,45
1242,192.0,3.7953479312338647,5.3164025155214425,12.263883966150285,8.011977225612371,45
1243,78.0,4.67991797534026,9.825756452485003,12.265528333281333,5.0,45
1244,120.0,1.1276979376724339,3.507095466705569,12.265537991017297,14.841970987690944,45
1245,17.0,6.6204391391031105,5.142853936547086,12.269834254559942,20.0,45
1246,90.0,1.9028920570559005,4.806094016167953,12.27132195292722,8.882136484115664,45
1247,169.0,3.858132609410273,5.856318000289242,12.27227546966452,17.628010307394106,45
1248,56.0,7.925477888532776,9.770128912865095,12.272284063130257,18.157050258388637,45
1249,128.0,4.126372555458275,6.88568581150549,12.272721014618153,17.768999402267426,45
1250,177.0,6.8879360765448405,4.724403574175385,12.272892208361483,13.622807220586221,45
1251,1.0,9.349288894483516,0.39809887623239226,12.273114825512978,7.835479137317435,45
1252,94.0,7.917987699548719,8.150390160823727,12.273148295145486,10.57629298964386,45
1253,73.0,1.6058270191960877,1.9619671648026815,12.27326570162105,6.657807693209181,45
1254,86.0,7.40295973621342,5.959606345117608,12.273321198008833,6.873311070634397,45
1255,128.0,9.397924095792025,1.496566340441109,12.27347743737972,11.372187879573136,45
1256,33.0,7.571863610907355,8.226342309888384,12.273881750795251,7.933891768469926,45
1257,180.0,1.6399554136474315,4.500963980090643,12.27405013475785,13.43362792967302,45
1258,30.0,5.9923725049777605,0.5872212403430299,12.274218454905485,12.936821885023075,45
1259,103.0,7.438710048047095,8.304068631067697,12.274745485783722,8.432765991887837,45
1260,154.0,2.0562692686019,1.8184513032901872,12.275145882120313,5.32445493541338,45
1261,144.0,8.981108565142616,7.757457648673106,12.27614806939939,18.008804695762358,45
1262,22.0,3.1203475812333403,5.668605333081277,12.276338178096125,10.798820040226236,45
1263,81.0,7.501588035003506,8.032954738153629,12.276685439237548,20.0,45
1264,14.0,5.752127282112049,6.659869119065846,12.278069325698517,20.0,45
1265,75.0,6.6607451906959,2.510884679247154,12.27823192325163,8.676655986811705,45
1266,119.0,7.33027717215927,1.935323915404188,12.278583834710412,13.572378795115977,45
1267,141.0,4.607513067080356,5.08740578558165,12.280220858985533,11.302949352210383,45
1268,36.0,5.38484747934319,0.42748194092889213,12.28058953947228,6.461992696962455,45
1269,77.0,9.56108668348119,7.949869282701297,12.28069365365415,14.282932373048196,45
1270,197.0,5.04854748882047,4.773550436190091,12.28264844914376,14.27252473524161,45
1271,0.0,9.426208646664163,6.426001820621623,12.28273516984165,5.991360761212805,45
1272,183.0,5.729565590990584,5.465528636357679,12.284331256068185,20.0,45
1273,147.0,2.7390291739856454,5.537099260326105,12.285581973514155,14.71861725411744,45
1274,125.0,5.888364599081351,4.319346202024313,12.287442528178163,18.9181695984322,45
1275,109.0,5.4979866740571515,2.567302917163905,12.2878890595918,14.001327199046711,45
1276,126.0,0.2640731958905307,0.7626898183651243,12.288997495487823,9.534302111122424,45
1277,134.0,4.5530864123516395,2.0939378169420353,12.289004837480574,5.0,45
1278,24.0,1.7205426032830384,9.21937625974348,12.289378841098763,18.809940390235656,45
1279,152.0,6.376487000217169,7.678513508057419,12.289607195563475,13.093679898041911,45
1280,169.0,0.32448858149112025,3.8840062695090873,12.28988144535334,16.716535895033747,45
1281,71.0,5.169279790741825,3.331706003607783,12.290191996763017,13.448327648014722,45
1282,2.0,2.284386941992457,6.9501280009498725,12.290229655529007,17.07359139403775,45
1283,49.0,1.6645828078402414,1.6622148271002968,12.29428428287071,16.351594535041517,45
1284,30.0,3.933139999829951,1.2872715163324644,12.294526212960902,11.197151604041522,45
1285,159.0,0.9003229519251199,7.956841448892144,12.295348205270084,9.250299118067904,45
1286,77.0,4.0410770830060105,5.204081715689189,12.295988008398995,12.153428275079944,45
1287,74.0,3.8609834177619096,1.979668110327386,12.296070436016088,20.0,45
1288,156.0,6.552384097925982,7.258050517153206,12.29613637826962,17.275241495955342,45
1289,80.0,9.151122633532186,7.255808500706471,12.298528924453592,19.73437825615788,45
1290,119.0,0.8905408116868918,9.30645914727493,12.29979070758393,12.699751168277981,45
1291,146.0,3.4848823021925246,7.079657083933802,12.300481251540852,10.710547195799277,45
1292,132.0,8.353412620978277,1.3536784979071603,12.301594689479106,10.814194438161175,45
1293,108.0,7.1836410266176545,6.802741985357637,12.301994267334436,7.775067113707251,45
1294,80.0,7.865938173649982,6.527024509210223,12.302033375212126,12.974095793768534,45
1295,40.0,4.356504615850742,8.821188334824924,12.303568109477832,7.0027256370746205,45
1296,33.0,5.947139662461312,2.905308869876672,12.304117318283135,5.462226290508327,45
1297,108.0,4.52320916935245,0.5172222334115206,12.305166041118449,5.0,45
1298,154.0,4.034226352906291,3.432953398678913,12.306072798573387,9.811233514370981,45
1299,118.0,6.6662732035921755,2.1372276993420183,12.307151872239261,13.657668772961475,45
1300,36.0,6.160446822793037,5.268978317445514,12.30771875240353,7.0270528855550145,45
1301,188.0,7.126999904868869,2.153271447262285,12.30815635784698,13.687936117642117,45
1302,141.0,7.411844252529017,5.3303816346467245,12.308279480421998,15.13166535841978,45
1303,160.0,7.59086097985191,2.5051187442574796,12.309704384843608,5.662235278014101,45
1304,113.0,5.45816523946785,5.468455591873147,12.310071197756049,8.17124595353691,45
1305,97.0,7.366417866100926,4.186781356832957,12.31025969125122,19.654730975082817,45
1306,164.0,8.353517734055615,5.404068055121898,12.311188333427566,17.820105203293718,45
1307,76.0,6.074987771192753,6.277601354144777,12.312293136315615,7.806488566020949,45
1308,141.0,3.2315920343357654,7.98939549196735,12.313144260749603,9.483626145146218,45
1309,11.0,7.315073696663607,5.500593151228818,12.313290445365322,20.0,45
1310,192.0,1.8533952652155095,3.5548630198073883,12.315808095268343,7.704402133522292,45
1311,161.0,8.489148264691691,0.7966487765544794,12.316387356953975,8.115047639658334,45
1312,166.0,6.612283994434204,8.702783932967957,12.317322540508169,16.792088451399398,45
1313,137.0,8.91525159323167,2.8816128856084022,12.319687345407324,17.139344789680816,45
1314,39.0,6.811102139227488,7.006646670708717,12.319869242718116,11.103555230354203,45
1315,102.0,4.20833786000581,7.103751339793317,12.320390384045144,10.694090729390414,45
1316,44.0,9.374180986516638,1.3112240799604002,12.320497272926394,19.97277771478688,45
1317,77.0,6.098142389073653,7.751865160668951,12.320538034439313,10.860713551295708,45
1318,3.0,1.8227701059810275,6.939825671108895,12.320543318548662,9.693218021449187,45
1319,198.0,0.8635166132056049,8.87560929885834,12.320770809833055,12.533296835462464,45
1320,143.0,6.51166058926833,2.7857688060751586,12.32378444283032,20.0,45
1321,188.0,8.690685172807264,0.824302769466656,12.323861360605628,18.36012775534082,45
1322,63.0,0.4251438590459422,1.8191429373910717,12.324307791185735,17.14916299837964,45
1323,147.0,0.9764923120656444,3.3286437388276955,12.32522553869471,13.772111213528467,45
1324,98.0,7.981365417802973,5.152093914647028,12.325257148810014,6.185234488114018,45
1325,132.0,7.8742249062935565,0.06980791391985819,12.326057532115618,12.876381874706851,45
1326,39.0,8.646779477958182,8.878978135509062,12.326816981087731,7.396386215162628,45
1327,148.0,1.6162313090388725,6.485968913532431,12.327102691837286,7.64573198220605,45
1328,56.0,1.9909401140701855,2.7516689945719985,12.328735217201977,18.2907226636586,45
1329,132.0,1.8391509306188658,4.5344646308888485,12.329525676013581,8.752593778196445,45
1330,96.0,4.701056345089834,7.702271279245027,12.329954428552988,6.987210515247683,45
1331,108.0,7.1126543694717,3.3636877762304715,12.330031208654187,5.0,45
1332,131.0,1.5722670371491976,5.088708951940669,12.330702025991775,8.371590389757804,45
1333,77.0,2.275558230331897,7.800098872429753,12.331282852021618,8.292050391517337,45
1334,189.0,1.6092434053786386,2.1528632949575766,12.331503704169776,7.247712658368222,45
1335,156.0,0.7308532531899326,1.2450237838815092,12.331851680606887,17.634700006281886,45
1336,83.0,4.055493738229003,3.495875614917149,12.331985719285127,20.0,45
1337,72.0,6.199418732016677,2.525522826917385,12.333371733180263,10.207527958696815,45
1338,127.0,1.9842566707170328,2.0194342039256274,12.333562230187765,9.167846608364483,45
1339,47.0,4.773734852139132,4.040512979844819,12.334348138948615,5.405629835352142,45
1340,29.0,8.617885977122706,6.288457539619554,12.334575636398935,6.61142325403274,45
1341,15.0,3.9070541342757314,0.1412482914383384,12.335153113882548,8.179893611899814,45
1342,36.0,5.5384246464175435,1.1076549077348552,12.335250760257994,10.443856322817565,45
1343,81.0,7.301526896388777,5.456376742469668,12.335608393094272,18.610024822366157,45
1344,195.0,3.128340756285265,0.14766371595495875,12.33842898660881,7.293961769762548,45
1345,130.0,5.254899498130787,4.240126012564691,12.339127967177571,15.744637597200109,45
1346,55.0,9.70259186565333,6.559833516903058,12.34010776526339,12.359523723159727,45
1347,174.0,6.705538364033372,1.098051089008748,12.341731238162637,17.009231881623148,45
1348,178.0,1.15378609603904,2.081253003143856,12.343277454150655,9.467280727298679,45
1349,121.0,3.8218451988504665,8.868729054172443,12.34327999896593,9.485141974592217,45
1350,59.0,3.530605183735791,4.508446421962962,12.3443075301833,14.575065893666618,45
1351,26.0,0.6734870709074514,7.017402449247484,12.345299448088518,17.76523376746054,45
1352,82.0,1.1892105216972093,6.06647389771828,12.346580780273225,8.568683898002824,45
1353,196.0,9.119585896786052,2.951395463611725,12.34711205279907,9.48890649577568,45
1354,170.0,7.870947803836222,0.21966578447580876,12.34731127653418,11.447278115558689,45
1355,102.0,8.540141676425833,2.9041326047095115,12.347772958632486,10.989306653667326,45
1356,75.0,2.88147899943917,0.9013081664351275,12.347877134121141,7.3811961494082095,45
1357,23.0,7.0636472744766,2.5592023200618828,12.347957906960668,15.961838419103053,45
1358,43.0,9.553280368375246,5.030157558474353,12.348785299770809,16.584707887666312,45
1359,28.0,8.562414646201939,1.7813805682470474,12.349067276867496,10.392216892271737,45
1360,184.0,5.875699517213903,2.9788336322312525,12.349237485436964,5.0,45
1361,177.0,7.887784247534958,4.073955409788432,12.350209322839165,11.078333920011529,45
1362,34.0,3.232391753248518,2.4654664211488244,12.35094606141628,14.506472205902888,45
1363,42.0,0.8200014790957955,2.2848001477399436,12.351249503591765,9.403539331014777,45
1364,68.0,9.764870876154712,2.2676686835533366,12.351363370866345,16.916938989351266,45
1365,87.0,8.782594917866163,0.4840483232325654,12.351671934799121,17.033420824351296,45
1366,23.0,1.5492139689513729,1.5166262981687728,12.351968425298665,14.89147315174632,45
1367,79.0,7.227603781623087,5.637920397428018,12.352234339401978,15.627577829833278,45
1368,34.0,6.856504505635021,1.5285445516813945,12.35431298831881,16.21602549452752,45
1369,113.0,9.937468432024701,0.45746397143645146,12.355446401716913,6.553432113852455,45
1370,196.0,5.537722488670895,1.2721411482069367,12.35588695004726,11.396308121138386,45
1371,87.0,6.3415319348844985,9.550300336924359,12.355997454516046,19.597912421880494,45
1372,24.0,0.7040493765213762,6.322837006412624,12.358034344876467,14.890549831166837,45
1373,23.0,3.0521900384447918,9.800826291251495,12.358123465695025,17.99179181440586,45
1374,20.0,1.346417101511288,0.7705034829664859,12.360236831817403,10.332758497833563,45
1375,58.0,0.720109785200368,5.072651616382453,12.36031646024875,5.577891932200769,45
1376,133.0,4.279653135348607,4.79736575671427,12.361481603101593,6.123735341874351,45
1377,19.0,2.3377945871109365,3.402641927630997,12.361740993523686,13.521070878056014,45
1378,188.0,6.095585795040874,8.83747961179493,12.362405812129687,14.128070342765822,45
1379,138.0,6.821218985298259,3.2790715620346256,12.362654461308203,10.361527110902482,45
1380,119.0,1.6954373082674967,9.476590098589604,12.365959741749572,11.70202595871767,45
1381,177.0,8.657669384282785,5.009442513705383,12.367576894461195,11.820414820126935,45
1382,39.0,7.407810005314429,3.075216202040534,12.36809701829547,5.0,45
1383,179.0,0.18762967036471956,1.8676632174174146,12.36811456993148,17.834497406469325,45
1384,76.0,1.1177397560469282,9.61403805088408,12.36914450080685,5.813343153911003,45
1385,65.0,2.9900647771085618,2.2630455460858623,12.369683004228197,14.477080438212115,45
1386,151.0,8.464445975349495,1.7150685570966862,12.370208962116784,11.085068161313993,45
1387,134.0,3.147145065777438,5.268776374115239,12.371670647093563,6.542730345596491,45
1388,77.0,5.903138263753434,9.571200302613086,12.372374662522967,13.76839635924357,45
1389,103.0,5.283692660449619,9.22464193576088,12.37290160961382,7.325150042647135,45
1390,92.0,0.4440383923971547,1.4619486763913214,12.373923875256082,12.25350589625467,45
1391,78.0,1.765097779151199,5.56956991421886,12.376104537917307,5.0,45
1392,124.0,7.856803762765758,5.719957235010664,12.376407402237842,8.998057653638902,45
1393,35.0,1.688286527803552,1.5010388233625194,12.37692544070358,7.218242256073862,45
1394,58.0,0.9084832307671964,4.2679495184112355,12.37730457605889,9.122460266972706,45
1395,72.0,0.06853712077723118,4.08818471377416,12.378450997966292,8.670184641626445,45
1396,55.0,9.725127034962934,4.0496091846987365,12.378475182826236,13.655511412344978,45
1397,105.0,6.361205236459395,1.8462113163402682,12.379685436356912,10.205486670652114,45
1398,48.0,6.120820147010399,9.694210773863169,12.380277618991997,17.245942109576806,45
1399,1.0,0.43656991603108763,1.5955587292249906,12.380864367926847,10.041703284258139,45
1400,63.0,1.0288354570819924,0.29850353307798283,12.381892895264189,18.589447325077902,45
1401,5.0,7.249673426642138,9.939159960804023,12.382513308045588,8.56302687706153,45
1402,198.0,1.8960092004104223,1.1419223471229956,12.385035663272077,12.012628362228929,45
1403,29.0,2.8467391154036026,8.876179682667981,12.385767712960554,6.997582238396149,45
1404,28.0,5.964138072159624,9.03065306840576,12.385768731248834,10.650268510814435,45
1405,35.0,4.57348804962222,8.626281636800083,12.386185187295773,6.382900875426538,45
1406,17.0,7.237887713990297,6.448617474196121,12.38670043525621,20.0,45
1407,197.0,4.667303767020136,3.7368135603448884,12.387287380556712,16.16752391500256,45
1408,159.0,0.26367001717267136,9.279349715868756,12.387396516063887,8.76612802262009,45
1409,178.0,3.2185339979116447,0.07613883340268357,12.388634842776382,14.4828509574052,45
1410,176.0,4.009162242257386,4.228054073186366,12.38922748477808,13.35505821695816,45
1411,84.0,5.170223377479708,3.718367114090746,12.389514084322299,9.943755936992133,45
1412,88.0,5.67328426656701,8.816417341315868,12.390192500546368,12.05724762185827,45
1413,140.0,2.939390909515016,1.8052009088393883,12.390841161826547,8.65496103291556,45
1414,158.0,7.194348949688374,9.670869699568236,12.390951452899769,15.579723408174827,45
1415,10.0,8.332461639621094,2.1403025806083456,12.392328298934755,10.640331208821593,45
1416,182.0,6.912926589588965,7.529869996043058,12.39293917310242,14.729051255243519,45
1417,136.0,3.783861561022024,3.45345025389813,12.393503990609913,12.909830982790448,45
1418,88.0,1.8254005223283987,9.971930392344449,12.394063779155301,17.452643036376593,45
1419,3.0,8.860799157916123,0.5294879784433237,12.39504994960118,14.661918084581044,45
1420,25.0,0.9572850272092748,8.855921524567448,12.397016770395402,20.0,45
1421,90.0,7.759849496609471,4.983068212326648,12.39884974869807,10.285180420811757,45
1422,98.0,0.05171304170076607,6.442061489060805,12.400590797756498,6.294016086856846,45
1423,185.0,5.667408747346197,0.9801967777422294,12.400800851410793,7.820977239282168,45
1424,80.0,6.62082474623576,0.3550903537172001,12.400864009791182,20.0,45
1425,114.0,3.46936724876005,4.349508064980877,12.401171429425911,6.585732144169484,45
1426,114.0,7.220070448585214,3.142015573902488,12.401650617969603,6.091123053214568,45
1427,89.0,0.09642614337482369,0.7769643235646617,12.40180957776165,10.282482626959657,45
1428,102.0,2.648611358469889,1.684893383253896,12.402916438014767,11.373001637335157,45
1429,154.0,6.1865089718737405,0.5514476047458261,12.403223274141077,7.30473967716195,45
1430,127.0,3.2325431435795258,5.842118888515663,12.4064400628952,10.825531269411501,45
1431,143.0,0.37757424257521155,3.4520282661314514,12.408086825212035,20.0,45
1432,131.0,2.8552245174742854,8.898601874152565,12.408939390034355,8.441234481832417,45
1433,115.0,7.049886677342823,7.552717582076777,12.410395656869236,13.084565159757537,45
1434,19.0,2.7625477167206802,8.713499237855997,12.411538778750689,11.804844351238877,45
1435,101.0,5.469222957450507,2.899824955428021,12.41170826257891,19.078468293303008,45
1436,80.0,7.193931214190745,6.282118675424177,12.412781824599342,15.923412548081224,45
1437,190.0,7.778160855238881,9.990675607484809,12.41318472931201,17.66657737229452,45
1438,119.0,4.1034924065980665,2.346342142453275,12.413332814260825,9.198978411910096,45
1439,127.0,9.78178561239822,9.415547757668877,12.414121045258764,7.258566785905157,45
1440,148.0,4.733780993467311,2.8949403316320965,12.415968743389055,8.24502651954797,45
1441,61.0,8.979825321496254,1.7970912113596027,12.41707490587363,20.0,45
1442,58.0,6.4186821728538055,4.504340633407141,12.417567052642395,8.472687887487933,45
1443,41.0,9.694111710680849,8.491027950231619,12.418574639859333,19.756006288064064,45
1444,196.0,7.304788159218607,8.20207159363322,12.418973034880423,10.039287919210695,45
1445,150.0,9.381057923232799,9.095757870320707,12.419378344358456,10.607134700897412,45
1446,43.0,7.829089737126457,0.8275777848350852,12.419438785727143,15.912737022306509,45
1447,31.0,1.0425241488342962,2.463166659342859,12.419577082652337,9.132511273218643,45
1448,186.0,8.97501513601738,0.958123476456455,12.420057218409948,7.557414808249604,45
1449,130.0,6.533462939389332,3.296739621343907,12.424846011593912,12.41284655425223,45
1450,126.0,9.894324882607478,7.790288843538572,12.427187204558747,9.762329974907743,45
1451,34.0,1.8068595269830023,7.134602869103493,12.427369210472511,17.803610685391217,45
1452,106.0,6.750402988208983,2.693520089192499,12.427489853664188,13.230151433374367,45
1453,125.0,6.68849704605401,6.933505445473833,12.428358333558277,18.900722760844552,45
1454,24.0,2.2353672197339947,3.012541220351901,12.428944739588303,15.23565699165212,45
1455,121.0,3.626681087303365,0.39722214490941377,12.42902276219814,7.560013448120225,45
1456,63.0,0.16061867637368388,3.2587113877814633,12.429870869412433,19.70843747750271,45
1457,106.0,3.6281559468392546,6.029159067500735,12.42992341361815,10.681136744830306,45
1458,160.0,8.685468951780846,9.132605061926952,12.42998859524914,11.327896657133406,45
1459,191.0,5.42752277749765,9.851729027660552,12.430582931897913,20.0,45
1460,99.0,2.8808631416307104,3.9830799909286374,12.43140770570109,18.134883517325942,45
1461,83.0,2.5106424918184054,1.7624716715023925,12.434089528968162,18.489422399325193,45
1462,149.0,6.121430237014742,1.4773209629739725,12.434478110970815,13.26342800183893,45
1463,9.0,1.9957925367957774,7.675354289603354,12.43457362458269,7.609384637316214,45
1464,142.0,0.3243263859147305,8.546898567675544,12.434948129842391,14.402809917488598,45
1465,196.0,5.0755362940211155,2.082147639374071,12.435236410898826,9.760967288629978,45
1466,79.0,3.2324790860065566,8.054259890591153,12.435328817585873,20.0,45
1467,70.0,1.795320344946354,4.908175402648322,12.435657124292755,5.832973569231918,45
1468,104.0,5.256688410632169,0.21885460769491938,12.436355982797368,5.0,45
1469,51.0,4.921775713402674,8.522253104082656,12.437877858279883,5.0,45
1470,185.0,4.352997918367484,5.333878049674036,12.439671652035276,8.745984804060225,45
1471,13.0,6.819140672017636,6.348464093650843,12.440626273402215,8.165862475396317,45
1472,110.0,3.299475576758233,3.3059587934403534,12.44113002584965,13.674586318984739,45
1473,147.0,7.012205734530481,0.708043140114003,12.441592161275622,13.253008358635732,45
1474,90.0,5.523544694740993,0.4741552445878827,12.441941206483735,11.320979534743799,45
1475,89.0,0.27702668758005755,3.8456623248524355,12.442940530556324,11.19149966524056,45
1476,90.0,2.5030517954432896,4.442524427936893,12.444005653272217,7.426724185639099,45
1477,1.0,0.544766390380188,5.608601251469932,12.444070234140897,12.985750564535065,45
1478,148.0,8.036184880256338,5.9370174056547995,12.444181180208494,5.350411735426553,45
1479,117.0,4.642606134245424,5.181864730121819,12.444360845311554,8.34220778237346,45
1480,61.0,7.536164658757669,3.3065762853891743,12.444414991315291,17.700479209317194,45
1481,17.0,4.443493954498305,9.888001946378074,12.444812093197338,17.441647272919234,45
1482,25.0,3.5089739848412407,0.16618810891320224,12.445065830199326,17.95683353888184,45
1483,104.0,1.6646037971709082,4.206735036655264,12.445989370456878,5.879877182182527,45
1484,110.0,4.673279868878174,7.4692951109475665,12.44617577167745,17.056223834039567,45
1485,116.0,2.710049747966817,3.74091743954748,12.446882609152418,11.07953566611691,45
1486,20.0,7.165567971709816,4.41979651840964,12.447015958210942,14.041293815226059,45
1487,53.0,9.56468468603881,7.306056990569898,12.4475478077052,12.27480246306922,45
1488,94.0,5.886459124712028,7.515501898424697,12.449022275598704,13.678725330663358,45
1489,52.0,8.0926714789214,4.330791066848086,12.449721438099594,13.158265448826178,45
1490,141.0,7.074432008821924,2.901349476065614,12.45096110694601,12.30764092307166,45
1491,52.0,7.353772975743594,8.835919864520044,12.453530632656541,14.123564633968835,45
1492,141.0,3.0374146445336168,3.269223783080386,12.455335087601421,11.806571230572898,45
1493,176.0,8.723875612129921,9.598772358939033,12.458151690891658,19.262026842797173,45
1494,178.0,0.38364946364075836,9.156143242671265,12.45895576631847,13.162994801608914,45
1495,36.0,7.3752509796644485,7.725673386243334,12.459759318452146,6.850904923306053,45
1496,147.0,5.320443972891352,3.135409854292347,12.460153346553863,13.953257425310513,45
1497,84.0,7.946811036364931,0.8645633788794171,12.460979009752899,5.0,45
1498,151.0,2.431289883446949,7.9170226161329005,12.461623012644674,8.647705357555996,45
1499,91.0,4.782607279530959,5.820207848565123,12.462641047528862,16.53700540980723,45
1500,21.0,2.0245326398991113,7.09913299506389,12.46305998139707,9.535241730879711,45
1501,27.0,0.007443148890811102,1.8993231149983214,12.463260094607902,17.060301182735717,45
1502,78.0,6.331943143408511,4.403542739605973,12.463333439012318,5.0,45
1503,23.0,1.5658335210899377,7.477255301128579,12.463364279436409,18.58203998344771,45
1504,92.0,6.676805974259451,7.0408027002724305,12.463823490799408,12.670904342294376,45
1505,126.0,9.657539745772631,2.219604558740448,12.464078552068678,13.849817854038355,45
1506,160.0,8.37324462964272,4.487553236278487,12.464100970139667,9.44728547866174,45
1507,73.0,6.78333144250188,9.368484810925505,12.464414604864784,8.078232063107654,45
1508,96.0,7.661241169658623,3.512922761172187,12.465079079143152,5.0,45
1509,197.0,5.465848998436799,8.88715865648287,12.465210997776222,18.611292204175957,45
1510,21.0,4.872111582995756,0.2459946577838401,12.465504515564408,8.922571970101727,45
1511,94.0,4.410446259138336,4.34488820815093,12.46686070418088,11.69078224030254,45
1512,145.0,2.5101898342939934,0.6598705534967675,12.46797128666246,13.223148286930236,45
1513,92.0,7.381797234919559,7.162447305444656,12.468541113004871,11.978273410499089,45
1514,11.0,6.803910241743031,4.6818207605419335,12.468606172099056,20.0,45
1515,94.0,6.581096623281902,9.037772674033294,12.468697930355997,10.728569262629719,45
1516,25.0,3.3485350768647812,9.275756896888005,12.469395032592455,16.869404806004695,45
1517,70.0,4.2772975431596105,6.510962619583276,12.46957078072212,8.44127536347981,45
1518,81.0,6.984249941486836,6.906909483774078,12.47258272255468,18.201387953702785,45
1519,163.0,5.964814111966464,3.0374791767759945,12.47270747984594,14.313696474345626,45
1520,32.0,5.869792491160978,9.264882145639342,12.472843029047475,18.883854026127857,45
1521,67.0,5.00244604183647,8.396493920151652,12.474364951062427,5.0,45
1522,193.0,1.5839589439213164,0.2406495260847885,12.475501780868361,10.76338192715783,45
1523,169.0,9.140712302462438,8.344380632964292,12.478412847664076,13.344007586688535,45
1524,136.0,6.335439999077068,6.6442513383335235,12.479069346071107,13.400553949893235,45
1525,84.0,8.05692566071367,4.561365531292127,12.47934496817171,10.601819333311234,45
1526,100.0,4.142467865259581,3.210685444324631,12.479932086768587,20.0,45
1527,81.0,6.164981049363501,7.169485818585107,12.481126288837139,20.0,45
1528,52.0,2.216648085309477,2.9503114629123415,12.481378711889441,15.23231408524158,45
1529,122.0,9.39997388988902,0.9093417101896706,12.483437823383552,14.14255607096596,45
1530,2.0,6.7620182562894975,2.6662391461880928,12.48486610468292,13.066291077355302,45
1531,165.0,0.4997078906551655,5.829449919414155,12.485139018118854,20.0,45
1532,127.0,4.121186612522861,7.158714501742809,12.485361682595043,6.017186649794733,45
1533,95.0,5.075492421894838,9.932557567458055,12.48590344504034,6.105804617138899,45
1534,23.0,2.872373216399332,3.8271446646362186,12.48690759722654,19.480120050749225,45
1535,53.0,9.553676493762834,4.883017832590286,12.487275748812012,9.069583967875555,45
1536,124.0,5.1378816689672835,6.9517168179349484,12.487815335844603,10.153927482485253,45
1537,165.0,1.7326202594111884,8.857941652325872,12.489508336948743,20.0,45
1538,133.0,7.1859292766465375,9.372715463030843,12.489510417758542,5.046018638115285,45
1539,23.0,8.707901072645543,4.236943145607719,12.48972793187765,19.62957640349786,45
1540,32.0,2.11170436001903,5.126863500451115,12.490698025389865,18.56435364317234,45
1541,112.0,2.8131195935755415,2.5609132024131442,12.49297887635063,7.48561037222355,45
1542,83.0,3.6704556743342245,1.6424941247650848,12.493401051540298,18.136254313217208,45
1543,155.0,2.6773565483998283,5.124471591074683,12.495476311472679,6.433850603066231,45
1544,139.0,8.41087336973738,6.398972376719751,12.496594578701202,16.860927704664025,45
1545,102.0,8.778220709825863,1.1862026690538907,12.496920436702855,10.750105983126456,45
1546,103.0,6.913918108273119,5.377100380740446,12.4973005479644,5.926757489257346,45
1547,51.0,0.6817262443560246,3.229466006776863,12.49731995704609,6.987502480044221,45
1548,6.0,8.228125906967135,4.647972263015141,12.497663752539689,7.6274543028007615,45
1549,94.0,9.361930728663616,2.8114524190619905,12.49937630350096,9.035077059639224,45
1550,20.0,0.44096778566732886,8.11349385263058,12.499681787219982,10.452112824434407,45
1551,99.0,8.468962814491164,8.861327504382611,12.499923012736497,20.0,45
1552,115.0,9.249669744730445,3.5348464178016537,12.500329468898288,12.705273530974008,45
1553,149.0,9.90461080599024,6.16683184668505,12.500622439077421,12.517529645904295,45
1554,6.0,5.193964511941996,2.689720435253944,12.503119840150696,12.83718619973929,45
1555,130.0,8.435223711439644,3.1686992464023076,12.503292725478541,11.90736889808829,45
1556,87.0,1.8674704194029879,5.017281413809874,12.50527561997251,17.90850761369108,45
1557,100.0,5.21799041815897,4.748111287494759,12.50901810590476,20.0,45
1558,109.0,7.9367004822375495,4.262246016936688,12.51023356097011,11.865999593147281,45
1559,193.0,1.175396213488601,3.27260708766141,12.510330011543447,13.991732048360134,45
1560,64.0,7.820819415303401,3.5385380098182138,12.51074627522173,17.93775261326477,45
1561,143.0,3.6304232003277246,1.5472065026853143,12.511939478953668,20.0,45
1562,34.0,5.4578318921655065,4.4985483542479345,12.512276488316804,17.309375719268075,45
1563,193.0,0.38727936878708014,6.151757971827795,12.512576001349272,11.81581364640526,45
1564,100.0,8.738797209237376,0.7110823157967938,12.513012049862251,16.830924206727936,45
1565,68.0,3.109026302635449,5.507989272598826,12.513469234114133,16.502876344473627,45
1566,23.0,1.2855961697416973,7.5708158573933755,12.514255910899005,17.315532339178926,45
1567,117.0,9.452293046080026,0.9394084562292793,12.514683177963464,11.36023025252799,45
1568,78.0,8.436406162792784,3.5160132748578254,12.515174597538254,7.667200080209701,45
1569,162.0,5.9202896226034785,3.579128208988067,12.517035372204177,14.913984221165734,45
1570,189.0,7.054505255952767,0.07470684201027256,12.517102180136021,6.784986280584359,45
1571,192.0,8.971069272317715,1.362199645830512,12.518771555034768,5.0,45
1572,126.0,4.929182657095732,4.481528689994404,12.519480642988142,11.021655058242718,45
1573,14.0,5.292477972626523,1.7756610739465084,12.52137430589169,17.175657605139502,45
1574,107.0,9.914135794522885,6.362977875460429,12.521689963321732,7.182424259808946,45
1575,53.0,5.301682374185188,4.303447653778326,12.52211002280708,13.762613851445387,45
1576,157.0,4.560711300719112,4.043477902161414,12.522303624626156,8.994687029537033,45
1577,1.0,5.022570280568253,6.527817957387195,12.522710615710476,13.017491265824702,45
1578,180.0,4.388656418998552,6.566135708116177,12.52305723153111,12.796052551917045,45
1579,124.0,0.48423168304580266,9.170257590173906,12.52328180925223,5.0,45
1580,146.0,7.16917859623763,6.323996294111817,12.52400442747118,14.18095117901351,45
1581,123.0,4.616130151705162,2.5547623586357937,12.5253369445215,13.994232289986634,45
1582,169.0,9.883907373065894,5.3767246370256,12.525794035511904,16.099853559055816,45
1583,192.0,7.920911458456091,2.7677227831472817,12.526469762054115,10.320484482799177,45
1584,86.0,4.904541871447707,2.484907858654315,12.52693338435024,5.0,45
1585,32.0,2.436891376714263,5.438448678872697,12.52695028605932,17.37945174205735,45
1586,143.0,5.457534665906499,5.831512576581918,12.527002643543192,19.718291280499493,45
1587,95.0,9.161565749721257,3.8943329106866145,12.5272299115901,7.497897283069567,45
1588,110.0,8.71411187582009,3.847088730115773,12.528400430537413,14.04830908247223,45
1589,154.0,5.068808332588195,6.20527314466413,12.529451607452604,6.467431998712162,45
1590,140.0,6.554198752987499,7.09646393255548,12.530440413378656,6.5506717271124515,45
1591,175.0,0.17941621235254335,0.5661467548853472,12.533801575085933,12.11028995564104,45
1592,183.0,8.98366769402436,6.227275076878897,12.534046082253955,17.034464494912356,45
1593,20.0,5.026157661886912,6.790059916586575,12.534559569445225,14.12268967590579,45
1594,1.0,8.15808370084187,6.848919737696556,12.535420450839254,10.344465044992008,45
1595,107.0,8.175849433858362,1.4279276201189706,12.53579150760214,5.0,45
1596,105.0,1.8967994945965994,5.37705391079373,12.5368022147308,14.528191887141723,45
1597,157.0,0.12981589165289908,5.23298084345357,12.536831938005665,11.204801016696578,45
1598,117.0,0.8061260866704301,2.7405984431117734,12.537527414226396,11.873174729444765,45
1599,91.0,7.264479897623705,0.046098834910976993,12.537661316394699,15.99633126163219,45
1600,1.0,8.773240459247479,5.3901822201378735,12.538011526957447,10.790529788391483,45
1601,114.0,4.70838593726967,1.4255792951431046,12.539733474698266,8.599960556676706,45
1602,62.0,9.436160182003475,2.5132225781877593,12.540957563045941,11.051389560771891,45
1603,105.0,4.903880582066041,4.5897333423816296,12.541064207985741,12.739991594874729,45
1604,195.0,1.8458466702707854,5.3398408840685345,12.541801773360103,6.864970682738061,45
1605,195.0,5.71113833397901,4.263653300751644,12.542306834369011,7.882058676992082,45
1606,154.0,5.738884408817416,6.591075681385002,12.545547126179974,9.102051606283068,45
1607,185.0,3.9125098162933645,2.8724724737330956,12.546367066196835,9.615439343942008,45
1608,156.0,5.342402623398888,1.1215829590730308,12.547838158777994,14.824291505956635,45
1609,169.0,1.2189948450183186,0.12806301651249408,12.550901002967638,18.06997349212092,45
1610,45.0,2.325669511864088,3.2255556700884047,12.55127712731441,9.333483274997707,45
1611,76.0,7.548965358160773,5.2396173551488605,12.55134328776767,5.0,45
1612,34.0,3.5662229919131416,6.791825308000137,12.551496992362088,17.468979669465934,45
1613,126.0,0.4732505696764866,4.642299926241961,12.551552205771763,12.73922677484915,45
1614,54.0,3.066666048820813,3.38833378313356,12.552304729241557,10.963969752369062,45
1615,185.0,7.725859300005002,2.0489830684988197,12.552544343301479,8.452483432715598,45
1616,119.0,2.5930485749091794,8.104564323190361,12.555086588460531,13.678706183205925,45
1617,175.0,7.02005270575211,0.5815111727078304,12.555274571588114,6.164002928814616,45
1618,161.0,5.621029983087693,5.951253900640836,12.556157008390912,8.805167828094488,45
1619,135.0,2.695052652996426,6.516746726855002,12.557301090131546,8.642291582635792,45
1620,62.0,0.9867176499330754,2.334485146945924,12.557970428702898,11.606545205564677,45
1621,77.0,4.68345448404777,9.546655393169956,12.558570347921734,11.944339219072331,45
1622,103.0,8.36002031498108,9.810801890314737,12.558581459193658,5.6562886558782335,45
1623,180.0,3.787821955903171,9.21588204495171,12.560356816395654,13.629235781467704,45
1624,70.0,6.510319616555238,7.7514501002927165,12.560441885863533,7.636410373148113,45
1625,166.0,1.8835356438101025,3.23776742990146,12.560720175708274,18.472916761391268,45
1626,103.0,7.7198581282068846,3.6643082393101647,12.561968726931951,13.381913630445592,45
1627,87.0,3.4404155051386875,4.287393260763167,12.562680897948184,15.33680296418041,45
1628,122.0,8.832315594813123,3.314877534962913,12.562807604034308,17.58701881616949,45
1629,41.0,4.952244469803353,7.615225162234887,12.564883144733464,19.392875740930403,45
1630,107.0,7.046829360341629,1.770537656801413,12.565212938437769,7.147175090322051,45
1631,16.0,2.762125766542293,4.48579673388971,12.565385743388168,7.1116533571640215,45
1632,43.0,7.893327950735954,2.1634209953227757,12.565943332348487,16.865586910264582,45
1633,34.0,3.137692854459324,7.135191790510994,12.566023068005567,14.281847543288157,45
1634,145.0,6.9483110939218715,0.13198082381222553,12.567652239917374,12.727423547135352,45
1635,116.0,6.484085341718586,6.7775398256550385,12.56803417384018,10.740816427257142,45
1636,145.0,1.7225754290268236,3.115486317608338,12.568587729840054,10.56240776428584,45
1637,26.0,8.975100234109174,5.580067950507653,12.56904241500849,17.116529564607237,45
1638,192.0,1.0361625366071459,9.628719091948769,12.57000066729714,7.849403836927774,45
1639,98.0,7.943498008947048,1.8727231219952511,12.571065212118214,8.330229846758298,45
1640,87.0,7.126917884980779,2.841747036590597,12.572078552115707,16.31646884719267,45
1641,96.0,1.9515413208222376,3.0738385943601565,12.57284699956751,7.485253634387754,45
1642,107.0,8.784765555201856,1.8672687233955532,12.573812408311582,5.0,45
1643,189.0,6.75716743925602,2.4856883716207534,12.574650491713491,8.427433968912577,45
1644,184.0,3.6779572363050828,6.0568273001195845,12.575295444877518,9.394600180393438,45
1645,112.0,8.447022093899834,2.2205221763530867,12.575332706282719,8.27164452188742,45
1646,80.0,5.573346683758736,8.72833212237251,12.575536879105634,18.612827999922875,45
1647,35.0,9.644918923479391,1.3630122395950028,12.576014367670442,7.832583541972621,45
1648,148.0,5.917544242212882,4.123549610313967,12.577768769249616,8.35470673224628,45
1649,24.0,7.021828148246675,3.2673933024410995,12.577977988072316,18.9818401316397,45
1650,44.0,1.046519868145146,5.230632009302512,12.578343309350723,20.0,45
1651,199.0,1.623712403531915,9.083241429413269,12.57899837664063,5.0,45
1652,143.0,7.667896339963085,2.2202537281364156,12.57981264101199,19.927225621099034,45
1653,129.0,2.4566105657873036,7.075825130701915,12.580423440456924,11.801042636651339,45
1654,169.0,2.9535714026038296,7.316411195102649,12.583273279476057,14.68891639567809,45
1655,1.0,6.776866590170899,2.7177958447026827,12.58452306046091,7.568554825387896,45
1656,115.0,8.583369796999165,4.023290268138723,12.584639287183338,11.435610503616623,45
1657,187.0,9.19546789450054,7.426462450391403,12.585633192990535,18.188194454005924,45
1658,153.0,1.8139213349629313,0.07292304491871682,12.585827463315816,9.998048411137543,45
1659,112.0,8.351187254835377,2.147464854211185,12.586009106410613,9.059022174964724,45
1660,24.0,7.225526169972557,6.701142763164377,12.586184780234113,20.0,45
1661,130.0,5.9089700746761284,5.667755747061516,12.586358425495982,16.682495943603392,45
1662,169.0,4.493493855250472,5.604836282646256,12.589299957312273,17.403860400297184,45
1663,98.0,7.444887812323944,1.764566729584548,12.58965101271632,5.189240730848272,45
1664,95.0,2.185438938117307,1.1252278841816266,12.589859654794452,9.593507825501366,45
1665,7.0,2.492458362695582,0.2228876731324192,12.59005333731733,11.416519688776962,45
1666,128.0,1.0581065792837652,9.374149065959395,12.590102830288656,13.077585811442912,45
1667,128.0,4.6721063912588985,6.544860696653551,12.590749603540337,15.200374793664647,45
1668,175.0,7.38446453690877,6.230438021440628,12.592616380140246,9.575582947997761,45
1669,34.0,4.49067282913434,3.5995330640921273,12.593622144103488,14.598603121761395,45
1670,71.0,7.598743285458197,3.2148595436252547,12.593832521627228,12.620909956394852,45
1671,187.0,5.5370331471973895,8.317036764463893,12.593978443713304,20.0,45
1672,137.0,7.777103568869369,5.591533875770127,12.594724109533356,18.064547200323542,45
1673,53.0,0.20118117955144732,9.817741777461569,12.595006338238347,10.97948177075364,45
1674,188.0,8.723507867953208,5.771102384657199,12.595234691222895,13.434923372425493,45
1675,86.0,7.882726978015201,5.556609256870155,12.595888276438643,6.942987986105666,45
1676,13.0,8.374642566684088,8.110557922709084,12.597522086767476,12.571637240020838,45
1677,146.0,2.0417599256461196,9.912637857014365,12.59790652598404,13.210478659814243,45
1678,43.0,7.06521463599291,2.572521367991177,12.601166416124801,17.801551602283407,45
1679,43.0,4.906178074512023,0.8904080510029089,12.601764710052676,14.82723240206333,45
1680,43.0,9.318361076373673,2.5535470480994915,12.60268656396966,16.904509243542574,45
1681,76.0,8.529716805804076,6.799491734497503,12.603474950366554,9.629408476045661,45
1682,128.0,5.734073932599811,8.793394927066851,12.603594138464068,17.542286612265585,45
1683,141.0,7.753627763346166,3.0570957502655602,12.604276646974089,12.751100371158413,45
1684,181.0,8.83668942311987,8.44410673920719,12.60436854527765,20.0,45
1685,41.0,5.2411428922170185,0.5790224916990616,12.605790427104788,19.111452504054796,45
1686,140.0,5.416539491854653,7.010568999145405,12.606689189812977,5.0,45
1687,82.0,4.357627921486369,7.518193483167666,12.60677063743613,13.584881942203358,45
1688,70.0,1.1007860286213778,4.907948705041168,12.606858744841137,7.574411481333376,45
1689,85.0,7.1804446416606496,6.614316432982681,12.607580330187442,11.30530307890855,45
1690,123.0,9.126363572658528,3.9777585866747867,12.609075653610558,14.969023893382923,45
1691,22.0,5.454111090894323,1.8661732010492216,12.60978770544465,10.863264475876667,45
1692,142.0,5.623978072386521,2.0223601835227956,12.609864814189152,16.89909955832461,45
1693,5.0,0.006281928926344937,4.5711694719707925,12.610048800885357,9.334065683642491,45
1694,118.0,7.133963317512565,1.9700901084606437,12.610986194007648,20.0,45
1695,6.0,3.8914619248664453,5.791909474198951,12.61100456641547,13.529252502381276,45
1696,107.0,2.970531805269141,3.2401161588284233,12.611339024767382,6.894881046781099,45
1697,82.0,8.047231808428686,4.5342970065770904,12.611728024486627,12.8703534972429,45
1698,176.0,1.0164817597132803,3.2289898175430953,12.612046262882306,17.972072386826305,45
1699,166.0,8.169942385919901,6.35697847928375,12.612746796195202,16.07978265591055,45
1700,46.0,8.762452094193593,8.471913858709183,12.612984458008263,18.70084848107211,45
1701,198.0,9.36334681508224,5.424415086406432,12.613893144065953,10.250343266769377,45
1702,151.0,0.12046975608280386,0.10968020898980302,12.61537356043329,10.904976490643122,45
1703,177.0,1.9763000481547788,9.495386409674772,12.616151775193655,10.132203643421265,45
1704,162.0,9.065136415291553,2.3287410336735173,12.6163324827383,11.448342911606197,45
1705,72.0,9.98116314600281,3.504055137102818,12.61671141727896,9.86440108166281,45
1706,29.0,0.6577079228015348,3.6970543955963064,12.616921384733836,11.272110569122912,45
1707,190.0,9.598311448408596,2.68446976473406,12.618556925696852,19.565188743470078,45
1708,47.0,7.363872808738147,3.6107326714185017,12.619015065691062,7.062976109744652,45
1709,58.0,0.19380269992979704,4.291449033320336,12.61963961416373,5.769356318472114,45
1710,153.0,2.4839417920231677,4.85509756781953,12.620585563075888,10.64386712093185,45
1711,186.0,9.697119097841156,4.687867351010904,12.62059133743335,6.725637808985525,45
1712,119.0,2.1703457069537055,1.6024228017622166,12.620822196629428,12.915075416022363,45
1713,67.0,6.903509219818776,6.5148193524443645,12.621077543956716,5.5226385026333755,45
1714,132.0,8.992242589621798,6.886908048822135,12.621318194599684,13.460285695503156,45
1715,180.0,9.12198888579123,8.745461147783164,12.622118012249564,11.20625147384541,45
1716,64.0,5.272674776476029,5.09774279801807,12.622339777317556,18.241709952414816,45
1717,17.0,4.308670366947598,1.2725332131806277,12.623971772597038,18.310191555681072,45
1718,50.0,8.468870197250615,8.177721878890305,12.624044756856017,14.295125591129098,45
1719,144.0,2.234251886561239,4.7226040100261,12.624157593980318,15.003850338311572,45
1720,170.0,9.654402217738236,5.74312539258515,12.625306185885496,12.680109152088587,45
1721,98.0,8.74523985641134,5.156162821758775,12.625412452328325,5.0,45
1722,89.0,7.082060830738779,6.906586950276967,12.62559053303421,9.469577796630833,45
1723,69.0,7.3365535266552175,9.053111477799014,12.6268739510958,18.531466619102776,45
1724,141.0,0.851546226231169,7.433508208772366,12.627641525269617,13.433961879735055,45
1725,153.0,9.005562707491244,9.213432718185194,12.62776275869869,10.886318898241328,45
1726,110.0,5.3526487085478545,9.939914232052763,12.627972508654747,15.772309780945115,45
1727,53.0,1.8006967223818438,9.037779868673613,12.628952028010353,11.789114719354366,45
1728,94.0,4.39168407798182,8.613701361114108,12.62951277604961,12.4257691811725,45
1729,131.0,1.075877139298833,9.54681983778613,12.631188419110961,14.156901116519085,45
1730,184.0,6.481610167337426,9.058644149553647,12.631287543086508,7.668353832500539,45
1731,132.0,8.15906954819405,0.7517378292713828,12.633332546657194,13.989456642943804,45
1732,100.0,6.253906301254311,0.23152433609641365,12.635428545752045,18.946393046650893,45
1733,134.0,2.3621696312373186,3.0298740534393875,12.635734516614912,7.784597071621071,45
1734,94.0,6.7347304334551765,9.500653000018177,12.63647124977978,10.25667905534965,45
1735,129.0,6.4100229037644505,3.5658438503559275,12.636481484696805,18.928995373308783,45
1736,11.0,9.64941235038537,1.2672471285256692,12.637263007178124,20.0,45
1737,124.0,1.2701894027906713,4.202405826757543,12.63766418587828,9.635893881015745,45
1738,160.0,8.76075902416079,8.250026115100791,12.637764985294359,12.00082915954245,45
1739,185.0,4.6396827885524905,8.535512337364109,12.638343476427723,5.0,45
1740,63.0,6.658449682635487,2.9169889509771196,12.638488607549235,20.0,45
1741,115.0,3.039833487069962,0.028643783024997482,12.639654983384961,12.134005759571451,45
1742,170.0,7.777499164424934,7.389989949776367,12.639993666839501,9.698936640677076,45
1743,161.0,5.815100497676395,6.943480849854592,12.640688886065721,9.963383624800805,45
1744,40.0,4.912066877581333,3.1340013353285965,12.640961189038272,9.184057588506706,45
1745,188.0,4.851172199414981,0.5648987486179435,12.641064122456639,11.499652642166378,45
1746,199.0,4.8707705524881915,6.864889071975311,12.64119265210661,8.852881331617656,45
1747,155.0,0.6775898319035445,7.805963884990606,12.64270361652778,5.0,45
1748,92.0,9.467866629837348,1.73223912941867,12.643448323464433,7.923879129804544,45
1749,15.0,1.2368388028141564,6.700902304440852,12.64392872125099,9.08740906498193,45
1750,40.0,2.4819352066415323,7.683852430170185,12.644674054965456,5.153620095627405,45
1751,193.0,3.0180110283943007,2.178111893760758,12.645804321679648,14.367141475803868,45
1752,107.0,4.250427647718319,0.40573676576402984,12.64673349906788,5.0,45
1753,158.0,0.6724641835527334,1.3695349474099372,12.648388897424022,13.829429645647053,45
1754,79.0,8.023132407132575,6.846534522866506,12.649388565788062,15.461826639768136,45
1755,96.0,3.0289918275966743,5.533331789038217,12.64963155742767,5.0,45
1756,36.0,5.7453274668150724,8.139938891834632,12.649898990533792,8.056019600638063,45
1757,152.0,3.104807271517637,8.302633440989503,12.651013206110687,13.287758290369284,45
1758,110.0,6.472136440779678,0.5983659520116325,12.652765061022215,12.485395213867939,45
1759,184.0,1.3373024491507912,1.0395740698027145,12.652858633767902,5.0,45
1760,160.0,2.672998043099404,6.097690304235368,12.653267314456826,10.55357596051125,45
1761,98.0,6.92314223697303,1.1848663354793776,12.654748741303797,5.414697338670442,45
1762,128.0,9.35321725863546,3.907178164924648,12.65514425073891,15.023930333208966,45
1763,46.0,6.278415326091071,3.486321099764156,12.65540879097949,14.525726395399781,45
1764,171.0,8.146683332073655,7.887491667235357,12.655759817328343,12.341364546110128,45
1765,40.0,2.36421348490943,1.1280537625369647,12.656422713903442,6.693986666894997,45
1766,132.0,3.70669257207512,1.6065983782861115,12.65691891751828,10.674267697488258,45
1767,70.0,4.568044639650975,6.850174526268075,12.65706144124304,10.278453894782686,45
1768,121.0,1.3198902355508113,2.0326375243777517,12.657642533666937,8.090020333946212,45
1769,81.0,1.7684335452568534,5.329957182924938,12.657876700241708,18.378846539032107,45
1770,113.0,4.590050123051485,3.056599359077289,12.657977744115836,6.083529962138803,45
1771,144.0,7.721262690263099,4.835428533064822,12.658344021717056,15.060697739423482,45
1772,107.0,0.08458090542813324,0.17494437076261193,12.65995153860762,5.0,45
1773,53.0,4.833352030306935,4.2419306981101546,12.659970259275921,10.036260763982147,45
1774,145.0,3.687460357942274,4.414865382394472,12.661383738307823,15.955859970511153,45
1775,44.0,4.947281861866525,8.117445221828453,12.662430528456124,17.464529743415913,45
1776,61.0,2.012453120974919,7.017638917149922,12.663940540227706,20.0,45
1777,130.0,1.9629101130773108,6.775049676681829,12.664132608506055,11.97279136373952,45
1778,184.0,3.7436497747035236,5.375247926679849,12.665113973350751,9.72195292091557,45
1779,50.0,5.261146195465867,8.026846067816335,12.666270114499609,9.572844699084891,45
1780,131.0,3.9930377439385167,4.353674812887576,12.666486483951783,10.478679703746081,45
1781,104.0,4.97589264981638,7.8774509406829605,12.668236230523775,9.93260920539731,45
1782,159.0,3.141426954941058,6.508187166102532,12.669096183665788,7.825454115075042,45
1783,113.0,4.607752104118521,6.046005424568959,12.669233843040704,10.104283062683013,45
1784,86.0,3.7956384487965424,2.252357743145442,12.672328140753025,7.57480890439567,45
1785,124.0,3.417223063993192,4.639124619604966,12.672979892550263,8.501534827576727,45
1786,36.0,7.787438467572625,6.618011515774667,12.672985243284447,9.78961433129113,45
1787,99.0,8.894007910905827,7.320735927332784,12.673128011903763,20.0,45
1788,65.0,4.269663293266515,8.997098566023409,12.673289683218606,14.939743144003655,45
1789,148.0,0.7819058019297387,8.369309643716168,12.673419570519522,7.276250212933035,45
1790,184.0,7.119122628157743,7.164184342504875,12.676117882404796,9.699663251679919,45
1791,11.0,2.0149014599630046,1.146830051093698,12.677358577133303,17.9514306970892,45
1792,125.0,6.13574584166214,8.622304003513234,12.678315516642204,12.455965338096235,45
1793,76.0,9.84308516112318,1.1927283827799362,12.678470128041134,5.790989503896734,45
1794,62.0,2.0857726876334537,3.9482037838565986,12.678572707683129,12.42795194703171,45
1795,96.0,6.1481238883998115,5.404353935887133,12.679160626062355,5.0,45
1796,87.0,6.2532402484456995,1.0962241935614203,12.68112780099603,18.997445196949062,45
1797,143.0,7.462710674543588,2.73162587695178,12.681445746211038,18.550598605084225,45
1798,21.0,1.7962598842360356,9.216569011563472,12.68252506723939,14.192120827706951,45
1799,38.0,6.936809738974251,4.632089547226834,12.682808785719935,12.608804787055888,45
1800,20.0,4.278023248739267,2.733961519128325,12.682871242922332,13.888601978605658,45
1801,106.0,8.385283726888856,1.4147943958452802,12.684280819025537,10.184731976554225,45
1802,143.0,2.942840118023665,9.145103385188165,12.68430571998476,18.158373896641706,45
1803,93.0,8.00496972707688,8.683583114970748,12.685719101146368,17.682233823692506,45
1804,199.0,5.335362034355498,6.353705088765586,12.68613064320635,6.068685431599371,45
1805,35.0,8.80208328720947,9.808131387083717,12.687095053559075,8.310698265582143,45
1806,1.0,7.764460456252572,1.6911445742809461,12.687174352482558,14.014913519257975,45
1807,89.0,4.225051799401337,5.637996685790075,12.687790550380974,9.642708864946847,45
1808,115.0,8.947469097143326,5.323131410539451,12.68899109893604,12.640923928510084,45
1809,51.0,6.122361297713282,5.303275654923728,12.689462827126192,6.255423351043839,45
1810,137.0,8.5199762499355,9.545337293096717,12.689897132706433,20.0,45
1811,149.0,1.4040149005196223,0.7938749757600139,12.69016797115234,11.310221984436131,45
1812,104.0,2.2134946962591853,0.8162290869966649,12.691100597814781,10.161243484963833,45
1813,80.0,1.7803259388028414,6.334364440206182,12.691281018902863,19.406290880720515,45
1814,142.0,2.374708391575193,3.201446472789873,12.693264678949799,19.07853992611095,45
1815,23.0,5.545398544223924,4.547155625505194,12.694252421645572,14.958396869612375,45
1816,68.0,4.197802459439236,7.327224592684293,12.694823431321018,16.97016228130427,45
1817,53.0,5.552302358489246,2.9119197926531672,12.695229280898618,6.217276625698306,45
1818,79.0,1.3484125319349816,7.413842251534625,12.695928401260858,18.296474434920437,45
1819,130.0,4.341633917321442,6.006306024703319,12.69641412367216,13.718075007251423,45
1820,21.0,6.481690749900045,0.9690948553234702,12.696672128401712,11.568029891474097,45
1821,101.0,7.173428664778202,1.4372608577552726,12.697569917679296,15.145891200844028,45
1822,177.0,6.687647036905728,7.217838442261945,12.698062896615694,12.375261126346008,45
1823,135.0,6.0330118762730836,2.9285683780504614,12.69850110166835,8.646819903462319,45
1824,5.0,6.72152890157237,3.898436823581614,12.69868260179095,10.407306390440402,45
1825,157.0,0.11493421493342648,4.6404033767447785,12.700502514050466,8.442137886334796,45
1826,143.0,8.540029679722545,7.912949104489229,12.701099975136163,20.0,45
1827,174.0,1.1516989434107272,5.442952749076262,12.702358338702961,12.814265392474244,45
1828,34.0,7.70328082848268,3.1934424002769566,12.702684427221877,13.987671042599512,45
1829,17.0,3.182285232861677,6.905050924872256,12.703944715945305,18.381610752163105,45
1830,169.0,0.40783679956108543,6.249454721359466,12.704133403010509,14.128280792281462,45
1831,50.0,8.352865014618365,8.492203619479485,12.705165647099811,11.251695519785876,45
1832,165.0,3.373472504308128,2.454664063274178,12.706495959108791,20.0,45
1833,50.0,8.456301828446481,3.1937098203487446,12.706647959243492,10.584009556113571,45
1834,75.0,0.8094270446604468,9.133962620658764,12.70761313128141,8.80876890342072,45
1835,94.0,3.7146759156637152,5.319861573964122,12.70822112014265,9.658463429088558,45
1836,170.0,9.883873602098822,9.997591864912428,12.708336092685162,12.820079111558542,45
1837,67.0,2.7597157498249123,3.689595493738321,12.708376396775622,6.2557440580464565,45
1838,28.0,9.845243273449059,5.35568141140279,12.708436845641316,15.956167387349861,45
1839,58.0,2.1305805392026453,0.6484342964894818,12.70873268606953,11.47497520053803,45
1840,89.0,5.004635812905334,3.0640797009458653,12.709203313974287,10.34794289563882,45
1841,158.0,4.721512138756111,2.65618039701236,12.709892653168406,17.674259540666586,45
1842,43.0,7.5280879138921675,2.9177447314813563,12.709910003430219,15.164271532758079,45
1843,144.0,2.1891268967985145,9.155839836729552,12.710075586680704,16.503973822230382,45
1844,73.0,5.8118105365806745,3.9982637885796404,12.711289525510582,6.460203747101868,45
1845,49.0,0.41357192233847817,8.258675937006041,12.711490487651828,12.682603539910984,45
1846,149.0,2.068671753843007,4.047194765060778,12.712398361463825,8.80080811892177,45
1847,66.0,3.976004577462895,6.649401921345901,12.712930087866848,8.296844590923016,45
1848,35.0,1.7942610509504198,1.741097024653937,12.715155267985539,7.056971851504295,45
1849,63.0,0.18452102956047822,6.264232683085834,12.715651433814815,19.860046140279696,45
1850,161.0,1.768087582325213,3.3907299311782015,12.717325145246706,5.197192168979687,45
1851,45.0,4.131731421162604,0.6192460477036743,12.719767585996845,5.129395138411784,45
1852,197.0,2.197657701454995,8.053171443361101,12.71996370318643,19.867741431782605,45
1853,175.0,8.683401614273867,9.331834184767672,12.72001877634764,10.01394247945494,45
1854,194.0,6.698215975553328,1.439700767139851,12.720287824899085,5.0,45
1855,49.0,2.300092793858589,3.3371318038430866,12.720894212883335,13.640005127841992,45
1856,22.0,9.601733333993764,6.125941746653738,12.72109896333294,10.52630903688684,45
1857,38.0,1.695009951812475,7.655602625713121,12.724249906642143,16.630785734953704,45
1858,17.0,8.246932687741316,1.1917576106426853,12.725914859668228,15.882282146242748,45
1859,193.0,6.611157591555525,4.06032063953861,12.727520210499907,14.201349240984067,45
1860,120.0,7.547905921417232,5.626864880333017,12.728287601153186,14.141767835368261,45
1861,119.0,6.196982373332551,8.445142017904882,12.728913950336548,14.205388538923016,45
1862,99.0,4.103157543712945,3.1092402798586862,12.729890690428748,20.0,45
1863,17.0,0.2995210736366427,0.48525230078869774,12.73017955689574,16.174868272067233,45
1864,173.0,0.10322606908406806,7.69164763718678,12.73074436383839,6.513487286846363,45
1865,124.0,0.04447978098829242,2.757939076018061,12.73201960659316,10.920207829528445,45
1866,43.0,6.476695096602262,7.526323617025947,12.732514604934364,17.36237218328609,45
1867,21.0,0.42487009986145075,5.025871017445005,12.733124837119458,7.6885687629826105,45
1868,80.0,1.772427773245775,6.913198288203897,12.733526133461709,14.980403280324794,45
1869,192.0,9.160622019837149,7.5014395676035415,12.736068128293752,8.845930495224795,45
1870,121.0,4.586955402655568,3.975013768571686,12.736931129236758,10.236550633482087,45
1871,152.0,2.393514654919553,3.8923307503387816,12.73799096501087,17.18936521180567,45
1872,107.0,2.7956585421320304,7.623898323036659,12.739393421592247,8.558397054650332,45
1873,182.0,9.834678675296525,9.910068149867145,12.741166031393956,10.93786669008146,45
1874,41.0,8.255384376124717,9.229378815533652,12.743926061001188,17.592949068314425,45
1875,83.0,7.46546193835706,7.71425287824123,12.745090348046881,15.027916975065098,45
1876,13.0,3.9863397131034106,5.373516904219443,12.745799024121688,10.290869228372793,45
1877,94.0,5.117444169434996,0.37572843963379565,12.745998450634769,9.920058294975753,45
1878,124.0,6.207481209847618,2.048564335269475,12.746735258159363,7.831384062535832,45
1879,197.0,2.669135616758166,9.370346070754268,12.747115494930124,16.7155172450242,45
1880,28.0,1.0330866969734498,2.2934977394111344,12.74724905750508,14.171546783835,45
1881,144.0,9.9784312788358,5.031035028778938,12.748300951501626,16.438132090382375,45
1882,89.0,7.54914374356487,1.0563974037388002,12.75022287317436,8.705907020681773,45
1883,186.0,1.007126221770721,5.152544883577504,12.750869953264386,5.0,45
1884,58.0,4.160183284122202,0.8318385376230064,12.75208752701451,11.930048703798047,45
1885,50.0,5.754072390156423,8.209313717991746,12.752722025852584,6.793192261186327,45
1886,73.0,8.377474241964887,6.769188527146782,12.75294364847436,5.931096484331462,45
1887,198.0,9.745740523164761,1.8614317257742763,12.754446161783914,8.81935357324462,45
1888,79.0,9.129318047740105,9.735755166752519,12.755770800093678,16.157682812340397,45
1889,21.0,4.217748954956239,6.54732765971922,12.755993244239693,8.414878099370718,45
1890,171.0,8.37226330078445,8.104628564767062,12.757128098266316,10.671392538133764,45
1891,63.0,5.735497904612831,0.062350350563640244,12.7579663328002,20.0,45
1892,153.0,8.230935912826373,0.1755747982895517,12.760644196377207,11.19712491366403,45
1893,115.0,2.2382681614095237,8.955048338621378,12.762954021134439,12.613451564892475,45
1894,175.0,5.762326376538783,7.00586774916332,12.763677320915871,8.56547218025967,45
1895,16.0,3.3025555730993004,2.3007451650790136,12.763873054795978,5.0,45
1896,113.0,4.3405877739223495,7.953514211271494,12.763906410350772,8.99702419151439,45
1897,128.0,6.392416296494891,9.061754210333614,12.764113985228214,15.404950990043183,45
1898,31.0,4.8782730785121355,9.600877547092546,12.764639672630674,10.869476985028818,45
1899,73.0,4.628057784331988,9.675203201328515,12.764675326257716,6.970805398218373,45
1900,50.0,2.908417801780563,6.16777067992972,12.764740858174772,12.523500237568314,45
1901,94.0,5.576524508277309,2.8929436120869303,12.765469203331765,7.57360107774153,45
1902,77.0,7.49007676774483,3.5748727948750982,12.767193218202197,13.591409108972691,45
1903,80.0,3.56658305585428,3.457878392963508,12.768543635797094,17.16606141287599,45
1904,55.0,2.5410832448939202,0.9838530962139291,12.76865193345022,15.076165698979406,45
1905,35.0,9.480871963302095,8.10374843316693,12.768811319273425,8.37544322037567,45
1906,156.0,3.763766197225885,4.34346507750773,12.769571858735876,18.59097024940583,45
1907,100.0,6.164607725442521,3.3738876599550682,12.771180640136748,19.080603506477363,45
1908,128.0,5.9390053671530705,8.121269993061876,12.771556051607496,15.115672276017563,45
1909,24.0,1.296320407123891,7.317733310765853,12.771878478399426,16.933852250887142,45
1910,46.0,7.301237436706903,1.624369500609828,12.772501540183455,20.0,45
1911,73.0,6.534374521687708,0.5963686470398433,12.773236295727976,5.0,45
1912,113.0,3.9361160977529384,7.662006327578452,12.773570363271977,9.019700385019958,45
1913,14.0,6.6940121152936225,2.786621529605461,12.77409845425651,18.007787105921963,45
1914,150.0,9.630718703404257,7.999639526393771,12.775171595789354,16.049448483055823,45
1915,122.0,8.700152299838908,1.0644554674678797,12.775384294054954,15.534843986256108,45
1916,101.0,8.377034709768433,8.596719948230012,12.775620243371137,17.45494177509149,45
1917,144.0,8.817418834546478,9.746767901195293,12.775770187147522,13.361310468211071,45
1918,139.0,7.063006695188325,1.7507598213559017,12.777556260437713,17.64491651900979,45
1919,53.0,5.467773472268762,6.465375739730737,12.778758385313255,12.509706946941874,45
1920,55.0,9.78866236773735,2.5332447186290095,12.781556685471454,16.683458608223372,45
1921,4.0,8.815719859434584,1.5288913715116004,12.78179259657704,20.0,45
1922,105.0,1.8062853545790991,6.61717531305297,12.781968474037738,17.27047292378911,45
1923,40.0,5.780779936470902,3.6991874805566685,12.782095500576718,7.150071513112353,45
1924,135.0,4.558595410487594,0.7808805892712378,12.78352493387676,14.66893492680303,45
1925,188.0,8.611421191476392,6.083491673380477,12.784411151542209,13.28211654647186,45
1926,179.0,7.053376109201375,1.3573946853128682,12.78697113941235,16.185630223380535,45
1927,102.0,8.292689937849971,4.631291850066823,12.787007756828434,9.773740325507221,45
1928,177.0,7.085381074108912,2.584568330331333,12.787211792483639,15.471683444095659,45
1929,39.0,1.450997005049841,5.918670025070753,12.787455131626508,5.0,45
1930,77.0,8.90268438292236,7.538613635010517,12.787494116429478,15.410804486029456,45
1931,79.0,7.739214398210903,4.665546269243583,12.787650616699338,19.49379128476745,45
1932,178.0,0.26355337639901166,0.4668730478738292,12.788848554572958,12.930340686412496,45
1933,1.0,3.2926450237570215,1.0535023892236128,12.789855442672874,8.922022457825026,45
1934,194.0,6.411641299828665,5.281655672438163,12.790395368623415,6.422725680078241,45
1935,103.0,6.878610129764419,3.8286746525917,12.790616300384562,7.957338313512849,45
1936,62.0,6.273031536308901,3.412554364502187,12.791493352112496,12.633997761848809,45
1937,90.0,7.889648484796405,7.276651376649737,12.792505698129625,9.171024799884481,45
1938,131.0,7.463825061350093,2.249483608583902,12.792510926355831,14.44242440992198,45
1939,163.0,6.680961820848625,6.04002799044515,12.793238274863187,13.395046081065228,45
1940,111.0,6.0592273592850265,1.7884198994610034,12.794778817590794,9.817276758612584,45
1941,44.0,2.3230840688648624,5.850318121254459,12.794854686586193,19.25394989722084,45
1942,153.0,4.981810944953581,7.5685535456680295,12.7949747306684,11.087608560959023,45
1943,149.0,3.4400291598026156,1.3539785140777605,12.79543207202886,7.386428690893149,45
1944,189.0,3.797379857253602,0.7763149721380702,12.796005877707955,6.266759871224986,45
1945,114.0,0.6825763359981485,0.079500828867336,12.79653553920247,6.371084207271815,45
1946,52.0,4.529456468783659,6.328686920803937,12.79687374269002,12.919112556993571,45
1947,131.0,6.254480974126915,1.5525684508106763,12.798537421762953,11.22900273174308,45
1948,96.0,7.925856242720477,2.431205257589223,12.799178676793108,5.0,45
1949,172.0,0.4514487285719715,2.3400401535981064,12.799191366083823,5.0,45
1950,130.0,5.4099193815368025,4.630005286291653,12.800318218594079,14.509164846310666,45
1951,19.0,4.136267002758917,1.8719794356532726,12.803435181736532,10.63569470695677,45
1952,17.0,9.010923678237916,6.8429200928559535,12.804288585317144,15.956494409143605,45
1953,115.0,4.686892417535773,1.5269428779393401,12.80444937824406,10.737355531200079,45
1954,170.0,9.008043007880673,0.33432870225019506,12.80450366115545,8.688168289653829,45
1955,34.0,7.338285482294945,5.733128644466515,12.806763177666442,17.74219617449459,45
1956,38.0,1.8163779929545654,1.513534468103217,12.80707384935262,13.84826810476889,45
1957,103.0,8.530918102366961,1.7270398239088658,12.808063445924438,9.149673515698545,45
1958,14.0,2.4827181579607913,9.067910338329511,12.808900254909908,14.694491722271282,45
1959,105.0,1.715536210707188,3.1891025296660294,12.808948710427355,17.41842187478458,45
1960,43.0,3.68494337644248,7.521494093589221,12.809903969031264,14.563682782835482,45
1961,96.0,7.094479035238955,6.737409795549786,12.809963987816964,5.0,45
1962,160.0,7.1628828568996115,4.220162053645726,12.810388717457082,10.581099969779652,45
1963,109.0,0.7783261605167158,8.022779810191986,12.813386185696475,17.094086709158283,45
1964,151.0,9.639122091728211,5.690085163706873,12.815068837523539,15.131412850330037,45
1965,50.0,1.060383611336695,3.6452970855804843,12.815240605759943,11.30160733106294,45
1966,24.0,0.5704368169161056,2.3760698684075585,12.815467204075386,16.942217951988045,45
1967,165.0,1.982566240382393,3.558385182424436,12.815678659756735,20.0,45
1968,108.0,8.44330251015269,2.5754728685861608,12.815841301310192,6.705490624579336,45
1969,192.0,1.8139161442148966,8.76768479792087,12.81603448332036,7.073789574227096,45
1970,153.0,4.576326742181135,8.496873767887042,12.820732060120497,10.070754872519837,45
1971,106.0,8.955854491322576,9.563554246480406,12.821659696237244,7.352462886877827,45
1972,59.0,4.594016927270614,4.944000493074558,12.822377792003188,10.122351349598079,45
1973,57.0,4.310390933817772,7.445771828141319,12.823406879238686,20.0,45
1974,120.0,0.16367583502369443,7.538638580067997,12.823573141315759,17.16677309094219,45
1975,33.0,4.204480035317704,7.018676586939647,12.824544280820616,7.894422623835051,45
1976,148.0,8.136207162153188,7.922909735010759,12.826206733498426,5.794043161616861,45
1977,183.0,5.726594249824188,6.481219629746756,12.827058738936131,18.844833445549614,45
1978,155.0,3.775332030583438,4.6990802940201535,12.830019755170895,6.275248056395072,45
1979,51.0,8.434160407115613,7.828322401048179,12.830291189724246,5.0,45
1980,160.0,5.255834628056628,3.254420970460341,12.83035255565224,9.294262414499228,45
1981,48.0,7.82564667175493,4.854028740549956,12.831041325680605,20.0,45
1982,101.0,5.080179187207041,7.226906635544305,12.831421470334321,12.65355846899851,45
1983,28.0,5.732829497853347,1.3077199871020218,12.831951950053988,12.55606156776656,45
1984,8.0,1.3110597937400448,8.656983409410943,12.83195927091085,13.509124385474294,45
1985,120.0,3.480724754071729,6.380269455093531,12.832056223800365,17.280620778749284,45
1986,53.0,3.4338212092725406,3.4316665173650316,12.83444232436807,13.042983995777233,45
1987,138.0,9.53111968497875,3.0703036322885424,12.834902664973358,10.384449121583769,45
1988,140.0,3.0434570803370775,7.591224338506772,12.835614348221549,8.567800060100705,45
1989,170.0,6.433581057931433,5.780142563480512,12.836039083225014,11.045137617665517,45
1990,33.0,4.3262490827414535,0.5153387364801676,12.836112919938515,7.9826303593503685,45
1991,102.0,4.652852530967259,5.903565871252287,12.839654466356476,13.007092818118112,45
1992,130.0,7.112975338654591,5.267016707490449,12.841411711736624,17.192590619155077,45
1993,144.0,0.953215886856319,7.825920761157946,12.84175512944523,17.396221094274477,45
1994,68.0,1.8789016988039642,4.049132634811231,12.842193647158556,13.473095987268971,45
1995,134.0,3.9038918490286023,5.753467224050782,12.84320019006094,5.547012399403695,45
1996,104.0,0.7608040858184406,4.106235881858052,12.843540709182612,6.721220003322101,45
1997,57.0,4.8016097526865416,9.02098680406989,12.843606071499241,20.0,45
1998,165.0,7.824497539306405,2.8724635893503017,12.845733591732534,19.369924670096843,45
1999,89.0,4.7469506932407315,8.474014588650858,12.846213538567168,13.538502831794936,45
2000,120.0,3.373200447351823,0.5809222947747661,12.846644006976003,17.514150745297332,45
2001,179.0,8.865330157342425,9.819615153181644,12.847380983160633,15.379387069626691,45
2002,115.0,5.578939787361284,0.35730424886852186,12.84774410921741,10.622348216890604,45
2003,130.0,7.812306510028161,2.0264776430531906,12.849037531163505,11.48961935183808,45
2004,136.0,6.534654693713099,2.8822983309310546,12.850720174813238,13.112876829414382,45
2005,125.0,2.1972795901587916,0.6174475817451586,12.851253963796312,15.01014334005611,45
2006,161.0,1.9933189524491601,0.3713615551219063,12.85137040233571,10.297930133138744,45
2007,166.0,9.323719406921997,7.955618161704119,12.852451586265506,16.22373701188543,45
2008,128.0,5.848467030993998,2.2967635593177214,12.852752347339043,17.09047972945217,45
2009,95.0,7.603491963064924,5.63886033734629,12.853461053338854,7.805802774170584,45
2010,84.0,5.087384762683055,7.408938033362336,12.855267160007314,11.018089147842828,45
2011,156.0,8.318207220016514,0.25371893486299535,12.855381199752092,20.0,45
2012,147.0,9.534388247033142,7.822109477132184,12.858228467194744,12.71821627504046,45
2013,195.0,5.421764163162145,6.7099386367027245,12.860165825044602,7.586869873975015,45
2014,193.0,8.606484754683704,0.9920992766091086,12.862329271809525,13.431004783058215,45
2015,192.0,6.799769889771914,4.019510566937614,12.86589886553043,9.893248211680397,45
2016,96.0,2.5421656043430474,4.037417634772524,12.867630447591882,5.0,45
2017,74.0,4.48201645556206,5.286011513632505,12.86817441599132,20.0,45
2018,187.0,4.514852283891039,2.4154345667714425,12.868663986367187,15.848266403494897,45
2019,46.0,2.2425219501600377,1.2417777396894636,12.869353856134829,18.730554513227105,45
2020,16.0,2.856500126417197,7.733834025921588,12.869365112317796,10.17640518881888,45
2021,85.0,2.469023514653086,3.0099500583763126,12.87040049403197,11.183098699325058,45
2022,56.0,2.440728223065322,7.8179291437309715,12.870678563990296,18.4997856636339,45
2023,8.0,1.318954830276431,6.475385445295018,12.870774633519162,14.672294625949375,45
2024,112.0,1.7779441319277223,5.78521165958544,12.871106353017566,12.984642951973541,45
2025,7.0,4.189309544933649,3.90461918331774,12.87148633922774,12.932010853477683,45
2026,77.0,3.4539777854987,0.18675614753740466,12.871901219213804,7.312931228456072,45
2027,159.0,5.02138013979457,6.8693630338465725,12.873099648763638,8.928186398209576,45
2028,164.0,0.35561316266380594,5.37486887966994,12.873457769026023,20.0,45
2029,78.0,9.23004021821347,8.285098865794904,12.873557209799117,5.0,45
2030,2.0,7.896723837176005,9.84393958071329,12.874092928483659,11.110993369781962,45
2031,7.0,8.240312870822088,8.613170239555474,12.875138595584696,16.576131851002938,45
2032,109.0,5.331332499036144,9.743697761388606,12.875934229914296,12.380315722666554,45
2033,98.0,5.252567234628477,5.825888847605856,12.8764063640161,8.705134780463784,45
2034,13.0,2.3725568341332903,0.49198151562231174,12.876508938909335,12.607410906549388,45
2035,68.0,0.5493132042463789,8.04053309632374,12.877494085544917,14.656542006490518,45
2036,143.0,7.521711045335918,9.546046935633512,12.87987236643949,17.542664760136322,45
2037,20.0,6.457545645423409,1.530690608812627,12.881683103458014,10.321533119108542,45
2038,40.0,8.874195574009189,6.977030144582087,12.883176107346126,6.671479883165794,45
2039,134.0,5.82230055677077,8.601152537495684,12.884193742282925,8.707904374121814,45
2040,117.0,3.3524854990626842,4.77536150120443,12.884250903613044,10.315758742637998,45
2041,87.0,0.12501661146784304,1.080662640073431,12.884588664393807,12.034371893660804,45
2042,72.0,4.340928075812206,4.906211839765977,12.888179076710625,7.660990200354251,45
2043,110.0,1.3595953149158946,4.147626483876188,12.888579631398898,14.833234527693767,45
2044,89.0,9.165771977942029,7.423603278693486,12.890536764465793,7.7724798661809835,45
2045,151.0,1.007885728185749,1.4747691529788698,12.891083931370481,15.270794665206301,45
2046,121.0,8.810478203227708,7.4498526375696805,12.891424511643313,5.501721513574832,45
2047,89.0,9.014918706917953,5.1150882687432055,12.892380854843331,11.851293745072768,45
2048,151.0,5.140341252259619,4.282116195333275,12.892443011490315,14.761538145976246,45
2049,23.0,9.379275373379905,7.798734916993285,12.893325372222622,19.162267758666633,45
2050,73.0,6.167534860777612,5.0436719981947045,12.894530073965553,8.301563654379203,45
2051,76.0,5.057666377208738,5.748554892513662,12.895364794624122,6.6891741214186755,45
2052,159.0,1.8101368223578262,1.5423241629126694,12.896870398539015,8.19146939379662,45
2053,99.0,2.812775478468673,4.4471616024151075,12.8976094467207,17.287545025569617,45
2054,140.0,1.0363869069486442,6.354449098897494,12.89824916701776,5.0,45
2055,141.0,4.740629089888582,7.1706124125704225,12.899020008050002,12.22117827328738,45
2056,139.0,7.882750135168789,0.6803052796352238,12.899085290246648,19.665342268342055,45
2057,24.0,4.5478000928093305,2.138322748944883,12.899229544480479,17.393018118986056,45
2058,43.0,4.026901484044082,8.820643949689304,12.899322130904679,20.0,45
2059,21.0,3.4225430282019764,0.4170605259748128,12.899655376928532,11.521472047513418,45
2060,89.0,1.0588548421982313,0.15552247836587596,12.899720907544172,10.867614603899334,45
2061,158.0,2.6283116949011176,5.9550497986057085,12.899948283094735,17.45173856081087,45
2062,191.0,2.384932756895768,0.9182800958495085,12.900157788486073,19.231219617237112,45
2063,111.0,0.21851993370468725,7.8747345852655695,12.900491526928228,8.507341405917325,45
2064,16.0,5.034915757093485,9.282449812962554,12.900796718784694,13.026438564037086,45
2065,130.0,7.104118603834132,3.9222766815165935,12.90138793339727,20.0,45
2066,47.0,0.4310217833068475,5.529617408569518,12.901833787846982,6.862436045913114,45
2067,8.0,9.375088185416306,6.932120208290181,12.90261577579345,11.638444727033196,45
2068,173.0,9.927458909376996,1.8579328315494126,12.902755648713375,6.784380793588689,45
2069,44.0,2.9544426557351375,8.73095718869864,12.90506399542606,20.0,45
2070,109.0,7.404415860458121,6.7957468696479335,12.905881961176124,14.104991065235932,45
2071,70.0,9.625316884946324,1.3534190984304617,12.906168618073036,10.114606054216562,45
2072,79.0,6.46247047300883,1.951938323133201,12.90731432781626,17.666888784984256,45
2073,1.0,9.553265039086199,8.276996320969227,12.90769108385453,7.647076039505835,45
2074,92.0,0.7307594960728026,9.405834526414703,12.90893912791633,10.774272516657067,45
2075,13.0,5.537134291234408,6.1577165752819365,12.910939192885902,12.710796362583952,45
2076,34.0,4.375313765839257,4.364551685430436,12.911061570531068,18.302005112749097,45
2077,168.0,4.034883670045254,4.1447585489812475,12.912177561677197,14.652843881164738,45
2078,25.0,1.896192366998316,9.854064055278316,12.91301045593872,15.526824393066123,45
2079,110.0,5.8004423872876885,4.801262065756765,12.913862260134804,14.659171812014403,45
2080,147.0,1.1503825428176595,8.869080885562601,12.915621501454847,13.945992947369628,45
2081,126.0,5.28817231448206,1.7310028073263073,12.91620115564883,11.25226731550296,45
2082,43.0,4.477867050210948,7.347216703536442,12.916641897907878,14.707674091693631,45
2083,92.0,9.698263113913313,0.38446485788183105,12.917380349061137,8.993452174175934,45
2084,47.0,0.6623340866897853,2.018908535000784,12.91794025354529,8.843517213622256,45
2085,16.0,7.556679546037096,8.236892491731616,12.919716159378554,5.717731600405924,45
2086,166.0,6.14583273661683,9.741293674567663,12.920240132671033,17.342932072541902,45
2087,49.0,3.6053274334518703,3.406433478855433,12.921735620858406,14.78290662016671,45
2088,73.0,4.784807357760647,5.513722562539734,12.921789719269851,5.186190307823496,45
2089,12.0,2.2264606446152935,3.4685589563656993,12.922084191415596,17.524209898466587,45
2090,142.0,3.80446075958743,7.438181555769361,12.922571282294742,16.767354238160067,45
2091,150.0,9.74933824533775,3.2385231066767672,12.92257322596332,9.820391058754842,45
2092,5.0,4.926482311047181,1.8459940674884256,12.922853510375583,7.27131753864728,45
2093,42.0,1.0408221443154897,7.660555722137676,12.92295345156873,7.569877812761107,45
2094,74.0,7.068775087408402,4.584489212639796,12.92323050739775,20.0,45
2095,20.0,5.339318040029997,2.944288618603829,12.923662832146995,11.695897871547766,45
2096,9.0,7.976479100438488,4.65582485550067,12.924753790292101,5.0,45
2097,7.0,8.051973996312666,7.288476438317051,12.925623252522154,16.277456937669662,45
2098,46.0,4.3344353938032585,5.6924877044875375,12.926112759593265,19.4209922639766,45
2099,90.0,2.90500219748468,1.3628318911400128,12.928412964229413,5.2344816612022855,45
2100,115.0,7.998486423371508,6.17717341402506,12.929770726082886,12.241438651852976,45
2101,29.0,5.081090741088234,8.575910151189829,12.930453678255386,9.217804538457726,45
2102,155.0,3.453911644956822,8.46067152353821,12.930704003192538,7.2203557033758745,45
2103,115.0,7.689925302422358,4.483807813051476,12.93076140411501,13.085757461049662,45
2104,103.0,7.738068595503005,8.423925466510337,12.930804404368942,11.451239484248873,45
2105,62.0,6.4106304088325015,0.7376439521825451,12.932079289437594,5.0,45
2106,164.0,7.833994263517905,0.003958463804611956,12.932385895512605,17.662095430069073,45
2107,51.0,5.938006660566319,6.026991205028633,12.932580956102061,5.0,45
2108,49.0,3.0285259155124686,3.655501529070974,12.932746916844119,15.72953881198551,45
2109,49.0,5.734717199517302,7.639916740667151,12.933911572386252,17.898221368286976,45
2110,130.0,2.3620636685798893,8.02454595279684,12.934485315811592,12.81869198516931,45
2111,190.0,4.854411790872321,2.792883299979554,12.935747662365564,20.0,45
2112,10.0,3.511072364584986,8.865325929586335,12.936088094427483,9.120776561452416,45
2113,189.0,6.716122158875802,5.189964368875862,12.936927287185961,11.256926245095794,45
2114,136.0,3.081248012599308,6.136509783724245,12.937353575929144,17.825982318878772,45
2115,106.0,9.618956989754178,0.19273617474210747,12.937372731678094,8.278659190280148,45
2116,66.0,6.999359987601517,3.711057013203829,12.937850202006247,12.142786547308361,45
2117,45.0,8.790230519393539,5.05290873565318,12.941584820494636,6.519504794014601,45
2118,86.0,2.594068210403001,5.457759594936377,12.941637235027226,7.658106740836121,45
2119,160.0,0.2552430257967253,6.0051300032853465,12.942145770070207,8.127770084290516,45
2120,151.0,3.346607559593171,7.767117778909127,12.94241337837658,13.687575048202156,45
2121,118.0,6.569042218986958,8.460436542514373,12.943426387064015,16.143422594112735,45
2122,105.0,9.016830287828006,0.4820445876783652,12.943656604708973,12.133097562262051,45
2123,74.0,9.01466142338933,5.2087526358708836,12.945252270305625,19.50697717987543,45
2124,189.0,7.480871898717718,9.118833262561258,12.948029809311645,5.090218210943553,45
2125,35.0,6.267848124766607,0.8260449993125518,12.949518727854791,5.0,45
2126,85.0,9.943800675361361,1.8484796420664384,12.950651037680533,12.938448996250894,45
2127,99.0,0.048925911964738944,5.21282389562455,12.95191120085505,15.366480589664063,45
2128,58.0,7.553717636340888,0.039195868602608375,12.95199601805142,8.707310885276968,45
2129,162.0,3.3369033587389585,0.010691616386443448,12.952823319665264,15.780433111277674,45
2130,105.0,4.067483291999553,6.592202642760787,12.953129633145329,15.76103503766148,45
2131,89.0,6.729978896534471,2.510972793570594,12.953189470915792,11.6394536001712,45
2132,166.0,7.176097448829775,1.4211612592037715,12.954248289535036,14.971628983501375,45
2133,11.0,5.542547011049792,1.595992463331658,12.9549299316472,19.122416192276162,45
2134,61.0,5.14086637615712,0.6893281707194854,12.955275062787681,16.185477000048714,45
2135,143.0,9.892908979563472,3.6892109731775835,12.956357823489274,19.158369333046732,45
2136,57.0,7.4878429718455495,2.807425989817709,12.957211369523867,18.825888262526053,45
2137,99.0,3.912985627074137,8.111502312455718,12.957947049229238,18.308997051536874,45
2138,105.0,7.557732118360941,2.9520570138356583,12.959720504340103,14.690590344994451,45
2139,152.0,6.395316243077302,0.18035392840017983,12.960564402687858,18.20118278642186,45
2140,192.0,4.661356196971946,2.65708620692624,12.961990201870284,6.425880141323946,45
2141,96.0,5.798067737663924,9.38154339274854,12.962186863579015,6.430275771081174,45
2142,169.0,1.6129210457444332,7.345186563567961,12.962681480692336,12.272759567117323,45
2143,179.0,3.951101577078507,7.862036906279318,12.963626175642547,18.43781163183697,45
2144,64.0,1.8904265192599778,0.33314972269091747,12.964262444174627,18.623362558841627,45
2145,50.0,2.071126454043436,2.048120274271832,12.96457062651725,12.261070233810537,45
2146,183.0,1.7223728843719377,1.3310601753067453,12.96941019188348,19.900721912268015,45
2147,157.0,4.290832191221174,0.525417790035021,12.969922084781423,8.63098340542348,45
2148,139.0,4.936054423601229,1.2747053914646023,12.970073542837648,15.314911808482702,45
2149,131.0,4.858917354077564,8.360363091406999,12.970120877684943,10.754945407061141,45
2150,176.0,2.1057437913962964,8.028950906216526,12.970690343428757,13.039488480149505,45
2151,160.0,4.252735247640691,5.7210765795793055,12.970700747623706,8.970012407265603,45
2152,47.0,2.5670294648370917,5.847346072412586,12.971408788731333,6.168652994884141,45
2153,16.0,1.9362242816623731,7.276029219137533,12.972531661348564,5.0,45
2154,54.0,3.9916588422017165,9.997689648723608,12.973261946826021,10.613564431962535,45
2155,6.0,5.936508645984335,3.460217608120538,12.974201366511217,10.621671188965664,45
2156,181.0,9.646021320179258,6.076952722725482,12.974353558663644,15.915392597425605,45
2157,11.0,0.025423021999002593,7.971935469795309,12.975077975016484,16.643775758613064,45
2158,85.0,4.777048679680332,9.655247575493682,12.976723234155573,9.158687221505255,45
2159,93.0,6.33734050868795,0.331362064160996,12.976737532535203,12.849430530434173,45
2160,138.0,9.9949298189158,9.66703156200197,12.977130533983898,8.739772902152236,45
2161,16.0,4.010877837072807,8.649912181532981,12.980137924361628,5.0,45
2162,189.0,0.29177086815838416,7.35935141474379,12.98067144167476,10.142732937898348,45
2163,165.0,5.716746844761467,9.879276848520606,12.981997811446547,18.860748366814523,45
2164,53.0,3.079280518668689,4.754486985217127,12.98216451065813,13.117646689768284,45
2165,69.0,7.187584384819647,3.673225582838638,12.982963092579304,18.85409373301199,45
2166,110.0,7.342134128263061,4.205172141522528,12.983131987225185,16.126293294212665,45
2167,133.0,5.899207179448847,6.601706482730483,12.983369428260875,8.389443631365285,45
2168,17.0,4.1581257932271365,3.1484227171803214,12.984704725487497,19.120771836026467,45
2169,133.0,5.237935926818288,9.868708095514572,12.985414525616328,11.57597268294505,45
2170,122.0,3.53468349043962,2.461968927732605,12.985828324239183,14.193088021013313,45
2171,189.0,0.4675876652214861,9.588363839111592,12.987147852575124,8.331931085336137,45
2172,104.0,7.188649304256549,9.340667545371845,12.987850010386058,8.716196279627171,45
2173,126.0,3.1788710239921345,5.345785160656959,12.988155359727386,14.680939917949091,45
2174,191.0,0.5998101691959534,1.003912507566621,12.988589270029346,20.0,45
2175,34.0,5.708899687830798,8.837566003945508,12.988921986059102,15.609583806423483,45
2176,120.0,9.86630012127666,7.6698086831223655,12.989010228799387,16.377968470807406,45
2177,168.0,7.628136078638212,1.4411558374288802,12.989086663617098,12.721979753213644,45
2178,121.0,3.1655085318112675,9.474093160456995,12.98915982256662,5.0,45
2179,161.0,0.15672621752092164,2.101599051339095,12.989372791246687,5.504409304458379,45
2180,120.0,5.4605777229303705,7.525636438162188,12.990240240329543,14.280753779670071,45
2181,160.0,6.10468934629958,2.2119430225656,12.991813678241154,9.002237215481598,45
2182,154.0,4.059423112735559,9.541627293852766,12.993415203429189,7.328506541691179,45
2183,51.0,4.076263717433739,3.5559358167674224,12.994000074847337,7.1411757957593816,45
2184,25.0,9.940259459663693,5.425904945290553,12.994292402058983,19.832949820434017,45
2185,175.0,1.9444567664882229,8.846457283974384,12.99610979137191,8.511205593840526,45
2186,120.0,9.171487328966384,9.86562530085249,12.996473783019757,17.7253927519204,45
2187,153.0,8.59742350377592,4.000246284668643,12.997265949358237,12.576669158721266,45
2188,75.0,2.8804577873261494,4.685019343624587,12.997878557033403,9.111277427551487,45
2189,99.0,2.3189399131783306,7.794194942083482,12.998514521985733,17.30356609981546,45
2190,1.0,3.2462905186271884,9.486626790859813,12.999083931677117,10.96214178778776,45
2191,189.0,3.284182984817271,4.124037376956508,12.999984822685981,11.138875517541884,45
2192,84.0,1.5296531436171223,4.9707392552019725,13.000545715103547,8.817775431857228,45
2193,67.0,7.17179834509076,8.946554513018434,13.00126320812764,7.58696437885803,45
2194,168.0,0.12046384933596888,8.92820520138679,13.001609252044508,14.321526153978404,45
2195,29.0,7.803508243795677,8.431923065197385,13.00260350670556,8.152481485482655,45
2196,161.0,6.569983151556464,3.1764297884909687,13.003798852087042,11.490788923687724,45
2197,28.0,4.291082828891568,7.12413104785594,13.004014764816077,14.062517961510654,45
2198,133.0,0.7144415350053057,2.0145457378411367,13.0060584295235,9.786498486434642,45
2199,176.0,6.725626296535418,2.1303086874229282,13.006101230630016,16.06663598072551,45
2200,56.0,5.444674863125424,1.776560047033443,13.006161677966697,18.549311549196776,45
2201,174.0,3.5927913226659025,1.9122648867915681,13.006978919130313,12.994631214658183,45
2202,142.0,3.7925958006637583,7.344699820923619,13.007097570385262,15.511131166885203,45
2203,46.0,8.540846038824242,7.675440466654006,13.007343830957586,18.58157846462861,45
2204,39.0,2.1802445471991994,0.9991076472551363,13.007871760498833,5.078152003763503,45
2205,46.0,0.724508295230436,4.311962514943111,13.00851936689711,18.905107008814554,45
2206,93.0,7.971033231117658,0.515609861776446,13.008746550931898,15.86518882032056,45
2207,119.0,9.860251203201665,2.8793758358847588,13.009155188591379,12.892282630416544,45
2208,17.0,1.3403935540630962,8.38945688240987,13.009580021343552,16.80821238330549,45
2209,128.0,1.6885889938286502,8.506761200039374,13.010328249673227,17.892686925085023,45
2210,78.0,1.4683328045132615,9.065500080935381,13.010708516246215,6.7753378689370845,45
2211,197.0,8.867580837938938,4.75662819555302,13.011673785758253,18.812990586178586,45
2212,37.0,4.918688217346716,2.806195311644022,13.011846475792849,11.522188270117232,45
2213,2.0,5.141049402366578,8.625757860159535,13.011877028045728,9.548651681991185,45
2214,0.0,1.035187180704047,0.4514037821401484,13.012709761644047,7.1107118043180435,45
2215,30.0,5.8369568624072965,3.222658624333162,13.013202684478415,14.764889774671529,45
2216,184.0,8.041785429442212,9.365866967652268,13.015458057762665,11.089774330209853,45
2217,154.0,2.8489675712770266,5.598619253816285,13.015741150404248,7.4181017077611955,45
2218,126.0,5.127900045498536,9.832521876004828,13.018546637595337,7.61718931745111,45
2219,134.0,0.14915371542391975,3.4933593763088364,13.02036158987394,5.675049329653866,45
2220,141.0,8.922371279866091,3.450704020705034,13.023000560005135,11.285745574898469,45
2221,186.0,0.6789964078638067,7.572323978671754,13.024068054536594,6.222633465904552,45
2222,90.0,1.03617743245781,7.884778467142823,13.025707127975828,9.575545991261537,45
2223,41.0,8.985786833066197,2.7961077083867503,13.025727470067324,18.807219199673927,45
2224,64.0,9.743690706410286,0.15512741034482302,13.026400607402955,20.0,45
2225,115.0,4.578775091667675,7.3579936211593004,13.027229075210151,10.836017325223674,45
2226,76.0,6.27090360437357,8.059033828813085,13.027269415802003,5.0,45
2227,174.0,0.8935800441059283,3.0423473281676037,13.027347514922038,12.749753155177956,45
2228,141.0,8.212514556912918,8.016382932919877,13.028008052958732,10.293839429614142,45
2229,112.0,1.1323826624859101,6.440554767646864,13.02813441030096,6.559689953808077,45
2230,79.0,0.16902798079335368,9.491773815778572,13.028820579305815,19.541790274003176,45
2231,48.0,9.769429125888957,6.319610379319594,13.028852428337483,16.221505858087927,45
2232,155.0,5.335789574692999,6.109053912079155,13.029370235318314,7.81359309362634,45
2233,103.0,0.6889736051058704,2.2017224693838724,13.030104996260587,8.328462811793004,45
2234,164.0,5.0256238630377155,0.37274721151564494,13.030333384905031,14.411514639017048,45
2235,84.0,7.590746077445648,0.17627771590167263,13.030364675637333,5.0,45
2236,114.0,0.5440680693293798,8.814398074086148,13.030581288701118,9.252964001044848,45
2237,92.0,4.852135279763722,9.245739036255094,13.030732855234305,9.445477712828815,45
2238,108.0,4.688499181140413,3.4123462125967596,13.031654142877878,9.759146016030357,45
2239,180.0,4.497860332046466,5.970332343824834,13.03175236745544,14.527888931521417,45
2240,122.0,8.103958540261555,3.4664741159325816,13.031779912673622,13.271627410278663,45
2241,5.0,1.5236672723973421,4.220463294482849,13.03178912753062,8.993129342597713,45
2242,138.0,5.483576866572049,8.994899350987222,13.032221673531625,5.889394244938946,45
2243,11.0,0.9873228127585232,9.464628913486434,13.033655904768072,16.039662590530348,45
2244,92.0,6.7787893038166604,9.08193152927807,13.033763273070406,8.70456704701786,45
2245,159.0,5.396440647133437,8.032902386712516,13.033953342346484,7.9917934032653175,45
2246,40.0,7.760226948994066,4.166368459074738,13.034041974716859,5.768656295942916,45
2247,10.0,8.517518577677638,7.716251959798086,13.035946053090823,8.325679461846434,45
2248,111.0,0.119113741751673,8.06426199976002,13.037548162283137,14.697088953372798,45
2249,42.0,7.648372764538667,0.12796157582745438,13.039919076529358,11.255403787727639,45
2250,159.0,2.831797218190315,4.876174578334754,13.040007047691578,6.995533273899175,45
2251,198.0,0.9461579330707459,3.1189252640217093,13.040272749377282,13.431579625593624,45
2252,122.0,5.60064680554103,3.4892285453406258,13.040305386577682,16.124457865652566,45
2253,136.0,4.7577500764816385,7.830054679061972,13.04163213658796,13.953057247115565,45
2254,73.0,6.421688075448019,5.657237015786565,13.043630123695037,5.0,45
2255,136.0,4.42335918016843,5.613099135488573,13.043634694613734,14.774615455313603,45
2256,198.0,6.955706354090126,1.920987835675405,13.044331541062142,9.52073231438317,45
2257,175.0,9.064642136721272,6.815114574129173,13.045571710671906,5.117136020753817,45
2258,105.0,4.1482174182532745,4.338275533004671,13.045852937880339,15.554636495133835,45
2259,161.0,9.135489401061239,1.014186317408502,13.046530579667856,7.918686102856068,45
2260,120.0,0.5221938666155113,6.530790386295689,13.046570153488384,17.807556202629854,45
2261,116.0,4.472879585141993,7.499641185365241,13.046955096040337,7.191903152494373,45
2262,27.0,0.6164013828202519,8.671577585393232,13.04756052228553,15.719322707704181,45
2263,99.0,5.67970690867908,2.1317954649104642,13.047698494864296,15.701306759422742,45
2264,23.0,4.56325431976365,6.744638082580444,13.049361295817706,20.0,45
2265,120.0,8.865594747654683,0.29451200305333214,13.050021336063768,17.702305456266497,45
2266,50.0,2.2321969625466176,7.067381723338912,13.05013257166789,9.681753345350154,45
2267,175.0,5.949796223808745,2.4023039825221595,13.05389089235957,5.458986793253814,45
2268,72.0,0.8483319134016398,2.7456040996615405,13.054199398437639,10.769678904045417,45
2269,77.0,8.147844418929276,9.822752651809637,13.054653912948627,12.391010886404912,45
2270,43.0,2.266412981339414,0.3185776170840293,13.056904857916019,19.404190875706142,45
2271,176.0,5.011248795363638,6.199623824086472,13.05705604904375,15.147470165082003,45
2272,93.0,8.432542663038433,1.5035440008030687,13.057062206711972,14.952371350361433,45
2273,96.0,2.4042213734777795,4.8615700721750335,13.058586986978588,9.024098904070552,45
2274,67.0,7.002655974310279,1.8868972702400477,13.060021096323037,5.841798916245786,45
2275,12.0,4.75101685837109,8.223745829064876,13.06016528131546,12.480659216325297,45
2276,92.0,6.5657412348891375,4.767114136379429,13.061451598450386,10.245317187450999,45
2277,191.0,2.647683263235747,5.781685968662494,13.062105323279297,20.0,45
2278,32.0,7.3149269107439725,4.3156153987217305,13.063678296741182,20.0,45
2279,178.0,0.723924533401773,4.375536422868795,13.063763633192323,14.890847019708227,45
2280,7.0,7.479765341422074,2.466590208325875,13.064072012552744,16.972593680388023,45
2281,137.0,5.607336415701184,2.5819035861562267,13.064672044097712,17.747297969702977,45
2282,115.0,6.539675064011182,7.784943521267211,13.064925050222119,10.612149444350461,45
2283,107.0,3.267730237570665,6.410669368267251,13.064961816222635,9.024321074238813,45
2284,199.0,8.097178303500243,5.138800338691173,13.065667001897939,6.355384866835774,45
2285,5.0,4.56505986343723,9.364344955926457,13.066033890868766,6.017498443953626,45
2286,15.0,5.732230451483068,8.840392252371657,13.066080204618533,10.417559573116591,45
2287,40.0,2.55287139542605,6.411549597559025,13.067704351705302,5.4787395611073695,45
2288,41.0,4.046342408235293,9.435534110758951,13.067724058707551,19.454538528936286,45
2289,111.0,6.714825293075533,5.601612883201119,13.067739973711268,10.244112489702557,45
2290,150.0,8.099944682912119,1.620856940019112,13.068924418579606,11.855969698201708,45
2291,35.0,3.18387562467061,8.613410631434684,13.069604872503307,7.600265613184884,45
2292,181.0,7.068923252319265,3.803091318977909,13.069837638315216,20.0,45
2293,153.0,4.260194047523865,8.411276081053433,13.070071397820804,9.433592730440077,45
2294,171.0,7.897233760840681,1.834818630231172,13.070186185439557,7.757430874563461,45
2295,123.0,2.616854790267693,4.648583420229205,13.070470489746553,11.548457187864663,45
2296,83.0,7.459759473198119,3.879898552257016,13.071137104817458,16.23665534848475,45
2297,57.0,9.148398448426976,0.4205008630204554,13.071326337438236,19.348034472822846,45
2298,71.0,3.0701318566677873,4.3724406264464255,13.071443982999163,11.480892762617522,45
2299,117.0,0.45318012599621427,4.2054278025731815,13.071769106115966,9.9287267727202,45
2300,10.0,0.18937077658463086,0.5903479815528145,13.07257078125945,9.229869035319018,45
2301,115.0,4.45302546209029,5.711574521373851,13.073284725525472,12.896612658708104,45
2302,9.0,4.670445046130633,7.449545416209973,13.07496009351948,6.5374374970702185,45
2303,1.0,7.636224638532642,8.700848768997611,13.076553740429564,12.784063572527232,45
2304,63.0,8.298417727117526,5.533144367441414,13.076864931371222,14.96473432076084,45
2305,126.0,4.832920587088189,9.655075526946385,13.076953929715545,15.735382384958134,45
2306,15.0,1.894582817948638,0.9427601358724591,13.077257271981496,7.299841019160224,45
2307,37.0,9.468104575949372,0.8990450995511701,13.077328209558257,11.422104733112391,45
2308,82.0,2.6940705059392855,9.243492894550641,13.078245127909696,12.230620805798733,45
2309,112.0,5.910222591920124,8.423163898864678,13.078878711880561,9.119329104267484,45
2310,85.0,8.355461657966893,4.771210045593253,13.079060355080756,8.091329801594345,45
2311,32.0,3.5783562542966827,0.9862993453459523,13.080167099803163,19.12697964407668,45
2312,106.0,3.8808874452904405,1.6424437035397965,13.08033073972055,8.829225098374703,45
2313,26.0,3.5964792954093463,6.161613924609576,13.080929049214696,18.113401297626066,45
2314,89.0,7.7170026395828355,9.682864831101112,13.081246753102434,13.156812860157805,45
2315,11.0,2.456838359619095,5.949904194262307,13.08176177220687,20.0,45
2316,95.0,6.554998672167791,5.731640951139788,13.081829989667828,5.185513758726376,45
2317,74.0,8.258796028577128,9.272636482511839,13.08277367253476,19.527930615481246,45
2318,102.0,7.037262466697582,1.1371258051803423,13.083382138970173,13.899581187570952,45
2319,178.0,0.6614587216275658,5.213316080224364,13.086399164078475,10.301393712625103,45
2320,93.0,0.5697342689982732,0.3953116010747937,13.086564145019542,15.170340055717167,45
2321,140.0,5.756892557476475,4.53579063283699,13.088004641670453,5.210228509581049,45
2322,154.0,6.5822739553135055,0.07563414640607391,13.088197469982603,8.56719898163405,45
2323,163.0,1.1078652228457553,6.636629747303565,13.088424758538801,14.595564820291825,45
2324,33.0,3.2855206545748628,4.024183754765112,13.090167585743423,5.0,45
2325,136.0,7.795945176659165,8.856989635759255,13.091721842302348,12.458937184548827,45
2326,176.0,0.10033448928329691,2.638925617987634,13.091884275893861,16.31929560927385,45
2327,186.0,2.706356164811731,5.301913346130375,13.091931496065335,7.009931830638841,45
2328,116.0,1.5333578091852007,3.669202241054469,13.092043757975171,12.27684937309333,45
2329,9.0,4.662378479928111,7.612106860055016,13.09231395856223,5.0,45
2330,84.0,5.815359293002222,5.4610979757484515,13.093190642346677,6.993842265189428,45
2331,21.0,5.081204273825791,6.202105323411951,13.093715712757739,10.39680719873978,45
2332,154.0,9.76026926527857,8.630124403327066,13.093833725041815,5.683817780498891,45
2333,142.0,2.476597947973578,5.3164457643370175,13.093914970538293,14.699556139217364,45
2334,84.0,9.569430304533487,1.9041909994732331,13.094365066632303,9.574122250989989,45
2335,181.0,9.144906616130566,6.638810596638406,13.09523026156171,18.015459577563792,45
2336,149.0,4.1345345486392135,7.262226400568347,13.095709951533783,11.909887582264236,45
2337,160.0,0.32139063203434737,3.068718727788222,13.097247149925622,8.671041259577251,45
2338,29.0,8.359735527008104,6.904692696650353,13.097572986223563,6.298238044254761,45
2339,15.0,0.43004654185255786,0.29445090995102285,13.09807905029403,5.0,45
2340,99.0,8.44760891524064,7.096435307834002,13.101179443501817,15.053715660511607,45
2341,30.0,1.753798049877806,3.871890435309723,13.101697353224019,14.795240120482791,45
2342,179.0,3.4244987561822873,2.8051162508971417,13.102364335212677,16.24344726072194,45
2343,87.0,4.070651919763913,2.794132828355924,13.103798345911606,16.026147605960805,45
2344,8.0,5.676349401537106,7.458264491828111,13.104102883353931,14.506164859775831,45
2345,157.0,7.701895638691112,1.9027052676898726,13.104259968374896,10.01141678625577,45
2346,8.0,2.6988676116601895,2.2958862880624595,13.10446084389144,16.97771422612925,45
2347,181.0,8.262524456657523,3.264266532785488,13.108667145069225,19.16477347806627,45
2348,108.0,2.8403237921416435,8.731819126024718,13.109661846629352,12.19476793525471,45
2349,36.0,3.234749799218828,7.484358831691637,13.110317790251983,8.298079271167023,45
2350,194.0,8.456531403160824,4.372731658894269,13.110584005263838,9.306016262220444,45
2351,59.0,7.662564014393435,8.03455032374985,13.110705845741899,12.78739500466488,45
2352,53.0,6.202253929150244,6.4514955674822865,13.110738340805572,13.175937695755051,45
2353,71.0,8.413882185455524,6.323065712057092,13.111236719969433,12.137540384535416,45
2354,14.0,5.649051805084682,2.8570962117640986,13.111284190808878,15.885524448731285,45
2355,132.0,7.169060462570639,0.7256265144008978,13.112608252458955,12.316490919165176,45
2356,145.0,2.9845423860613787,8.070020448385405,13.112660808918355,13.967547553239427,45
2357,199.0,5.05635522079253,3.80061229432659,13.112796865622247,7.670586059842214,45
2358,154.0,0.6520078739675472,4.777348540109441,13.113856278854582,5.326643638647329,45
2359,7.0,5.1728249158046165,5.334421476828438,13.114626983979857,15.914263231796454,45
2360,118.0,9.131981082458669,4.043696801094569,13.114783710220882,20.0,45
2361,48.0,9.032366084868363,4.106615652115989,13.115296848618321,18.60866415860088,45
2362,127.0,5.168957319698246,5.791797473803921,13.11532750279854,10.809750422855615,45
2363,26.0,7.602440377752303,1.1978657217240207,13.115369184087044,20.0,45
2364,159.0,2.8863818469569558,1.5837491528443925,13.116533248795962,8.287765885712533,45
2365,74.0,4.97973563129574,1.064055203968809,13.117466746072607,19.5688815740743,45
2366,183.0,3.741131314412909,3.712888127779721,13.118092699916412,18.13906761842179,45
2367,175.0,2.213766783210276,0.3180735011517988,13.119662369434682,7.756707517117582,45
2368,144.0,0.9825517877204226,0.12284671760954491,13.120752976506289,9.409945561105285,45
2369,64.0,2.865849563680288,0.30671406929324463,13.12223201534052,18.03290703961495,45
2370,106.0,3.0128269633805003,2.194564194272297,13.122602942448916,7.310981431206449,45
2371,93.0,8.421551884077173,6.75045229007838,13.122800415418327,13.3580764697662,45
2372,31.0,8.641451990074426,4.144930568884584,13.12346845267703,11.063817528234846,45
2373,168.0,6.956473199958628,8.589067420990759,13.12583114442165,9.173548976397834,45
2374,94.0,2.6757630047926217,8.851560571660952,13.126077391122783,16.627949538775287,45
2375,32.0,6.904791921675876,4.04704686118738,13.12647245936161,18.395726400057637,45
2376,69.0,1.1217636101307127,9.91413150205267,13.126638584437307,18.53170394439155,45
2377,21.0,7.683174909941318,9.254134372925321,13.127601457084017,11.055496641372493,45
2378,9.0,0.6572203004077648,6.2739183812603585,13.127611780340626,6.646993214740371,45
2379,182.0,7.328535148926061,4.973440348141035,13.128101892887123,14.166775912682585,45
2380,96.0,8.433190649535176,0.403355836868432,13.129509786635928,5.9198357412483595,45
2381,152.0,8.201445626871923,0.27678727613046905,13.131670477183054,15.812208127805194,45
2382,146.0,1.241643935778397,9.313093414255109,13.132343983521391,9.788055481995638,45
2383,69.0,2.864515819166673,2.497005149310888,13.13296811955514,20.0,45
2384,86.0,5.137742961541396,3.6890913096920066,13.13374400076205,5.0,45
2385,138.0,5.1846039377245425,9.862842758127018,13.134155848702957,5.0,45
2386,52.0,6.396576506014364,0.09135592926425185,13.134627479684822,12.491967426515362,45
2387,179.0,9.891816481614342,2.415761785792103,13.134762772343926,13.217889210392954,45
2388,57.0,6.629052715368991,3.4716008526560724,13.136203880973861,18.07249956635069,45
2389,113.0,7.721233231764755,7.123452574218846,13.136664169612306,11.6389104846867,45
2390,106.0,5.145831825368738,5.304808286619879,13.13734037782353,13.042318054408408,45
2391,92.0,5.654999408556948,8.424100456686686,13.137410185208164,13.785623284401241,45
2392,54.0,8.554681301475274,4.623926117020374,13.1376016768086,11.522110019673205,45
2393,0.0,4.238743966541216,0.47154353334109333,13.137914844731432,6.596701020964131,45
2394,133.0,7.457825709752726,5.1747551720267815,13.138971954051385,9.001549753885143,45
2395,165.0,2.4411364124057897,5.82067311991266,13.139788158935204,20.0,45
2396,146.0,4.338263632202453,0.8388077016174345,13.140130961885792,12.863845101408474,45
2397,172.0,0.9323937612344046,0.16117829213234236,13.14101320161379,7.152698235532171,45
2398,191.0,7.264499976980579,5.505428622383431,13.141210790175759,15.359046461159512,45
2399,180.0,8.343500730651115,7.589888954497618,13.141240121739738,9.927231946127662,45
2400,141.0,0.875468862605161,7.317886666589422,13.143855162316848,16.042097881361254,45
2401,33.0,4.826455724179819,1.9267496819004215,13.144361119973736,5.0,45
2402,117.0,4.45900025657879,7.8513128633736375,13.14457016839534,11.749693683189985,45
2403,22.0,0.9336835227051321,2.606105838549113,13.14523714554461,12.929099884124904,45
2404,58.0,2.527843136474294,0.2454398358386034,13.148096387644848,5.519627644319812,45
2405,27.0,1.2409941001353852,6.3940343484594555,13.148115601371348,16.049408793783932,45
2406,18.0,4.754851145176939,9.557921054117017,13.14901036297781,20.0,45
2407,37.0,0.2035088048345568,2.2641048808172815,13.149022548381872,13.201918245609578,45
2408,89.0,0.43445676247034437,1.039537337465548,13.14923876521969,13.487217007309324,45
2409,6.0,0.27328999703476464,7.003258147044585,13.149647021455174,17.45543759677937,45
2410,110.0,3.40502872002593,6.039517859328047,13.149820094807092,13.18441242154582,45
2411,188.0,5.332288657186936,5.241152204091172,13.14995576516934,17.281163180608925,45
2412,198.0,8.294706829237663,8.366795761476023,13.150428345951088,15.484835593914635,45
2413,149.0,5.239866289614455,2.144557406284189,13.15210771118382,12.450572445301265,45
2414,17.0,5.597760636781146,0.017948354600553218,13.152268810314672,17.079744020211773,45
2415,9.0,2.2167960176216717,6.886570214585249,13.152616212198199,9.694834173889426,45
2416,68.0,3.4223634397608462,3.47910499941142,13.152651322735634,14.520933534677159,45
2417,191.0,2.774010449827747,9.58362823217675,13.153032493748958,14.73664487595613,45
2418,17.0,6.26908089849061,3.4534036706945193,13.153408853962699,19.492057773468414,45
2419,134.0,7.166238974455766,7.5674437429524035,13.153479668265032,8.811225354807135,45
2420,82.0,8.229183448713002,5.3185192352354,13.156101495800458,16.634604349387423,45
2421,172.0,8.39834885240168,9.527627085643344,13.156434130467163,5.0,45
2422,39.0,6.099807644471934,3.791343614819943,13.156453589020398,5.0,45
2423,96.0,7.2732739128549575,0.36207106383824295,13.156456230940613,7.136646657962542,45
2424,46.0,3.467530428493175,8.60894323808494,13.156618168143247,19.4037602607264,45
2425,157.0,4.788290194717163,3.254064946956481,13.15696035909029,12.351078934212532,45
2426,56.0,3.65652683272533,7.908100405837336,13.157592685088911,17.857632789605255,45
2427,156.0,6.869620862699648,1.9534948209218383,13.158656834405615,16.557983273720883,45
2428,175.0,5.7405469549081705,5.210476584639928,13.159001217002828,7.898470750274814,45
2429,103.0,4.889202103870368,8.692255556262621,13.160835865676617,9.726413595598478,45
2430,34.0,8.264310227578699,9.119941513450492,13.161302086542447,11.788591328127481,45
2431,133.0,6.361097756838023,7.0720898049786065,13.162085842250281,9.189048304857364,45
2432,124.0,8.957219067341608,8.954360092819813,13.162533657391652,7.890464429428645,45
2433,154.0,6.794796817829046,8.402452652570396,13.16481024334039,5.0,45
2434,86.0,1.4938544514313934,8.479561841263664,13.166115965670514,7.665982922777763,45
2435,28.0,9.049243904335771,1.9711744202024506,13.167390344648418,15.850837627961388,45
2436,168.0,2.9121265424532163,1.6523221566810598,13.167600840827111,14.5918002066043,45
2437,101.0,9.94164261589362,0.40069643800878296,13.167706236517958,17.271166406220793,45
2438,31.0,7.892939219964747,7.972236598219671,13.16805219951359,7.179225350079527,45
2439,116.0,5.1849578176039826,3.8609125311569503,13.168325148362968,9.233672418774216,45
2440,131.0,0.8125880815860365,2.5743259068507363,13.168888447549005,15.544367180737972,45
2441,48.0,8.622565715244061,5.672532674977589,13.170262870606326,14.717155960388183,45
2442,29.0,1.131878222218562,2.9350237794109093,13.172371416229911,6.040166132792404,45
2443,2.0,3.4358679026783445,8.453229106398426,13.17289256867141,8.544656357973718,45
2444,97.0,5.334541678426853,2.7042367328830808,13.17339940910918,20.0,45
2445,88.0,3.1182912019699884,1.3930143121745109,13.174052852450313,14.653747125486849,45
2446,82.0,6.3343551177428665,7.373092015475299,13.174189647866058,13.315520997070283,45
2447,0.0,7.820894481401731,8.465800119277592,13.174194623023503,8.491544901793162,45
2448,94.0,2.3213817615273626,6.257198093888537,13.1763387572338,9.956486355103571,45
2449,163.0,2.2206507899913808,6.2377315281558925,13.176380532532079,17.442159387617487,45
2450,185.0,2.5882673121629507,8.931226014794092,13.177222546058568,5.943244977444012,45
2451,185.0,6.481551514830115,5.543090041740232,13.177283975527315,5.0,45
2452,182.0,6.091746081984598,0.06559743894852255,13.1787453668408,13.093977197378344,45
2453,162.0,6.018777892948117,0.5012738295770758,13.17973715258736,16.53325471476932,45
2454,133.0,4.5850520035431295,8.951885915303802,13.179913494646492,6.422353314299195,45
2455,38.0,8.445026278984836,2.170562293249861,13.18014143780401,19.50001282817358,45
2456,18.0,7.239169067007852,7.833167982136528,13.180469073934274,18.706187031106868,45
2457,181.0,5.402002229785281,7.348765198530398,13.1810968231294,18.43499379997769,45
2458,45.0,5.5269350905280845,5.55347945136382,13.182563269562836,13.171293838704752,45
2459,16.0,2.0427917690059685,5.680291936781391,13.182729944543455,5.0,45
2460,183.0,9.693828444028597,9.641326817709155,13.183757283950097,20.0,45
2461,177.0,5.267902299767463,3.324181798565242,13.184441339223705,11.982607032995421,45
2462,12.0,9.802787390513322,1.517296376670445,13.185678259673091,18.55358982492857,45
2463,79.0,3.9872958803614633,7.8101208192674845,13.187313491996978,19.59912623100267,45
2464,172.0,9.13273193085767,8.793357247992715,13.18959306314407,7.246015066000055,45
2465,92.0,6.0831170372369545,4.452806637302407,13.190742904327145,14.630263767591893,45
2466,83.0,2.9143705860190963,8.21625200051705,13.191663325170712,19.837038303813564,45
2467,13.0,2.867047294459052,6.7386220559618195,13.191924498542935,9.97532018888346,45
2468,44.0,4.436803186754565,9.468099501277846,13.19223133606457,20.0,45
2469,159.0,8.325109943556779,4.597679424697976,13.192256520745621,8.501684807030921,45
2470,14.0,4.461578833600991,0.5466476958109845,13.192951723596618,17.015417301634447,45
2471,89.0,3.5892649630146445,4.754561030052113,13.19315310891458,12.118775956719402,45
2472,175.0,0.5709035811177143,0.6834630209165071,13.194199543371933,10.169093615005309,45
2473,180.0,0.3345138073881737,9.928554416525433,13.194678327756588,15.176865037789687,45
2474,190.0,5.422509506579965,7.1875776195502725,13.194734404119604,17.39997391215341,45
2475,20.0,8.0899025618619,7.157880509709612,13.195044224012388,10.927649661041942,45
2476,197.0,4.315668471059491,9.196867262006759,13.198304239613652,18.84569624935275,45
2477,38.0,3.8715697377678504,7.66964226203733,13.200102359943731,13.465647829319337,45
2478,155.0,4.348020509222563,1.9843053046451742,13.201676331126171,5.0,45
2479,64.0,3.2210028442466743,5.164127470069337,13.201680103739932,19.089848283184175,45
2480,104.0,5.120275356113725,6.351170228302669,13.201778801157898,5.144399042466574,45
2481,28.0,4.458889719002022,9.34950252252573,13.201861200868715,13.715238743452831,45
2482,38.0,0.41375400983896693,9.102060938725035,13.202688953794754,15.3356066965366,45
2483,20.0,0.12188131839618199,6.611264051696933,13.203499366562204,12.475935789304431,45
2484,16.0,7.9502048713895395,8.858112246081728,13.203698305274182,6.343824797308933,45
2485,125.0,5.8586746798117275,7.091975047317584,13.204900089475988,15.710865177963846,45
2486,46.0,7.207304285034012,9.188158611284175,13.20523119290825,20.0,45
2487,181.0,5.994602399989143,1.8294540331642273,13.205868582133121,18.501849320733957,45
2488,128.0,9.91382771765735,4.331091740616195,13.205886406901712,13.849526501318017,45
2489,64.0,9.63875453161763,3.7809857890979757,13.206214206048227,15.925787589504765,45
2490,138.0,6.911058619497937,9.66610201023334,13.207954580352123,10.530787410568964,45
2491,75.0,3.2905461511333978,5.156057084357788,13.208262640445488,10.569666277516806,45
2492,60.0,4.484290758393219,2.919947491645951,13.209136871310484,11.622718218530323,45
2493,56.0,5.320847794674696,6.284663368583336,13.209464593292443,20.0,45
2494,111.0,5.8344608206518656,9.330493968888224,13.210688340721703,12.758163379933297,45
2495,172.0,8.144837569072545,2.030456014149311,13.213551677977112,8.387862364582737,45
2496,145.0,2.5622672148923153,3.48536996990278,13.213960923231468,7.651873450726114,45
2497,104.0,7.740092249801655,8.463859941684465,13.215097781686346,5.0,45
2498,101.0,3.267190171253016,3.9774155801488478,13.215313001282174,19.02067658997577,45
2499,25.0,8.763973937795889,4.801627909099958,13.215940294763312,17.75334325903079,45
2500,191.0,2.5474526198868697,9.495014162300961,13.216138006235168,20.0,45
2501,119.0,3.5431595974875094,2.310837281518702,13.216140785032904,16.728078756609555,45
2502,131.0,0.8448574734821446,7.000384210873634,13.21639559142271,11.718798275679456,45
2503,161.0,7.3385284668538375,5.729163090488018,13.21766824114616,5.672430243821115,45
2504,96.0,5.513477659464994,1.6527465561823584,13.21768784838957,5.0,45
2505,12.0,7.865195492536044,4.346142504114111,13.217760771589312,14.980808392562857,45
2506,160.0,1.5505647588686455,2.239287283287789,13.21945421066599,12.115004894622109,45
2507,115.0,2.5985148554842263,5.854030412211051,13.219912827572063,15.004009662945322,45
2508,95.0,6.97085485939153,6.087471634039935,13.219972781431904,10.411347065455466,45
2509,57.0,2.3965138898562257,3.45620607387769,13.22007749529589,20.0,45
2510,63.0,7.449623213552316,6.081859593840377,13.222059007034023,16.302143289667498,45
2511,198.0,2.013922903748835,3.3040801386240606,13.22318993801303,12.401040734872796,45
2512,110.0,2.721339794395259,9.700366575660903,13.224100550378797,15.342640219128228,45
2513,177.0,8.659596892036637,3.238416786442442,13.22440882905122,13.16345549742713,45
2514,122.0,6.240836500184353,3.7433110319057015,13.224963343477219,15.069244556089902,45
2515,101.0,3.4587605669202413,6.9144220303805906,13.226160909434121,16.29882778941905,45
2516,13.0,0.04728723089869269,2.454893971554406,13.227385360897362,9.21753065880318,45
2517,98.0,5.602567496152046,9.124765224137088,13.227507349917653,5.431883229389505,45
2518,110.0,5.729991535114845,7.715522228345648,13.22816717493299,16.11054136748439,45
2519,185.0,6.385353619424558,3.7083538183818088,13.228235761579725,6.948342400472592,45
2520,47.0,0.42465348817640636,7.531293245307178,13.230520694507465,7.189858526545152,45
2521,125.0,0.34271229096310973,0.9510634023513398,13.230798142891794,19.445527179839267,45
2522,128.0,2.1235758765976764,5.53208220464386,13.23131780212902,14.996060737409751,45
2523,175.0,4.931884248484641,2.0462038734470034,13.231674146985181,9.762941840984903,45
2524,97.0,5.367181983877042,7.9942610467569395,13.232422542432328,19.331508901876727,45
2525,114.0,4.684249583396769,6.750213743740147,13.23405608547752,9.73384548359272,45
2526,167.0,1.6700062258541126,1.6997076460286997,13.234127454619568,6.772664248473099,45
2527,145.0,6.1531571124319,0.7907762838320753,13.23577433967534,12.001887337661415,45
2528,64.0,8.55331852856671,5.354969100489608,13.236203919056093,14.691954869508475,45
2529,77.0,2.409375387414113,9.736163774968045,13.238020005389206,9.105650369960347,45
2530,6.0,9.295373867629104,8.806505323422355,13.238778990089667,9.753845125252429,45
2531,117.0,2.561305936107839,9.087228289058915,13.239292314104565,10.627643881843522,45
2532,68.0,1.0832609090240175,6.4634143938686215,13.241149027403747,15.891643091288154,45
2533,128.0,0.3133777640699298,4.452685180319104,13.241421393592567,13.07409246571626,45
2534,72.0,6.30571868189414,1.4104336079459945,13.24298650074057,8.571063066960905,45
2535,126.0,5.153999675492457,1.3534481610396465,13.243268338736732,9.334491767476102,45
2536,74.0,3.6158347155250556,0.01435313248689618,13.24430696578845,20.0,45
2537,169.0,6.517053785272915,9.85181258397041,13.245209439786255,16.733925638060033,45
2538,56.0,8.303054217548718,8.412970564766903,13.245354225657117,18.175461008008675,45
2539,166.0,0.5670639899768082,0.09360965900580775,13.246234670330427,16.220358139622498,45
2540,145.0,2.6081903981076335,1.1912541900987939,13.249328750791184,9.60215734723702,45
2541,105.0,5.396534652651104,9.492368129359129,13.249705638097788,16.696525148840124,45
2542,8.0,8.654231131324387,6.501171366851452,13.25006997805546,14.304156701783057,45
2543,108.0,7.906170179696615,9.11517039086991,13.251444778961288,8.698505015503242,45
2544,28.0,4.199983085573159,9.604140581719435,13.252755881684365,14.007091688493043,45
2545,5.0,9.336045201984442,8.717974915913189,13.253769238002217,6.372261489462391,45
2546,131.0,2.8203123592704795,6.832344483065328,13.253916796331218,10.080438071708397,45
2547,55.0,9.755659805395124,4.246026705872316,13.253964291448446,14.830119748081298,45
2548,154.0,4.761958305643042,6.525313097399959,13.25421758781915,5.559466775812304,45
2549,109.0,0.2949767533981307,6.9107626136064795,13.25460799851971,12.877569751387332,45
2550,79.0,4.121763580220351,9.179795304673416,13.256308422293644,18.098610339522043,45
2551,79.0,6.965742349920703,2.292533327935282,13.256391562468126,17.033392832715112,45
2552,36.0,1.582730330381299,9.888238397034502,13.256688205195843,9.714609377813662,45
2553,152.0,4.817271357384972,4.989652877047522,13.257626357181309,15.530865218332528,45
2554,186.0,2.879295690678889,2.5336472889407755,13.257985050182414,5.0,45
2555,191.0,8.466396870846447,8.37034444733882,13.258564568934908,20.0,45
2556,90.0,2.3360087465299397,8.751105860045488,13.2586279922826,8.688385676464833,45
2557,137.0,2.8511302462926844,5.370651600842862,13.25964156894516,20.0,45
2558,105.0,5.118721192889164,1.219165304513543,13.259970296363866,13.678278637687109,45
2559,46.0,5.6387901147848565,4.785466887255155,13.260173965415367,18.17933270961707,45
2560,57.0,0.8895588803755727,7.189586695870633,13.260490226249114,20.0,45
2561,53.0,0.7277478165509288,7.640861015968985,13.260997440646307,14.17279692378036,45
2562,135.0,7.037268231007593,1.3496933606479267,13.261438192961549,9.519909069028621,45
2563,48.0,8.25136568108596,0.37221304676573697,13.262581539388286,18.673716459033894,45
2564,141.0,2.172127389736962,0.666666796456008,13.263214734515701,12.400156259474983,45
2565,23.0,4.515310878850563,8.919702088455711,13.26358129333699,14.052601045733297,45
2566,153.0,9.711545788347125,3.781443593009144,13.264030884771877,8.048355236372473,45
2567,143.0,4.705991533430737,3.411777995410832,13.264113227363783,19.99435240698737,45
2568,63.0,5.79736562564043,9.498511993337186,13.264463878978749,18.71158191544441,45
2569,49.0,6.80517788945598,1.8583455616068778,13.2650842184655,12.661791739003196,45
2570,79.0,1.6629565065784235,0.24163261007595804,13.265860181155212,19.84188379714022,45
2571,116.0,5.68684214118373,0.9483938518790769,13.266710024840414,6.967526709860958,45
2572,179.0,8.386227670511769,1.7739261652887695,13.266886510072537,17.00125628308431,45
2573,173.0,3.6025023267282252,5.203854530478397,13.26742792849761,6.235382284243438,45
2574,41.0,3.213944347391071,1.7169774062818088,13.269101067441106,18.882601953150864,45
2575,23.0,0.14374450136209083,7.344110309087451,13.269167235106497,20.0,45
2576,177.0,7.143673813170064,6.799524615395864,13.269378630128983,7.340696182716071,45
2577,84.0,7.410960035518378,7.042765323899776,13.269844873468518,8.465385285650367,45
2578,88.0,8.594203927769957,7.615503290778065,13.270860033020973,10.135454627058735,45
2579,39.0,8.046945392605807,8.91108513912535,13.271131436559825,5.0,45
2580,38.0,5.4919543531223525,9.693574284902716,13.271807767749817,15.710694334467167,45
2581,164.0,1.2250149033526614,4.163180271448694,13.272690839517079,20.0,45
2582,108.0,7.47558801438495,9.302593432904793,13.27352671239815,9.299974407374975,45
2583,178.0,8.853296781338846,6.310937463677998,13.273872026562426,11.4878345947728,45
2584,48.0,4.928591431977862,8.350889317638634,13.274457408822538,18.852928861205797,45
2585,9.0,1.815344670786071,2.5916055611432043,13.275399936777854,6.126343308451231,45
2586,62.0,9.6492372754144,2.641793777486553,13.276280221025466,6.104948850285238,45
2587,17.0,3.5939341592639407,5.154028506592397,13.279006560532864,14.824832546948556,45
2588,123.0,1.199723599798903,3.23429949293173,13.279574400747716,13.031008335526455,45
2589,184.0,4.4261171083406285,4.254333140290475,13.279750277466011,7.24444138913527,45
2590,22.0,8.85850180677666,3.814560499750199,13.280448679043191,7.419601596884686,45
2591,73.0,7.8458607868932635,7.903990822836569,13.281494833152697,6.305360760217576,45
2592,6.0,3.998795013161306,7.306954269469824,13.282504348023243,11.383254788419059,45
2593,194.0,1.4148460324914458,1.688670796029369,13.28440755386315,5.0,45
2594,88.0,9.671153737567904,6.9314547398936055,13.284553100304713,14.177695679625666,45
2595,91.0,1.5905428251410636,0.23365738766075617,13.284910853049942,14.089910331381187,45
2596,147.0,9.450940263729382,0.132331664707519,13.28530762225948,16.528306057094362,45
2597,130.0,7.760059562889813,1.126523579332851,13.287632156507234,14.609837835522077,45
2598,55.0,0.0557729468787449,5.34830269701731,13.28843255052557,15.562670213286554,45
2599,175.0,5.588348196830281,7.883174994443841,13.289686433346892,9.205550189796027,45
2600,96.0,6.660308648859996,3.943878243007597,13.29008906247366,9.216740852878708,45
2601,50.0,4.0535375917870455,9.18599777596716,13.292589324049004,8.639161620429942,45
2602,147.0,3.2452400675539406,5.497819126933101,13.292645082468464,10.880901127418458,45
2603,86.0,8.321691399013263,7.847113786995289,13.292940652004502,5.0,45
2604,51.0,5.219502197833262,2.997047801748718,13.293337216791517,5.0,45
2605,143.0,6.18927044372422,4.300595868398524,13.293398657106778,16.816023103101372,45
2606,55.0,4.827746725940608,4.81294500016187,13.293604817641524,15.289669911747112,45
2607,135.0,3.6286809280883014,5.693505243246638,13.294143700511611,11.751761300634108,45
2608,143.0,6.136938373259198,2.0799343458832054,13.294684951801933,18.096286699818563,45
2609,63.0,0.6577082854907468,1.3742435065676695,13.294952889196033,16.454702557962975,45
2610,5.0,0.3164769246181587,4.159657565304284,13.29577831442186,6.498127090720555,45
2611,24.0,5.898706629434481,0.8954054458757521,13.295884003935418,16.011306362136892,45
2612,126.0,9.863681712390052,0.3061805262201289,13.297063314094148,9.403307338981856,45
2613,101.0,0.4519319468693006,8.407813488484377,13.297483173061597,18.528301109484765,45
2614,52.0,2.214634652802643,4.280034383008202,13.297573729214808,15.543156691188532,45
2615,15.0,1.128593053524447,2.0113906530550962,13.298013188221368,5.383753850481893,45
2616,96.0,4.26935998383708,4.728543380742575,13.298457137105839,10.679217612296277,45
2617,179.0,5.91528221783817,9.95363345464905,13.299632397435388,16.653000383114172,45
2618,37.0,6.877977757168012,3.924588839307134,13.300297269853573,17.158218646989805,45
2619,64.0,0.7272224838183383,9.147577165248244,13.300483171750203,17.752624291847543,45
2620,84.0,6.277838132396026,8.87873821880245,13.300591463108722,7.066381367614106,45
2621,162.0,0.9473897181631585,7.859845817060018,13.301044552615306,10.255704813993322,45
2622,7.0,9.356238362227709,5.71058038556002,13.301170143698686,14.816043621458007,45
2623,129.0,9.85400136463982,3.3184724932285348,13.301301248678836,13.31221773651845,45
2624,82.0,2.7462783245766484,4.2627770828600084,13.301414487586367,12.68226723494496,45
2625,92.0,5.114964318324425,9.148468753812647,13.302041349856816,14.713465145264308,45
2626,33.0,2.9784699229483556,0.07534815711570775,13.302088322830999,9.361644486512985,45
2627,149.0,5.583221693872055,4.320257171687203,13.302562328385402,8.508142321336631,45
2628,124.0,1.7329134830044646,5.111282897589237,13.30283327117347,7.261329329888261,45
2629,182.0,4.309365883365097,9.104438041028516,13.302919719612351,16.450272251074185,45
2630,104.0,8.273334981556811,6.721415376807086,13.303335131225767,5.0,45
2631,158.0,3.6519788960754163,6.046922654017522,13.303817492626928,14.757705538941941,45
2632,108.0,2.259049394997793,5.609215978790236,13.304767957429844,7.894954215815827,45
2633,85.0,0.6139369037884046,1.048286752640597,13.305059538898776,8.86058599001097,45
2634,59.0,1.439449684852615,9.194596622983376,13.306622103471732,16.966689049041456,45
2635,25.0,1.4597709568062034,2.7770475812949016,13.309225136392858,19.231214282844604,45
2636,19.0,9.424887457158547,5.811324981431115,13.309271371624254,13.398713145176607,45
2637,79.0,3.990382366485652,9.135047679790937,13.310442013928991,15.422438331413742,45
2638,12.0,5.087735408690916,4.175014083038353,13.31138593788625,15.550849740376256,45
2639,79.0,8.209829110528688,1.6932369289933091,13.311527703213788,15.413354279954937,45
2640,174.0,6.372792393587147,7.440781052641624,13.313033061871147,12.79414670195694,45
2641,5.0,4.66013006732072,0.7990073257203512,13.313040741054964,12.0909748263023,45
2642,28.0,5.785130611603787,7.021070928956882,13.313636995638326,15.473275932106944,45
2643,90.0,2.4365172861919415,6.287514905681926,13.313642652089548,12.606964097075732,45
2644,171.0,2.8272619749017314,4.468479163821141,13.314235479106706,7.300765534451303,45
2645,173.0,4.782262102490067,6.525993909814601,13.315184549577097,6.046270613192526,45
2646,48.0,1.560905231859555,4.749669001806131,13.315607905498915,18.44495900186625,45
2647,174.0,3.5154733584602607,4.427651791943279,13.315679432008622,16.693959969495914,45
2648,104.0,3.532825525747202,0.8574195807126195,13.316361755058113,10.125000210919028,45
2649,22.0,7.776895335579316,6.4866222636652635,13.317534822572267,12.484582507865394,45
2650,142.0,1.594876132061105,0.4699083099021284,13.318333109382232,13.863024996444322,45
2651,55.0,9.346218106279746,4.781076541057344,13.318520914968868,13.071545136569245,45
2652,141.0,8.929557836710087,6.577160884975052,13.318843785139597,12.5422684991908,45
2653,164.0,9.578718214583228,9.067141089524458,13.31947706377577,17.597733162770265,45
2654,11.0,2.381783442253699,8.901300945366561,13.320308121874604,20.0,45
2655,11.0,6.280930046150305,5.633009222692845,13.322439633904146,19.10888934479843,45
2656,12.0,1.2133616873878705,5.411916263844362,13.322566124228354,12.172376759166479,45
2657,133.0,4.757161279603138,0.995342623408032,13.322644014843473,9.46636442164402,45
2658,80.0,4.253921238859279,0.6846540603443663,13.3226592304216,17.13652712021468,45
2659,89.0,7.751050805803632,1.5341969716274606,13.323455417495317,14.684696071462753,45
2660,137.0,5.150198744417152,7.957560186235016,13.323973821456592,17.96616760235625,45
2661,164.0,5.898051421519917,7.803554679487536,13.325902644251853,18.159518701446636,45
2662,50.0,0.1080293249616282,2.559040017507661,13.326089524177895,6.9543556540947815,45
2663,98.0,7.324096646593354,5.183719740355885,13.326176376095454,5.058114023304781,45
2664,44.0,8.379650458271083,6.449664292830927,13.327478840413528,20.0,45
2665,146.0,2.652587040484576,0.7717151761165586,13.327526762877712,13.164286630942188,45
2666,69.0,5.127917515347181,4.860698171084861,13.328010472594652,17.568303746322538,45
2667,147.0,4.74394017606878,2.1595064895161817,13.328650025948717,13.56321814368687,45
2668,147.0,9.754372920658556,0.35854139816478336,13.329935890782046,10.938567639707113,45
2669,72.0,2.2427428009540327,9.955200506216537,13.330225486574088,11.028666462370518,45
2670,16.0,5.156368284361006,3.4588211659320347,13.330559911576291,5.0,45
2671,168.0,3.4267534878105854,8.994323676261933,13.330972891619943,11.901339426146762,45
2672,75.0,2.732038249982952,2.6197526413919325,13.331350035536003,10.595098370301981,45
2673,173.0,8.931369254605926,9.78007588716314,13.331407381275778,5.0,45
2674,183.0,0.3676599242016443,6.832229143966023,13.331416675379879,19.440433750031797,45
2675,34.0,5.398877957344597,7.330985403703575,13.3322976083122,16.281009062694167,45
2676,89.0,0.16002013327347187,2.83739459767543,13.332629048210126,10.692749099955503,45
2677,153.0,7.410715497781723,6.049798129916097,13.333377122422586,11.005040374213607,45
2678,57.0,4.258603747948033,5.03674622720924,13.333833936464567,16.40855766013707,45
2679,92.0,9.329367163365058,1.4127938463779832,13.334772808600144,10.4724795193705,45
2680,56.0,0.07614508458636648,2.243086263343214,13.334825166986414,19.468079623833393,45
2681,68.0,8.270093244402647,9.00699383944678,13.335179204142689,16.582512284372203,45
2682,156.0,5.437072817251338,7.041735885773792,13.33658498000007,20.0,45
2683,96.0,2.4435289277058736,3.9228626247153766,13.33664267156065,5.0,45
2684,87.0,1.7573179744412415,0.1046033123820278,13.336843067029017,13.705979663413885,45
2685,134.0,5.050704798386406,6.81875685033199,13.33754986583935,6.644137316906651,45
2686,134.0,2.6198971661884976,2.8335612071272953,13.338087038503884,7.064316053530181,45
2687,85.0,0.48997303446906004,4.432156217674187,13.338156120499633,8.614662396071457,45
2688,59.0,3.996978906564709,9.708189904006224,13.339211929825236,12.563700473948535,45
2689,57.0,8.451221402371065,7.039905967932576,13.339924845983667,20.0,45
2690,89.0,7.520088002439591,6.464251279102711,13.340134814133826,12.09886428680181,45
2691,27.0,2.9445865466846555,3.7521652910514494,13.341490556482876,18.471232596726008,45
2692,178.0,0.30352208107245704,0.737271298086859,13.3415356746147,11.485427319398275,45
2693,79.0,5.294969326482134,7.082137648284782,13.341967726940451,18.24688388816482,45
2694,161.0,3.586967386576423,8.20512070515735,13.343464941575219,6.556981092085689,45
2695,55.0,5.283606934495687,8.906905241422043,13.34390455289476,14.17790754433748,45
2696,36.0,3.24373456754253,0.5139248700162413,13.344338251633907,6.041140394070108,45
2697,150.0,4.03264183139867,2.045834705020301,13.344826715494644,13.99748401192039,45
2698,139.0,1.7137692742840194,6.514531632314588,13.345998073813801,18.960757371948713,45
2699,39.0,1.6071502018564754,9.901778479098711,13.347256912881722,5.0,45
2700,28.0,9.52957717382377,5.219239380283895,13.34758524637961,11.62132007333801,45
2701,171.0,6.309548550105958,3.988688877403843,13.349729598667654,8.13074832537913,45
2702,6.0,2.912923027265041,8.606532260646512,13.350086110641731,13.554227461647674,45
2703,22.0,1.2027317198210075,0.44169154275341294,13.350490467571221,13.487813858032952,45
2704,109.0,4.94576010030047,9.34063576982224,13.350637596701795,14.461689832311432,45
2705,29.0,4.780913670636004,8.035047006396358,13.351057370973436,8.237318072879866,45
2706,181.0,9.77485184519707,2.1178605165664766,13.351183336491877,20.0,45
2707,98.0,5.540879995217416,4.783849273865547,13.351604670561475,6.937839554495665,45
2708,40.0,3.329321137116046,5.045418725782457,13.352073823318714,5.0,45
2709,137.0,4.404104236220459,3.459436282742695,13.35210596986752,16.863324750858933,45
2710,49.0,0.12828430871628327,8.801680559214994,13.352142291174719,16.227878756830233,45
2711,26.0,0.7681998443850113,8.828707026375817,13.352990610112863,17.82699062545732,45
2712,22.0,3.012888236312329,6.4032480911690275,13.353640144473164,10.083256143925464,45
2713,30.0,9.531178273648266,5.228978120549805,13.354955745184453,20.0,45
2714,146.0,5.481516082720349,0.3227061798934783,13.355516172194369,13.372322861976278,45
2715,11.0,4.122441117600053,1.8317419759938491,13.355635821918476,20.0,45
2716,93.0,0.17742662744165028,6.798671950920174,13.355657124716053,15.572488891085841,45
2717,183.0,8.22552060057435,0.8679943634940179,13.357538510216834,17.62854051363186,45
2718,179.0,1.1738290920776084,2.474240410098764,13.358962836353319,13.554122112186196,45
2719,197.0,5.5204580221346085,8.90880671931512,13.359856773055741,16.46493846579455,45
2720,130.0,1.3192316117379477,1.013346272403125,13.361792451406224,15.356798210773968,45
2721,6.0,8.32915868604103,0.9660746528338637,13.36226026889273,11.06917944918734,45
2722,0.0,7.751665234272956,7.560766551830006,13.36241855853535,6.266571239542666,45
2723,55.0,9.671186087825925,6.385525265090645,13.363830225448659,13.635419409709293,45
2724,48.0,9.815468332841474,8.721352168939731,13.364274954632918,16.65255940191438,45
2725,111.0,0.1653810094532293,8.671589661496279,13.365103775314466,8.13077807464353,45
2726,112.0,9.796708469272623,5.657102377839001,13.365609651234717,10.476147952827223,45
2727,198.0,9.033899761835434,5.007683328938403,13.367686240727812,13.554284976328209,45
2728,121.0,5.452599212289887,4.818110760031981,13.36775669690579,7.911189514021348,45
2729,129.0,0.9503810019996184,1.260965939080787,13.370004435074637,14.76756332167718,45
2730,43.0,7.935356061519165,5.1437063580392905,13.371249260106625,15.382781556678257,45
2731,138.0,8.2161536953545,1.1830467408788492,13.371373909596407,8.116302992134276,45
2732,69.0,0.9346927821104234,7.35767797101707,13.372030562073054,17.998591595861768,45
2733,127.0,8.792979948702579,8.686801331323773,13.37245697657234,8.429355781503336,45
2734,63.0,3.138941212370759,8.995934257497728,13.372652454085822,19.075663950730366,45
2735,10.0,1.6394334979743908,4.648071196331795,13.373682117389775,12.595447318691685,45
2736,120.0,6.865281844906736,6.135727484299252,13.373836169367157,16.04186005041952,45
2737,21.0,6.769546762873895,8.55969207101299,13.37784612617147,7.199715468356565,45
2738,161.0,9.097591564511838,7.8406833972011984,13.37855120711516,6.617861709690346,45
2739,94.0,1.1368853144206126,0.7228561985068005,13.379244989236591,10.624151060556395,45
2740,187.0,1.006775607501602,3.1092400098215354,13.379969225338503,17.6195353837298,45
2741,85.0,8.043881655310054,8.726381560127496,13.38059770399853,12.120845442061892,45
2742,84.0,2.9992827917099274,8.607765974558484,13.380691283203957,8.516459611435522,45
2743,154.0,5.989913826294786,0.20528617981786845,13.38075509739593,7.99728500438057,45
2744,121.0,3.10148466085014,8.637812907445047,13.381453311088292,7.875639968922353,45
2745,155.0,0.4767939374179675,6.3725145079163354,13.381499770111192,7.984676645531515,45
2746,34.0,6.267240920217244,5.2427953909217155,13.38156820475791,13.961615787753828,45
2747,163.0,0.9009158243315607,3.2278847041465983,13.383195613851141,16.038706392290706,45
2748,93.0,7.528667933209602,6.484699359107085,13.38399223221966,14.95511440656232,45
2749,162.0,1.39521574068726,6.303152381667957,13.384723010614701,13.569830355620692,45
2750,71.0,0.3369896801637595,7.940729484186608,13.385116921787672,18.252120222383162,45
2751,132.0,4.166871702497073,3.4426457939737167,13.385189942459805,12.073578797357843,45
2752,142.0,3.7863290894776878,0.14648540193637927,13.38586700843367,18.637378060641442,45
2753,78.0,5.213299251693498,7.858609257173637,13.386831306817717,5.744297448386408,45
2754,136.0,1.2897760888102583,5.286974967794993,13.387637440136796,13.8067213084576,45
2755,6.0,5.5702514070682145,3.319356798811178,13.387868769880097,13.934094485547561,45
2756,148.0,6.220001533129508,6.153844265877504,13.389170784238141,5.0,45
2757,136.0,4.355269602543046,0.4353924277218957,13.389982602074223,15.076927717999283,45
2758,98.0,8.297244985304884,9.712039091461504,13.392282069772525,5.119958094794375,45
2759,120.0,1.842349910312261,5.21849599887867,13.392948274945145,15.902509058945752,45
2760,15.0,1.1257026053342067,9.394933351650765,13.393173222604952,7.079710200849673,45
2761,46.0,3.8149207189500647,6.990479760561127,13.393494463215573,19.047245891896658,45
2762,163.0,1.9204039439110354,2.154923503961088,13.393684190379421,13.703746569151555,45
2763,137.0,9.823332665701955,7.8548022995402835,13.396007625148933,14.370470476154502,45
2764,147.0,5.224928323878912,5.662386906179615,13.396203590605236,14.254556419897899,45
2765,27.0,0.2715535689094295,4.074661367632089,13.397213841880644,14.023536808073327,45
2766,185.0,5.8404017026786725,6.358305887325571,13.397621978882194,5.0,45
2767,148.0,0.9789337904290463,9.803307817355693,13.399041661263352,5.273511297006704,45
2768,104.0,0.10638112940862143,8.401528165269388,13.399196091001775,6.384991829926172,45
2769,49.0,4.4961670272796015,2.245144808631643,13.39986778437277,17.550963733179383,45
2770,80.0,6.63257624856191,6.29520975120391,13.400082290480206,20.0,45
2771,148.0,3.924254266046808,3.3146717201412503,13.400115379186978,8.316209732377095,45
2772,153.0,4.766755339098696,4.27033791072572,13.401275112232689,5.638945322309571,45
2773,91.0,6.33232260669213,7.395716580511287,13.402552294309778,14.595724553428104,45
2774,134.0,2.026371155188069,7.576889136157564,13.402587341997092,7.72026287438889,45
2775,139.0,0.6733640294072452,3.5083717943379633,13.402960364668841,20.0,45
2776,16.0,0.7968701278866752,0.10205025148865898,13.403236327115593,6.794051986393299,45
2777,181.0,9.157129451095798,9.407753987135091,13.40327461427187,20.0,45
2778,72.0,1.6227128098291421,9.399570690296711,13.403295081005634,6.408630524016383,45
2779,156.0,5.094645302076236,0.3078121880860618,13.404946119525473,18.87396550689266,45
2780,131.0,9.057843563870346,3.218046448501245,13.405093217109936,16.71801273882603,45
2781,17.0,6.112880096880583,7.0627197500860115,13.40557531649859,17.432387480581358,45
2782,110.0,2.1359738990178965,4.213301137988239,13.40625434330374,14.293747397341106,45
2783,97.0,1.6966731527126577,6.105078952728284,13.406538179088558,20.0,45
2784,91.0,7.870234645447052,1.2222210762851127,13.408489204791753,14.496115068404086,45
2785,123.0,8.289886505348361,4.7338997250106996,13.40861629010482,15.39925858227192,45
2786,92.0,8.439023783904528,1.328096095505159,13.40977214307482,8.726162624155602,45
2787,80.0,3.6438427058562772,9.874467775950517,13.40995366845849,19.966405848644172,45
2788,32.0,3.0310388070014183,8.279499283573074,13.411408716621839,20.0,45
2789,133.0,4.684542798830339,3.993503673638891,13.411836243739497,10.452870397897083,45
2790,140.0,2.514264126682104,8.446364871987718,13.413813750487623,5.3091565281484465,45
2791,172.0,0.4025028108832973,8.21075364127093,13.41396140866857,8.62841609264159,45
2792,39.0,6.359663158817012,1.9437220133522104,13.414556197659051,8.282247921462947,45
2793,147.0,1.573422162786452,3.8603215258137435,13.414695360851344,14.280006397314759,45
2794,13.0,4.52391360316653,1.1587018828585505,13.415149534431022,10.736309432538803,45
2795,42.0,7.450411784616523,2.7875681402009533,13.415323174722126,7.618558491048832,45
2796,1.0,2.4208826286605953,0.024735435371380232,13.417378417572905,12.910538966206984,45
2797,58.0,9.565974769307493,1.791230258581149,13.418273571529117,7.5612152091282105,45
2798,113.0,7.853283905261322,7.35115492042411,13.419666997580869,12.185021729661312,45
2799,182.0,2.4508562797454845,6.830161005327833,13.419861023427343,12.165885222769022,45
2800,189.0,0.2602952232503897,3.31970367748035,13.421107191475496,7.360759915660599,45
2801,29.0,7.608871714662512,9.195837972344806,13.421147476879428,6.856294036653992,45
2802,24.0,7.387925453751276,1.9760322028020727,13.422159447205566,18.362321995816806,45
2803,72.0,0.8046827793797384,0.6922476258583399,13.422348979661797,7.4601293459997216,45
2804,4.0,4.900388319689325,2.3658018696621608,13.422540935839985,16.831504601188957,45
2805,99.0,8.065583658052184,1.3717989065852854,13.42513222149368,19.838321809874845,45
2806,126.0,6.95002630626535,9.652397784601924,13.42538654327678,15.035775637344056,45
2807,123.0,9.681078920241953,8.60857911222578,13.426125384874709,14.201159569227576,45
2808,43.0,3.422718098048221,7.708731590749056,13.426879102933318,17.487602232740297,45
2809,151.0,2.536445971744227,3.0027548183501143,13.427786448616663,16.511402785645398,45
2810,129.0,1.3026521701057814,9.929676718816513,13.427867612669374,13.072763533989654,45
2811,93.0,2.3230178111727273,2.403772818433639,13.428635286810458,12.729740762197443,45
2812,71.0,0.3471014278671125,9.40746778685844,13.429028333196165,9.561550721231585,45
2813,51.0,8.132317048671556,2.613048827031398,13.429950629525067,5.0,45
2814,79.0,7.1349417246592575,4.692217287478319,13.430063249277477,16.96037931054174,45
2815,61.0,5.9423834274482,7.163190541153374,13.430097383960913,19.35073872714768,45
2816,90.0,0.5013426431416412,5.135713468903536,13.43080640525443,10.451013201655686,45
2817,169.0,5.761732008295404,6.104888027000063,13.431045299675583,17.004113074789096,45
2818,82.0,6.864225508144289,8.321774900886393,13.431528153705369,12.350622993227034,45
2819,73.0,7.553968029841571,2.8463708722158487,13.432601359766995,5.0,45
2820,17.0,0.8192322976739574,9.70854586675819,13.432827307582077,15.65921603497328,45
2821,76.0,5.363418611838081,1.0954711565726327,13.433079064375127,6.794242424666032,45
2822,12.0,8.259654991434207,2.6077691745424714,13.433377419370187,13.387723522657103,45
2823,191.0,3.546343644933696,0.4798016661818727,13.43442242345433,15.954103086706628,45
2824,54.0,6.475863845316294,6.507114689740616,13.435795426676442,12.4898657351841,45
2825,23.0,0.027671001095881387,5.169976309125972,13.436858520443742,20.0,45
2826,82.0,9.846647476300967,4.063778701353372,13.438551012621552,10.918406700460613,45
2827,138.0,7.588530028668904,4.282812746404877,13.438684289741529,10.338478513487704,45
2828,135.0,4.505217059668276,1.44167481086945,13.441202530694603,5.286939684492356,45
2829,129.0,6.617634829270479,3.0596214931032906,13.441788966484374,12.637943236513676,45
2830,125.0,1.648990315461285,4.017208921460901,13.442253206725727,19.69560073277038,45
2831,96.0,1.770409913894191,5.009087896993957,13.44259054646472,5.7955767662531645,45
2832,24.0,5.316259303936581,7.696456693716352,13.442842586945227,16.828732985507724,45
2833,192.0,9.863542283433665,6.426207005223899,13.443841593658519,9.85087249966757,45
2834,26.0,6.82653358256042,7.81819087363507,13.44409993485318,17.519941008321126,45
2835,182.0,7.276574100690406,8.45848761556485,13.44597718156669,16.363444872091172,45
2836,185.0,4.23227331822943,2.7348208227866175,13.44689617569809,7.448715233747638,45
2837,55.0,6.174567054531491,3.3521673487269377,13.447449832349374,15.718540410726764,45
2838,104.0,6.180972871796348,7.688795336424522,13.447597600441178,5.0,45
2839,194.0,4.811621675994351,7.194909782924446,13.447920598106823,8.662757000088707,45
2840,104.0,5.846327617157576,2.0703440421784434,13.448118295849161,7.659756556303254,45
2841,145.0,8.740476875465781,9.708470234708539,13.448318036579618,14.144171366407154,45
2842,151.0,1.1905076493791866,9.875445874921393,13.448880777024854,13.147062335344325,45
2843,90.0,3.4751789189045845,5.8125409852448096,13.449485362048996,11.669913965131341,45
2844,56.0,5.9916333994442095,6.03242859184233,13.450268045729018,20.0,45
2845,20.0,5.394793648301231,8.714426817966704,13.450641477051098,15.32512034348851,45
2846,114.0,8.135025111775528,9.197250262953908,13.451372200261154,6.370011745761956,45
2847,110.0,6.743100680412699,1.428581733471026,13.453090753737161,13.606633658124364,45
2848,175.0,8.303617592780398,9.127528081609347,13.453835360513807,8.304370838861185,45
2849,122.0,0.9075180805485916,1.4853937906492998,13.454407941070093,12.228655217614687,45
2850,80.0,5.187425131402299,8.300766881991816,13.454870852769796,17.677197483862773,45
2851,108.0,3.1055494879975285,9.67398537385977,13.455014499220379,8.111393726868204,45
2852,67.0,0.7444852161513593,2.413075599629754,13.45507526926594,5.0,45
2853,102.0,0.03989000005054533,1.4448060841133537,13.455348753417292,13.950648975926317,45
2854,197.0,5.134639712630222,3.170943558487329,13.457423138960225,18.1202143129819,45
2855,21.0,2.058142068580271,2.3896333350034893,13.458432326200466,7.380139591352435,45
2856,148.0,8.998242585550063,6.215860213445481,13.459130646130763,5.447692718149511,45
2857,89.0,3.653878012429278,7.090069248723641,13.459136116882993,12.609049857500555,45
2858,52.0,8.418761264911236,8.064470636097969,13.459549654651076,14.146410218058831,45
2859,119.0,1.6214062403845109,9.83597495296082,13.461303426858958,12.429700866291116,45
2860,172.0,9.2075144699635,6.776547385162097,13.462948487413259,7.577160893319855,45
2861,129.0,7.617542943987393,7.868739696208048,13.46382457975559,12.672477468861233,45
2862,146.0,2.6831614276466054,2.623074344484836,13.46446938684947,14.524725909298837,45
2863,196.0,1.272822518804576,9.863001769447392,13.464752329028716,8.079953310787133,45
2864,64.0,5.703358938159764,1.9193578579112947,13.464871869587856,18.36025745883573,45
2865,50.0,1.287754459542828,2.6175775724646178,13.466367885323324,11.334795883913165,45
2866,39.0,0.12461698080903028,3.1994632518356325,13.467546968130872,5.0,45
2867,15.0,6.842090128612494,7.777225492331079,13.468413173100275,5.277476826751441,45
2868,126.0,9.865232910203758,7.538120250529541,13.469640621025132,9.288315224882238,45
2869,16.0,5.884207622682687,0.9342009753464486,13.470410649892058,7.198367459148493,45
2870,89.0,0.8678487405903856,6.617647036185998,13.471198290027983,13.423835277073351,45
2871,55.0,8.480691559506823,2.6609692794324937,13.472537210463134,14.761560411951027,45
2872,74.0,6.339765767215981,3.660991667653586,13.473474950501004,19.134375565027053,45
2873,177.0,1.9161567751387543,2.9877842527297584,13.474591876987578,16.328613135475862,45
2874,159.0,9.515480287168161,9.83208842759828,13.474771759289052,8.181548453129736,45
2875,31.0,0.19727166985385458,7.0133519417554515,13.4765847774983,10.19885706939946,45
2876,162.0,8.189297968236387,9.275481604150867,13.476615017530428,13.742746999395582,45
2877,55.0,0.7172607017319477,8.103332019188127,13.478294056361612,12.576937615394126,45
2878,58.0,3.910624457591415,1.0971085957576354,13.479641427323308,8.723755734819461,45
2879,57.0,9.038798924183517,0.5183030880956951,13.479944838079621,20.0,45
2880,84.0,9.375429101836348,2.317342846184447,13.481107179408975,5.850660468084491,45
2881,4.0,7.641260393832877,3.1309994507250605,13.481169361137677,20.0,45
2882,63.0,9.874704270758077,6.259594025020419,13.481949648768271,16.82754242802023,45
2883,19.0,8.580690517191213,2.7519158898160945,13.482422571271766,14.376860177814704,45
2884,169.0,6.675332513946711,3.04239258238281,13.483061264470352,13.161390169870284,45
2885,33.0,9.75973592029175,3.867168177145459,13.483847247202794,5.0,45
2886,138.0,1.6922884111400438,8.63931773080585,13.48434262440017,7.605242750743098,45
2887,189.0,4.195086195953886,6.636775946677083,13.484691057831542,8.736374686425414,45
2888,76.0,0.4456980890805162,9.990759552011765,13.484981242433872,5.0,45
2889,130.0,4.009183198856964,7.162847808443481,13.485789408584793,12.975242101544568,45
2890,7.0,2.6849088256260565,5.215915003083936,13.485841255713517,17.43004808698148,45
2891,18.0,0.4821175871153449,0.7653294591352999,13.48706159718865,18.791575524599597,45
2892,1.0,7.04235167888883,9.192955325575564,13.487995139192527,9.810681321930874,45
2893,15.0,4.0552562616908645,4.290137326810319,13.488810741503471,6.887820844839174,45
2894,175.0,2.484870293104672,4.755228555695976,13.489473983460389,12.221564515078219,45
2895,112.0,0.8384953069498546,8.670076083764831,13.491706068986385,9.220057916951838,45
2896,47.0,2.587034130508934,6.346572115041288,13.492007760393639,7.856699518459572,45
2897,183.0,1.2483073121268196,5.8441927815081485,13.49253656406642,18.458244026503063,45
2898,27.0,2.893554574062266,4.9139665733010975,13.49468643696112,16.248557081496074,45
2899,128.0,8.28683758708124,2.319790013607206,13.496058060560475,14.05897822972438,45
2900,108.0,7.29355234130902,4.162051812668839,13.496858642798145,6.244466558898161,45
2901,61.0,9.227229609555733,5.6150416778990735,13.496981664112583,17.292368820366647,45
2902,117.0,2.6955275985627436,1.1138647410537161,13.496996460956435,12.1974069542289,45
2903,152.0,1.9295579406487662,4.225359001528528,13.497145454375339,13.494894970026458,45
2904,133.0,8.740409764859546,2.4998216591697417,13.497809642110438,8.984319844908123,45
2905,199.0,4.893862892819094,9.391077013791772,13.49811699334698,9.366851518621049,45
2906,9.0,5.297334796034891,7.472142070305571,13.498180911114087,5.1157685020013375,45
2907,116.0,7.58589862714457,2.680103069810965,13.498932601119169,10.713012648279543,45
2908,47.0,0.2079529334295871,1.0219814925739212,13.499057537933888,7.644845470881801,45
2909,110.0,7.97922216036418,4.179698809626994,13.500208121759334,14.35878398428179,45
2910,195.0,0.8086470384130506,7.042869950507046,13.5022067924059,9.01556763435556,45
2911,160.0,6.604556701758324,9.70053856770208,13.502366872862119,8.402793036000826,45
2912,156.0,7.950021909876572,5.903743211800885,13.502843087875778,15.718586380652484,45
2913,91.0,0.8815287772789571,7.681420823007926,13.503159652876882,13.843040806145218,45
2914,11.0,1.6898286435324283,2.0304722618544515,13.503284799332405,18.144088939750468,45
2915,78.0,1.040694010246671,0.06898595491699133,13.503348688027604,5.448636717953511,45
2916,57.0,7.724984305640135,6.60825136021508,13.504096593645478,15.978937963945341,45
2917,186.0,2.809035999095031,4.790078626524297,13.504376937067576,7.0565661456771105,45
2918,43.0,0.9971635067610418,1.7757754164255402,13.506722258843295,13.503970297384006,45
2919,48.0,3.0332424447545216,9.232795412941368,13.507532791336036,18.537358341417622,45
2920,133.0,8.48116010757107,0.7280726255832615,13.508101903850797,8.91231569409958,45
2921,96.0,7.36565434119525,1.5826247461439225,13.508692286172884,5.0,45
2922,136.0,8.432211304310044e-05,2.5256375550989754,13.508834808720366,14.12661586696035,45
2923,193.0,9.147965854669136,7.550315730089155,13.509801317259114,12.676410445652046,45
2924,180.0,7.145246508036294,0.5313510652423925,13.511652180666108,11.49555580885566,45
2925,113.0,2.5288430783669993,9.733894253703138,13.512057349113089,7.766788476723917,45
2926,139.0,2.579807639100977,4.218829755423855,13.513754400846025,17.32354035287219,45
2927,150.0,6.037445870352405,9.73900285345444,13.515102440837474,13.11650451278756,45
2928,102.0,4.560393787122427,4.529715871907336,13.515862447151278,8.45916866201145,45
2929,149.0,8.123601814300356,2.745538463356443,13.517136719551386,7.91616354272306,45
2930,28.0,6.692713982444323,8.078486639429709,13.517342549601526,15.391752374194109,45
2931,7.0,5.041612141876613,4.02746507388223,13.517871307039622,14.460345725577074,45
2932,16.0,9.3761218077816,0.9644950638111949,13.519688353881758,5.0,45
2933,5.0,6.4157741819829,2.0690272344452154,13.519865597451403,6.55820633719306,45
2934,96.0,5.185892575457532,0.40799547555610993,13.520438336738382,7.629533236562124,45
2935,122.0,0.4258122541015408,4.451284442929503,13.520685713699539,13.924198949234063,45
2936,91.0,1.834529277296143,8.221398904218674,13.521082598987219,14.851557916564333,45
2937,97.0,5.997277265910263,4.103986534092572,13.521421591500335,20.0,45
2938,86.0,0.9180015883418968,6.440982814582529,13.522417509503924,6.505098765479367,45
2939,81.0,6.356695763538694,4.28860862835066,13.523345980776996,16.831097503735307,45
2940,57.0,8.280367629625525,1.5781067454491593,13.525142476328636,17.88574609315878,45
2941,9.0,0.4693869405065487,8.455889162599828,13.52553364785193,6.342137914158124,45
2942,188.0,9.19483230529902,3.257053593096615,13.530377262072289,13.00940056210904,45
2943,30.0,8.110523260529817,0.8221435564369795,13.53292222858134,13.712489118609371,45
2944,81.0,5.267420407675476,0.7703209758075147,13.533077203564973,20.0,45
2945,159.0,9.644314289272915,7.6976558358919895,13.534147065253203,8.138612036510128,45
2946,184.0,5.551394107627951,5.330334391049517,13.53515820900844,7.217430660171728,45
2947,136.0,2.6108542677824618,9.158728481442246,13.536005460297657,14.813463623258409,45
2948,0.0,0.3739326139555932,1.6271123119896735,13.536720360732122,8.98714350409606,45
2949,164.0,3.289463379704679,7.5013412628393175,13.537410510143099,16.28709575954699,45
2950,156.0,0.8377718276071267,1.806683089366633,13.539349888508104,16.613311301041865,45
2951,77.0,3.7339870562496227,9.0426542517976,13.540868191171713,11.503421393764617,45
2952,113.0,4.318290554455043,7.56633897584093,13.541872465862063,8.574204814884997,45
2953,135.0,2.358021795962091,9.803136320553143,13.543127561031687,8.84507969681458,45
2954,116.0,1.435237300825668,0.8556834810813096,13.54314829324569,13.31642835801967,45
2955,31.0,0.9473908716117596,6.669609536858442,13.54426648432068,12.350153163441519,45
2956,84.0,3.2808244560882205,7.16153003846604,13.544896160787262,9.810610690947014,45
2957,102.0,5.906753104461819,4.93156502672821,13.54506443576518,11.1368058488479,45
2958,180.0,8.474245553398154,3.693055799651901,13.54561509552111,14.733457917902992,45
2959,46.0,6.355419893793224,8.3398901354285,13.54564411465016,17.5377667435062,45
2960,18.0,6.572771990526247,5.948189455936422,13.546209275091483,15.199302682966607,45
2961,50.0,3.168703882400219,2.43033553670387,13.547227330050656,11.161193343587325,45
2962,36.0,5.412891393891533,2.5336600537265994,13.547607821162087,6.336332246156514,45
2963,137.0,6.130720298820464,8.875031525124248,13.548336088499251,17.09391873943306,45
2964,50.0,5.510117827839904,5.111737656541316,13.548529242686188,10.909541937560364,45
2965,112.0,5.1088353409012255,7.749040653297997,13.548883312937711,9.500453266804648,45
2966,10.0,3.026807493721033,0.2578225882776297,13.54919357436515,11.520270311276724,45
2967,165.0,9.228141502810951,0.33725038516708605,13.549262816591112,20.0,45
2968,115.0,5.0378129823621105,5.268722326182029,13.549438509922236,13.205461553131467,45
2969,155.0,6.104797571573118,4.6026072809253,13.55080676769477,5.0,45
2970,10.0,0.5823559129060052,9.799054932004886,13.55131466630388,12.21049459370866,45
2971,163.0,7.098573639695241,6.270352133160372,13.551331898966898,11.478797927008614,45
2972,178.0,0.1844335597669189,8.36194217154001,13.55253379891444,17.01824533907828,45
2973,104.0,2.9217167190747317,8.93688669812466,13.552678702608175,5.0,45
2974,0.0,3.1139337502980844,7.830712747887544,13.553135402960454,9.862735418649745,45
2975,89.0,5.111687284365781,7.655706437663671,13.553420497891576,10.99248591811588,45
2976,147.0,7.442495797272172,1.823002665891229,13.554525277600444,15.463213884522222,45
2977,183.0,3.5034843684080452,8.892350029451144,13.555238031453634,16.86846514473037,45
2978,134.0,8.755286509328855,7.288280507965881,13.556062799850688,5.067645099737018,45
2979,146.0,1.2403899717111522,3.8507845311142095,13.556578281936629,13.115532284382619,45
2980,110.0,2.635202684229246,8.528996445498985,13.557333363612646,17.901841410703607,45
2981,163.0,3.6609238335720717,6.435668858860309,13.558114001705572,14.691477231846067,45
2982,95.0,4.402852734112442,2.3280568033775118,13.558451075443145,7.692399518292121,45
2983,99.0,5.067230296680698,6.023063114868043,13.560609418948491,19.48688278632241,45
2984,133.0,0.12399727831886698,4.485313259284245,13.56073169324908,5.0,45
2985,18.0,8.104145777780595,7.805112754924099,13.56243129472337,17.827814359575004,45
2986,86.0,2.909189197000419,0.8367927562306199,13.563148626818784,6.927447252409658,45
2987,76.0,0.9711098954028496,2.8725760270804876,13.563442817236872,8.795296106217153,45
2988,124.0,5.876072027349273,6.461034280926169,13.564661766520794,12.59014691529865,45
2989,67.0,5.870374223626268,4.914965189689679,13.565437096658673,6.088057125585556,45
2990,7.0,5.911287895483891,6.456175495344664,13.565546543904187,12.921601625733272,45
2991,166.0,2.026957654780893,4.363242910055757,13.565569755461732,19.58266227793877,45
2992,156.0,9.902787708909228,7.513263048391245,13.566286333112062,16.28246267832258,45
2993,113.0,8.756755831302486,5.155405606191753,13.567812514144563,12.675494879817146,45
2994,84.0,0.5978465302750136,4.172462708587518,13.568022542105176,6.303688620086765,45
2995,45.0,2.113463994898864,1.5786522601369735,13.568260578842066,9.074069276352567,45
2996,148.0,8.40186710048404,0.4901146946125068,13.568338375701668,7.884436778603748,45
2997,38.0,7.365267373224511,8.37517907401389,13.570212820376735,14.546526282156774,45
2998,149.0,3.078018455997993,0.4109680417270789,13.571871434397835,11.391929935638903,45
2999,57.0,4.056819241155845,4.528752863372327,13.571965537098563,20.0,45
3000,147.0,4.014246641742084,3.0820233015899854,13.572084587114148,14.93859204658401,45
3001,50.0,7.756578128478786,8.051325649313677,13.572145102748465,11.024328252422844,45
3002,178.0,2.203235735994861,6.872082509438159,13.57365735598849,11.249527238255924,45
3003,90.0,9.688853016324446,2.3407238612186787,13.576062599577725,10.82244247369749,45
3004,133.0,7.743019768187231,6.779254152635964,13.576471985133413,6.101552840490876,45
3005,35.0,3.1753418853191384,9.502711769795154,13.576690861537713,8.053829613509969,45
3006,83.0,5.654896151273219,2.083828081457723,13.576907806297873,18.514760834976745,45
3007,77.0,8.375333186203198,9.129792782288646,13.576948885158338,9.779364696550532,45
3008,127.0,8.396588560924869,9.4391190014857,13.578338534507186,8.607834925878226,45
3009,56.0,3.85186290154628,6.506016686779605,13.578506435360502,20.0,45
3010,60.0,2.2884974235808375,0.021781078905779294,13.580052923049985,13.557701270395311,45
3011,171.0,5.327872350672934,3.14408984103952,13.580237289778715,10.876842461409595,45
3012,139.0,2.116642974335999,7.21327527224228,13.5802435678346,18.106637299938402,45
3013,152.0,9.356266794792182,8.088773816108436,13.581219258610908,15.949092398208023,45
3014,142.0,5.596340905320569,3.729694129930725,13.581917176899559,19.24424674999311,45
3015,179.0,5.448542363776467,4.383020989620501,13.583541244814592,18.866898668727764,45
3016,49.0,0.2625214860950831,5.513522105988594,13.583752163040899,17.902000413780815,45
3017,59.0,5.887133614622825,6.186871047310268,13.58387016362866,14.897931679167304,45
3018,1.0,4.0893660156389995,7.192566957365676,13.585253975250813,10.72864824511343,45
3019,170.0,6.909441019173678,5.801432285042884,13.585350636540294,12.076602624347247,45
3020,104.0,6.745897689212558,2.4000152326555444,13.58554690179273,10.855526918064452,45
3021,85.0,0.259889381830547,4.362402400402018,13.587232682037804,8.853008032216378,45
3022,62.0,7.65745763488654,4.501865036676843,13.587649470226761,8.874256586593587,45
3023,115.0,9.207789361744483,6.856443835872728,13.588106346928232,9.76185640924395,45
3024,14.0,6.923239745010772,2.999419913209217,13.588143919505317,16.483691139289515,45
3025,62.0,8.024950013130509,3.144897197205591,13.589563547574933,9.6805110716771,45
3026,170.0,6.961158066751002,5.25988955417744,13.58998099676976,10.14029769497853,45
3027,139.0,5.663387978220637,1.604559491978691,13.590784051612726,18.6091960360401,45
3028,60.0,5.417809575929401,7.2559133225772845,13.590840369844209,11.435529807982862,45
3029,178.0,7.130952504475564,4.7678791173323205,13.59103366730716,14.974438637918809,45
3030,50.0,8.536756332484659,4.461730139295992,13.591756811330084,11.552862240868038,45
3031,143.0,7.898202602401064,1.4221965442839724,13.59184031237938,18.94080839136419,45
3032,181.0,9.161789277609314,0.7749867245766018,13.59332212590264,20.0,45
3033,91.0,7.390195035537647,1.945840328338102,13.593492687211056,18.592488553230506,45
3034,143.0,7.415428207858039,6.080606248455004,13.594675835378768,18.827212177807446,45
3035,84.0,4.378501638859262,2.841538749916823,13.594745417084074,8.469370757388864,45
3036,149.0,8.524799402513697,9.46915189928917,13.594814912675588,10.38895756206713,45
3037,153.0,4.277043683941644,9.572953989056677,13.595970054247777,10.893866012610738,45
3038,78.0,1.5223981431673783,0.6545868676558042,13.595985943659542,5.0,45
3039,119.0,7.616999448659605,6.184067039775916,13.597251886250756,12.486660488720235,45
3040,190.0,6.222454141733581,6.210691987210546,13.597529131601295,20.0,45
3041,120.0,1.687664818613741,3.8406754637833087,13.597744732271902,15.037100361571262,45
3042,197.0,2.622844983394411,4.778372964642149,13.597870539969533,18.078525041492295,45
3043,152.0,5.612884229581993,4.038607260212446,13.598491221328779,12.233146372589284,45
3044,135.0,2.8852001059875065,1.0412713764181358,13.598675662492026,7.373135142382281,45
3045,51.0,5.145029892716575,4.067461625985624,13.598956581724805,5.9414751716651315,45
3046,117.0,6.2345408679336645,3.3330860444285815,13.599261877576764,12.956037691198958,45
3047,65.0,2.8054569145118524,3.534337548658799,13.599723512793371,12.793967859084477,45
3048,176.0,1.9053182235260557,1.5723299978030103,13.601771444026351,19.59644622423396,45
3049,105.0,0.7511432682013208,5.178974404484188,13.602025584060089,15.49660536302789,45
3050,190.0,9.562389447097354,9.899018933012446,13.60309314506241,20.0,45
3051,161.0,8.43247397235556,9.074606075390598,13.604677647519654,8.526382187512137,45
3052,61.0,9.070289482367965,0.94708989383399,13.605872627205189,20.0,45
3053,0.0,3.054800629089084,0.3065255497268238,13.60682069670033,9.781248599002636,45
3054,132.0,5.748879086988423,8.723554223333863,13.60717474213427,13.449072658552785,45
3055,176.0,6.691194148861664,5.79008723839856,13.607822476061967,13.345025841533811,45
3056,156.0,9.447548833936185,6.123099596634001,13.608268811525322,18.62131955831823,45
3057,29.0,3.3706326864298575,5.582529848675587,13.608535259795124,7.483797572626073,45
3058,20.0,1.5813798433062098,0.7267303862785168,13.609215184408727,10.068529287428877,45
3059,100.0,8.453790319656058,8.319517295306085,13.609466114847693,17.35844981547133,45
3060,170.0,2.5645467375599917,1.808173429017712,13.60967393302521,13.386717224119339,45
3061,172.0,5.53327198983669,8.139341688513266,13.611427316939057,6.582892354348422,45
3062,1.0,9.262124360268501,6.572986033042896,13.611842245921242,9.982163380802659,45
3063,195.0,3.483155522429916,4.360943921148972,13.612279311043403,11.552895492261719,45
3064,61.0,0.700362203412912,1.6797949458162553,13.612345344014948,19.05343361411457,45
3065,199.0,2.5210884933516633,6.78427368427974,13.612550388374684,5.840091540928272,45
3066,53.0,1.705479009084907,8.887808002374523,13.612890785774223,12.95743997174807,45
3067,71.0,2.4390509098915913,1.0067400783048852,13.613519266037986,7.0337318384332175,45
3068,32.0,9.846264128356868,6.587780189333631,13.613618800204037,18.630784002812646,45
3069,163.0,9.6573188201922,5.023391077837034,13.613816961490913,11.668746397366945,45
3070,82.0,1.4565760362984181,0.9270939690505697,13.615153611707942,10.802916299460765,45
3071,186.0,3.923898791517406,9.695680951869324,13.615160774240351,6.351642317859998,45
3072,134.0,7.797343899517938,8.595148077019076,13.61670154919631,5.0,45
3073,150.0,7.138887295648494,1.4505961571983594,13.616780529006189,13.246170019360774,45
3074,42.0,0.786479854527512,4.237159839477618,13.617388307275728,7.072450623824304,45
3075,18.0,7.26275287983894,0.43244215799365104,13.618884493502092,19.571308758792643,45
3076,24.0,1.2744025350811183,8.6354833534936,13.619246898093747,18.022534354360456,45
3077,118.0,6.344076972626712,4.9148372561658835,13.620210324093463,17.764274075747394,45
3078,58.0,4.852717757845948,8.341006370574236,13.62031173409844,12.677596808547754,45
3079,86.0,2.219083785641108,5.354167746558543,13.620614462262829,8.613114830012025,45
3080,197.0,8.930780199671263,8.764215617640156,13.621712435952324,17.689626528584178,45
3081,36.0,0.22609668481897383,8.95779547257129,13.62316889736687,11.321251933354656,45
3082,13.0,6.3760719896238625,8.490729868006413,13.623299643249448,12.134984262826174,45
3083,78.0,7.987652052183884,6.464607132724755,13.623369134033311,5.3448410946517555,45
3084,10.0,4.623231509283016,8.229084846281427,13.62340211697516,11.160178114384609,45
3085,109.0,0.3486161585317349,0.41520035873905736,13.624632438015956,12.042570264709816,45
3086,72.0,5.905877365369072,6.58142897863455,13.624874809470036,8.10841551291798,45
3087,179.0,7.049140683315396,7.698907741138986,13.625020446214966,18.208104274360263,45
3088,70.0,2.735694634423239,3.9991784959354004,13.625878653085834,5.0,45
3089,36.0,7.623850715249584,9.186995513696353,13.627199696409015,8.43971387647775,45
3090,10.0,5.7091154119768355,7.8748291169363895,13.62842840531126,10.855111331554053,45
3091,37.0,1.9272152219969818,6.932449918335774,13.628748883647066,13.144510161123879,45
3092,45.0,2.297093048845893,9.077957754210331,13.629034673353573,8.451054939736427,45
3093,33.0,4.928361760924139,8.405324697386266,13.629866422633917,5.0,45
3094,153.0,1.4318286102839384,7.067956840599598,13.63110583196939,12.280756689975874,45
3095,10.0,9.391127965958804,1.7667674153385737,13.63147819514506,11.588337059025806,45
3096,41.0,6.860363071141048,4.657073440047847,13.632150524545056,18.724003480805173,45
3097,31.0,1.2601573404955524,8.25067355243756,13.632526829491255,8.872012927677762,45
3098,15.0,6.598160597881933,7.984418578141129,13.63297084565479,5.961725639820974,45
3099,77.0,7.779192204275114,0.9663933444341721,13.633958667744906,10.728119529937889,45
3100,161.0,7.743074714495766,3.646430074105057,13.635342014681008,5.445175363069258,45
3101,144.0,5.932290612420095,7.818659194898561,13.636703610599678,19.672799369752532,45
3102,153.0,2.1430020694120056,2.76091200052723,13.638549642674842,11.171928073139306,45
3103,111.0,3.9191424430331256,9.372881446969766,13.63873936748059,11.245091411144767,45
3104,9.0,3.177372210810081,0.8215758102532877,13.639395272854326,8.626057574056073,45
3105,182.0,7.79974049778931,4.26574052584521,13.64043934686415,13.739534471021427,45
3106,80.0,1.2993248121677137,6.056920829589576,13.640551079201108,20.0,45
3107,13.0,0.11422780444411362,2.8061645670383637,13.640818739716025,12.204157841068985,45
3108,85.0,2.5795042669550705,0.7580400949983668,13.643355589924395,10.582404163799893,45
3109,164.0,2.4714228769445388,4.089781867788953,13.643487257726083,13.219426974755088,45
3110,146.0,2.39408342668595,1.288571979116444,13.645262049002264,14.973208986308585,45
3111,79.0,2.9722927819463107,9.702616839204556,13.648363269375995,16.54942771045616,45
3112,174.0,3.322240314204239,5.087905794257392,13.648895065976216,12.528525352465202,45
3113,125.0,1.0406878205796088,2.961541099407259,13.649017942140976,18.734463209869393,45
3114,137.0,8.236065318289496,7.191587116085972,13.649486193616434,16.114469567844296,45
3115,163.0,4.5932556418467545,5.061564717244325,13.650902365926349,11.693462973898857,45
3116,87.0,0.16169159424415214,7.317112723504287,13.651424491504036,16.76018614078221,45
3117,23.0,2.5255498138797314,6.930898681887464,13.651502302178073,16.980265848495783,45
3118,85.0,3.483022518453587,4.351210846496684,13.651968829872624,6.752550509085556,45
3119,17.0,0.5439085888910999,7.090787073462978,13.65391039298741,18.66713854788239,45
3120,37.0,4.841040403852437,9.469888694802789,13.6542782698166,10.348897696740678,45
3121,147.0,1.3291027308597125,9.78252213183724,13.654780184861023,12.388092179872269,45
3122,80.0,3.383406606122441,9.666779596333738,13.654904395462822,18.228357384755515,45
3123,180.0,4.638075017431124,5.659553938190976,13.655055850268738,14.184525553467907,45
3124,44.0,8.534000689100646,9.318258073008623,13.655629987522921,19.700702925337733,45
3125,26.0,7.375816314072795,7.607448539913671,13.656834406492944,17.946343170816988,45
3126,133.0,4.471185393270563,8.292048203016911,13.657467996082959,5.785152116591526,45
3127,183.0,6.177459015498391,5.167687510533244,13.657757735741589,17.85390984691135,45
3128,5.0,8.758762778214829,4.127523437151055,13.658058031075203,8.312491299101936,45
3129,127.0,8.090433890318335,9.280542015957723,13.65858721695184,8.973804377611664,45
3130,87.0,1.2500150819422973,0.2319194357945753,13.660223786313619,15.668342205027576,45
3131,36.0,2.215695386037757,3.170751909959547,13.663212537796637,8.787409960310395,45
3132,97.0,8.670719662080192,3.2365308615749333,13.663489957978765,18.188992291969697,45
3133,49.0,3.2132244421512723,0.37244630263432277,13.663965060708163,12.492009462744793,45
3134,71.0,0.7435509724222444,2.815389084813721,13.664238562573477,11.071325699453611,45
3135,184.0,3.119188438353704,4.195016749059334,13.664716000904606,5.325151434221377,45
3136,14.0,9.109531882940741,6.619766729632197,13.664837001760683,18.802848928023625,45
3137,56.0,0.6508061040111146,3.7692695488053785,13.66492637165818,17.34326248325994,45
3138,11.0,0.17711392867149067,2.80443957403799,13.66637399613861,18.56151120589365,45
3139,83.0,4.2713424546611956,3.11249937185298,13.666613370678562,17.99330615697765,45
3140,99.0,1.4150638922059267,6.897623764510136,13.666679609932164,17.16580976227326,45
3141,166.0,4.930741807186684,2.916323072695124,13.667287097985064,19.32926592060152,45
3142,179.0,1.2480361954346542,4.278229487686312,13.667375768769947,20.0,45
3143,180.0,4.345016394059567,8.22924324753069,13.66748927018984,13.46359559487264,45
3144,46.0,4.467818001490094,4.851156732296937,13.667781962034201,19.447462108741604,45
3145,105.0,2.8678835808677494,3.4614514974373334,13.667962534363133,15.83909614630477,45
3146,152.0,7.727058099263505,7.052515237991703,13.668303348305157,13.047193945031179,45
3147,73.0,9.401088914490286,4.482001644720142,13.668425629725864,7.948550382064039,45
3148,188.0,1.4650433116089245,9.476926185185699,13.67029729593811,10.347696055345898,45
3149,61.0,5.206594832402816,0.13539350300644348,13.67073775913824,19.168348720856354,45
3150,73.0,0.09553603852301307,1.8167141024166467,13.671074582578157,7.9003753728716495,45
3151,158.0,3.4105478618520557,0.46067133430966467,13.671938265171171,16.984577700238745,45
3152,71.0,7.972796344931663,4.679283162437939,13.672182894574647,10.408420231238662,45
3153,40.0,4.82255282720467,8.48185290854566,13.672617562273455,6.643350631412299,45
3154,23.0,6.669502256030206,0.5694203272608178,13.672701435101738,19.889637836276933,45
3155,181.0,4.261731563406663,8.682304142425837,13.673648090555119,16.863709998083383,45
3156,162.0,2.324846124485902,9.488425448006632,13.674351045784974,13.041181183605284,45
3157,1.0,9.501509566368135,7.779153878098725,13.675214644055377,10.397694889525114,45
3158,105.0,7.197547193003967,8.86010534759446,13.675537495582525,15.189480429828599,45
3159,133.0,6.108535281497156,0.6238041160150054,13.676203698222333,6.589941282955163,45
3160,143.0,9.436401735692735,7.0034765502521985,13.676229056896593,20.0,45
3161,116.0,1.517793513732062,5.865944295480158,13.67632123649231,10.066892981685017,45
3162,51.0,2.145649008964231,1.5204436681466527,13.676785580343495,5.0,45
3163,93.0,0.6925641830620977,1.7769434556093677,13.676900739202008,16.19360911555943,45
3164,138.0,9.360348644184848,7.465158354136405,13.678660823511517,5.0,45
3165,116.0,7.610759941452493,8.070592878177527,13.679779857143414,8.606258614586649,45
3166,134.0,3.554057883056897,0.1476069590604845,13.681088429480672,6.022980360462079,45
3167,112.0,4.220885651760451,6.9787578293396,13.682854158334841,9.943929093305977,45
3168,161.0,1.5706643645507712,9.228070463591978,13.68317287577479,7.84304754828092,45
3169,99.0,0.7568632402520714,8.079371438941564,13.683454023119442,15.613883859554688,45
3170,132.0,2.367264428988085,2.391753745396029,13.683667386508219,14.69256005665124,45
3171,66.0,4.234005451950008,7.169135695246957,13.684299066904623,9.948280022719693,45
3172,66.0,1.342046900116658,7.478117475784407,13.686048365962034,10.16990313288103,45
3173,181.0,5.801913569313423,7.212109055315688,13.686545085929591,20.0,45
3174,71.0,4.204318184421576,3.2127055500572066,13.686867542172646,12.773170784650086,45
3175,55.0,5.783120827648528,1.0442878611435835,13.689190390574046,15.33199177230405,45
3176,57.0,8.03552030298851,0.3207489493202931,13.690357545885476,20.0,45
3177,31.0,2.780237695854979,3.597408363489344,13.69101104260023,7.596958863805963,45
3178,151.0,6.6219535718792155,8.18232125205534,13.69189615267639,15.38501775868385,45
3179,60.0,7.825018354346823,9.755651839776881,13.692433760678126,10.43582535264955,45
3180,25.0,9.120822174846172,2.436960357867639,13.693048528772726,16.141291926303914,45
3181,145.0,1.9913095946419146,3.4984350301120704,13.693513066575097,14.27245284930982,45
3182,108.0,1.9162108320414062,5.907065334700149,13.694578876725437,5.0,45
3183,107.0,4.678167441212256,0.27532281725476615,13.695699714196317,6.719771105313321,45
3184,23.0,7.7335869693872485,5.817615971716746,13.696911951875968,15.628627334883818,45
3185,25.0,0.27452548061360327,2.8002687156018324,13.699147701585174,17.74474143158604,45
3186,13.0,3.7273941269104927,8.672467320914834,13.699881061836777,9.010822587204178,45
3187,154.0,5.68009534729504,9.268083796759692,13.701469723926346,10.016117400009204,45
3188,172.0,8.688473043437874,8.188890277779766,13.701630550992236,9.011100849199146,45
3189,148.0,5.325082455594556,7.169992990185619,13.701771476742149,7.807376689403696,45
3190,3.0,8.517487113634,5.0169579555684685,13.70252497535511,12.129085606709321,45
3191,121.0,7.193013195588486,4.765313570659046,13.703283211253606,11.09121452260637,45
3192,115.0,3.470198473438054,1.7144480310975008,13.704732764386092,10.783212483679351,45
3193,101.0,2.2557903337274334,8.896144279034061,13.70503583575452,13.524003638523006,45
3194,190.0,0.9445759210541804,3.8291978919250913,13.705427900231031,13.999494875224725,45
3195,158.0,6.063059142839768,5.6961723205478965,13.70550435760715,14.668909641471394,45
3196,116.0,8.827693055392883,5.912402989746001,13.70601308808809,8.814386839679322,45
3197,67.0,1.9419089519869992,3.9198072438270684,13.706865774580276,5.0,45
3198,116.0,1.5063478564379496,0.4931021289845805,13.707044195139634,12.384652240813145,45
3199,14.0,3.869039711910236,2.8066507221736723,13.707382484386684,15.233555229965642,45
3200,79.0,6.468731844459396,1.9292072625892376,13.707748643260118,19.893517654852026,45
3201,62.0,7.016032317680501,1.9431538022098216,13.708471946925215,9.41503895825599,45
3202,37.0,3.9924499260740975,7.5948283340506535,13.710006817067905,10.920071265604257,45
3203,78.0,1.0659877937714657,1.6470652707744482,13.710140600851428,5.0,45
3204,88.0,9.825336990489822,8.077630253546461,13.710311191713402,15.74682236255329,45
3205,28.0,3.1151294886912284,5.566037940666531,13.71049283835192,13.966415974624722,45
3206,80.0,7.8823030182387335,4.987421701685779,13.711101694393136,19.301059356435893,45
3207,184.0,5.111861059153039,4.399517882735056,13.711516764676361,5.0,45
3208,156.0,0.2567601891793536,8.849984416775763,13.712402405635734,20.0,45
3209,126.0,6.271314132549502,8.254476725064174,13.71312437439149,11.331664563852366,45
3210,52.0,5.043955070554133,4.213472340726399,13.7131896516338,13.20562735734268,45
3211,54.0,7.881764677403219,4.179458574883936,13.713450700927162,12.345637694588019,45
3212,47.0,7.429070096222743,1.7111126109295727,13.71399380676646,5.269250241971996,45
3213,87.0,0.8678374990791415,3.3364147001629805,13.71410750514678,17.418972133872845,45
3214,74.0,7.668707641187623,0.18710467164203992,13.714229377945463,18.322225992844345,45
3215,118.0,0.24896999816425236,8.184776651633154,13.714454317731478,19.590441136093506,45
3216,159.0,6.7237023122661395,8.9266574346651,13.714503902345058,10.93513438305422,45
3217,172.0,2.4544012894886045,2.311688300224868,13.714605675993598,5.0,45
3218,88.0,6.335855461015155,3.2425139056379004,13.714711618156882,15.236297391730702,45
3219,41.0,3.2611973204665476,1.3290222864842938,13.715701460291369,20.0,45
3220,7.0,2.0380612791014308,7.831460754122023,13.71573051648598,12.020027013666699,45
3221,4.0,5.262277479665736,8.470835637389873,13.716183499755417,19.105457739864384,45
3222,165.0,2.479642696680787,3.9637956048867373,13.716738204730383,19.68744140954105,45
3223,66.0,2.0995062268706066,3.9896696664947076,13.71675066101596,10.35276364951161,45
3224,152.0,3.1863798079127372,7.3254580211359075,13.716767198626327,13.508589422831333,45
3225,2.0,4.283349585805945,4.346107775692024,13.716882760161186,14.539121568473764,45
3226,100.0,7.401411661720506,8.185712907232665,13.717120600110057,18.756881940960827,45
3227,56.0,1.5351192882737974,5.62570521690576,13.718361797276698,18.241933241210422,45
3228,2.0,8.432510013213115,7.173442515045554,13.719999246061471,8.32113526084187,45
3229,168.0,8.509407571055965,0.4932986079345003,13.720220436925278,16.16335644937658,45
3230,1.0,9.37696579041056,4.588671134999353,13.72101446011306,8.801671893687601,45
3231,19.0,1.8608398369700119,0.3001648663058909,13.7211134040071,13.784281458614645,45
3232,179.0,9.604611210891825,5.744199705256957,13.72159413988441,16.075150571527303,45
3233,87.0,7.955312673330397,8.260503225429911,13.72188170341321,13.866014811483591,45
3234,28.0,3.1666642317146,2.8930888314202408,13.721921494957718,13.169686256732245,45
3235,93.0,8.11028113305921,8.864758252221002,13.722842221992046,16.034226736652887,45
3236,52.0,6.057988288361342,5.391943437201828,13.723133135836498,16.887160961763644,45
3237,69.0,8.617056483165207,8.488226183429644,13.723334029307923,18.997998932381293,45
3238,152.0,6.95053460387782,6.638519582548002,13.723459453078302,10.980804467207431,45
3239,129.0,9.530789055836253,4.913657900934262,13.72385613904845,11.23703616220671,45
3240,80.0,5.964755276300247,5.919426270138686,13.724750323414224,19.763748162442102,45
3241,155.0,3.68888657181184,1.7891528858392969,13.724803623197962,5.0,45
3242,77.0,8.612815500005576,2.3706007077890137,13.726028987936914,11.58169278586697,45
3243,191.0,8.168333718844558,1.182242828724439,13.726924186609448,17.816790375245073,45
3244,149.0,0.3790202713880897,3.4057375782591515,13.72700234266518,9.511964382282693,45
3245,196.0,6.574173531935407,3.9969034562408523,13.728171087275037,7.005524146461918,45
3246,36.0,1.013191819631899,6.740448577943341,13.72883144460916,6.227000660172294,45
3247,135.0,7.397581914071458,6.499171484392795,13.72938557530646,7.015325172216065,45
3248,26.0,5.087431173705878,3.6032124051785717,13.729479125220767,19.69881796640733,45
3249,188.0,1.7292558688509263,1.3278723978427243,13.72950295041576,15.045039092626709,45
3250,174.0,0.050263727620234455,0.08022300004771887,13.73061640617805,12.103849568963733,45
3251,12.0,8.012273010703122,5.009082664925045,13.730904432736606,15.185582769989914,45
3252,96.0,2.8877950747730505,8.170003167690732,13.73114716009065,5.0,45
3253,6.0,4.407029301108,7.515646160029981,13.731603709397719,11.779049899680508,45
3254,41.0,6.351331343303435,1.0246239733794549,13.731905165684918,17.78040514056827,45
3255,118.0,9.968626720667107,0.19363296594811175,13.732029936792163,14.724038005478317,45
3256,129.0,0.37021418670734385,2.213502420674268,13.732440007124044,16.193472037366277,45
3257,151.0,0.015160281700767886,0.9303205418160543,13.732903427191832,15.093561896933311,45
3258,150.0,6.140623117158807,5.623896559626096,13.733448169115768,14.641750996645673,45
3259,192.0,5.029037479119945,1.32400087576112,13.733513535730273,8.89228579136324,45
3260,75.0,1.1176594068699686,9.434704706966093,13.733644641699517,5.325354563512351,45
3261,2.0,7.0413918085712845,4.989611083190156,13.73400357725723,11.898256739615597,45
3262,36.0,7.525366141589064,8.276917387692905,13.734692795022207,8.44362085162895,45
3263,184.0,2.463181324131619,0.06644896521408983,13.736070915152998,6.020160258191075,45
3264,36.0,9.039650434042517,6.152583535533601,13.73741648584324,8.612152438983541,45
3265,81.0,5.718623131187073,7.719303556911044,13.737641862079844,20.0,45
3266,84.0,7.781495798880703,3.3448139707752444,13.737945096731224,5.0,45
3267,96.0,6.73063037000786,6.791820196336539,13.738506141258956,7.157289215707581,45
3268,49.0,8.427882149851634,3.792365552235778,13.739147217363074,14.848164296783645,45
3269,165.0,4.71671791527287,8.928377232125515,13.740862391700619,15.867727397414978,45
3270,131.0,8.556709183552847,9.533163497072723,13.741180375616695,12.201289733296463,45
3271,161.0,7.544997324949033,4.80286867886106,13.742226539215016,5.0,45
3272,26.0,4.81366994506712,2.2309652015430794,13.742942866440462,17.711950096514414,45
3273,90.0,3.804462922631302,5.30154230028589,13.743655212920677,7.823657170612206,45
3274,190.0,3.6231493778495807,1.7407164747105563,13.743682370597798,18.495936652425847,45
3275,37.0,1.8380374644785302,5.230558707238435,13.743808243917021,14.48843943949814,45
3276,1.0,9.776453555637778,9.74172088263251,13.744775899093328,10.904582787833654,45
3277,23.0,8.28013713988591,5.6134155027990795,13.745539322537272,18.603607067157657,45
3278,168.0,5.198999916108535,0.6359192006395575,13.745611779513318,14.28797392554442,45
3279,14.0,0.845055790976359,2.283444941354401,13.745665499959259,17.143116831922182,45
3280,52.0,8.808246238020562,8.231910503226507,13.745776680357364,14.044831384785827,45
3281,125.0,8.106429943234318,0.20523420568870132,13.746242724642505,18.304282377326455,45
3282,115.0,6.069223153797955,1.5772516376532864,13.746264841267605,12.459563619145287,45
3283,135.0,4.26056494775888,5.183692030149362,13.746302605436655,8.020893190037041,45
3284,14.0,9.384350396121201,2.912772530202722,13.746356418611244,15.918926477369238,45
3285,100.0,5.46301150413659,0.9988735038591845,13.746814244998049,17.65690949874381,45
3286,91.0,1.9294909802149396,4.847996737693347,13.74817790149566,15.10592347884596,45
3287,69.0,8.0757156565936,2.670094565289416,13.748189222626163,20.0,45
3288,39.0,4.791499973348751,9.640986960777697,13.748768496624631,8.702529945052055,45
3289,45.0,6.137897030751094,8.454485327919357,13.752191980333507,7.39132548354099,45
3290,127.0,3.1302164107350148,9.965838132388646,13.752559541697497,7.50121757932673,45
3291,146.0,1.7660592744649417,6.419713706670772,13.754288275743317,14.306860847070027,45
3292,159.0,6.857287645889586,4.685224367247839,13.755556942045384,6.693485123876512,45
3293,4.0,2.947990947734027,4.235887739701061,13.755852570165455,19.320664177553954,45
3294,35.0,7.219708048703481,9.128647058937183,13.756285635469927,9.110593558280076,45
3295,79.0,6.68468767160353,1.7098726877094106,13.757392746802335,18.52008064387642,45
3296,63.0,3.6587169136089512,0.7964093915807657,13.757788289677759,17.495059065804185,45
3297,171.0,0.21479049639596903,5.233578458119327,13.758475132842088,9.250326467771497,45
3298,196.0,5.377268092562401,6.029264089945265,13.759197718967325,10.188103534093166,45
3299,87.0,8.159504980652274,6.54300181483994,13.759368752668736,13.90955607253115,45
3300,68.0,1.0399963875804863,4.403809109707165,13.7598856429215,17.582349472843024,45
3301,191.0,4.905072673280923,4.436598592100167,13.759894795609899,19.86384973010821,45
3302,147.0,3.1578221651083602,1.52394637220721,13.760969286896223,10.58657849725272,45
3303,99.0,0.4073272658577287,3.102586153183917,13.761728318157406,16.540496980336076,45
3304,182.0,5.111262351744643,8.42491305025664,13.764478144624782,13.98904173050535,45
3305,35.0,3.536348591547809,6.992435200412739,13.764732294329153,10.22581444643952,45
3306,95.0,2.7497195682973627,9.107387256807415,13.76582536392594,8.508591282901351,45
3307,181.0,1.878792342729354,5.11590685649486,13.766830638006487,19.333389930806245,45
3308,94.0,8.374678742598645,4.254525864781477,13.767095844095305,10.819543710546302,45
3309,73.0,2.787313160343908,2.152235255080752,13.768095103282139,7.84681499852866,45
3310,183.0,7.352700630926098,8.296957298155647,13.76852803621173,18.72002112894524,45
3311,111.0,9.92273961188747,9.738378148804014,13.768928517038164,8.613953113241429,45
3312,151.0,0.5625351210317009,2.7410468766324767,13.77010116747686,15.0175180981684,45
3313,122.0,1.3771594148022148,6.953793900848946,13.771704553156605,16.70731267756897,45
3314,194.0,7.728791871390851,4.835464385573101,13.774533934467073,7.460791664838879,45
3315,125.0,1.4873344329427651,5.821730627718543,13.774685392307534,20.0,45
3316,189.0,2.2132924962362988,4.120147326288732,13.774769811128383,6.578688650810181,45
3317,166.0,8.551262727340943,0.3358058651236684,13.774978558554727,17.17946773235826,45
3318,28.0,4.8814375739900315,0.9383012754199826,13.775201151296233,13.607337317127207,45
3319,196.0,6.89675009452127,8.439553630471188,13.775328130594932,9.63483097859018,45
3320,55.0,2.2561713920859328,2.539212161238158,13.775750269034935,12.06389565187249,45
3321,197.0,7.19576169755407,4.017149655663182,13.776648910460828,17.9025378449057,45
3322,77.0,4.834284142895443,4.132833270236879,13.776984393501554,12.169338599787926,45
3323,42.0,0.9813270012873243,8.806234424857601,13.777416159503982,7.7123718948616915,45
3324,43.0,8.200315412565068,2.73953317741963,13.778043706201911,14.80333163346084,45
3325,61.0,3.271288101687645,2.924941485266076,13.778674319571781,16.779084573491986,45
3326,72.0,6.777046509190993,6.58454584151527,13.779035063355611,7.720785812420803,45
3327,169.0,6.877469005447302,9.932930238643078,13.779441393705557,14.22574732570978,45
3328,194.0,3.283693193971211,0.6717837200184562,13.779666406608722,8.271386673403567,45
3329,78.0,1.4950911128005584,9.402194946668622,13.780881539365987,8.931630434617976,45
3330,137.0,4.611797969606496,8.61507887186512,13.781325057264393,20.0,45
3331,30.0,1.7980836637157493,2.9834067191911817,13.78176446959064,14.647749383379052,45
3332,3.0,9.496788649410192,1.7775730435845416,13.78307508849796,12.535866439528128,45
3333,88.0,9.392205672250595,6.489935887042899,13.783264680518677,15.720499249051885,45
3334,165.0,0.42271635221776127,1.749785089541931,13.783339579973543,20.0,45
3335,61.0,4.155730434646756,6.400976565862413,13.78378392225129,14.814535293707625,45
3336,129.0,6.006365585782093,3.9796617770793983,13.785077593985886,18.779142419696257,45
3337,20.0,9.651118511261362,9.654591887153076,13.785096451800452,12.248947455016902,45
3338,16.0,4.424557887397244,5.474694984274203,13.785571336840126,5.9488195725528215,45
3339,172.0,0.4816691111389737,6.953483284663568,13.786993432909629,5.715981556962426,45
3340,159.0,2.163024036311376,1.1556766570864485,13.787808622797687,10.752084550877033,45
3341,29.0,5.45840490244969,2.9869912872872884,13.788920829808445,14.106924058689373,45
3342,169.0,7.139700611596696,0.7742798204776091,13.789547734099013,15.26018239941793,45
3343,15.0,9.391314300019843,6.542412475676869,13.78957167377914,5.346290990701521,45
3344,22.0,4.863644184833226,3.6809140811880168,13.78985507540271,9.828507286674492,45
3345,140.0,5.6820883496734975,2.7991253433524244,13.79046908227017,8.130989770702241,45
3346,129.0,1.3260395076306875,6.464768126899502,13.790592517269,11.50561389838533,45
3347,69.0,9.648739293875447,8.758069888513411,13.791591690168627,17.855847841936203,45
3348,96.0,9.005402563215538,0.866677372357344,13.792056674396726,5.0,45
3349,198.0,7.179432215942749,4.1633200217608195,13.792120225740586,11.129163775932376,45
3350,139.0,8.61778686673728,2.5138233910222474,13.793307778025694,15.533878440300226,45
3351,140.0,2.379286640648383,7.018396795944777,13.795710259798215,5.0,45
3352,109.0,8.64250872931288,6.355743406977762,13.796256997100988,11.112892763643906,45
3353,63.0,8.441947755876182,0.8461126150388598,13.797454918401492,19.723203384797962,45
3354,186.0,0.2988896046742673,4.98211609736725,13.798021351151444,6.577356667752401,45
3355,72.0,5.160251795111942,5.797737217715126,13.799041118903814,7.769485296078894,45
3356,166.0,3.6739704320266062,2.560608292915955,13.799082338995005,15.09441825452876,45
3357,154.0,7.144336561361964,7.0725252858341765,13.799176724926829,5.139375070379812,45
3358,131.0,3.1174828831692647,9.326314851665737,13.800076059486594,10.115276729503123,45
3359,23.0,7.387008811347196,2.7135549616436894,13.800344985554755,17.860084522491025,45
3360,192.0,5.320528511847618,5.271147441535922,13.800462284164945,5.0,45
3361,2.0,7.888475106856859,8.287382149058436,13.80213932380396,11.758863422247602,45
3362,183.0,6.32775914968739,6.219942735393648,13.802186322408922,18.355387203864552,45
3363,181.0,8.484706241694195,3.6685502625939,13.802359298233213,20.0,45
3364,166.0,3.1618267331337746,0.5727703444702903,13.80285243789362,16.66836885929496,45
3365,152.0,7.914354808758643,1.3874074680612503,13.803563844376018,14.286724639951721,45
3366,190.0,9.061264103695132,4.676705579948327,13.804166813810824,19.051976666645594,45
3367,5.0,1.7665840367196084,5.66763889850685,13.80490240473065,7.279866513588446,45
3368,121.0,3.3433473654373413,1.642082228604782,13.805705984938548,8.51224015487247,45
3369,83.0,2.3491904472516345,5.669896840258079,13.806351474828224,13.222966365450494,45
3370,162.0,0.2588622878068436,0.08229432102526246,13.808174785838037,11.868156584713976,45
3371,115.0,2.1360775211584118,5.9519318751920745,13.80850765279848,9.902484286842215,45
3372,108.0,3.844344810365732,8.87730517089034,13.808666200334622,10.211855643142748,45
3373,124.0,3.5223340118158433,6.1172929048149784,13.813126081899451,9.125241443959963,45
3374,61.0,7.050559598527451,9.640281610084138,13.814583783826043,16.996405588015023,45
3375,183.0,4.066446601333213,0.10157793471438525,13.81579061608402,12.710388696452672,45
3376,35.0,0.4043576988641273,4.0337789579103625,13.81691853313756,7.510661296229127,45
3377,19.0,4.134541575577879,8.815167976046999,13.816924622815195,15.799049452623265,45
3378,160.0,3.351101928283332,6.715229841762342,13.817179310504994,12.035145484547552,45
3379,12.0,1.7009908014685138,2.498117433542869,13.817328908899803,20.0,45
3380,170.0,4.197887634109975,4.287640882540144,13.817646630889852,10.044806567141396,45
3381,123.0,2.7702404915813195,7.266231485403917,13.81782622964992,13.443183967176,45
3382,168.0,0.45850964893366486,2.247154672788417,13.818072297981118,19.286690741265634,45
3383,198.0,1.6879812951280948,4.814017122429027,13.818481551953045,11.099440029478401,45
3384,101.0,0.3772588802255672,8.633479393044844,13.81905996735305,17.92959205567199,45
3385,174.0,3.2215768322009017,4.437913032121129,13.819421837397618,14.896676432222455,45
3386,90.0,7.0147937189671214,3.4403661304307906,13.819649136308168,10.959983702223035,45
3387,58.0,8.23798288064416,5.09460852384919,13.819782401617319,9.580021133006792,45
3388,112.0,7.904418663188605,5.721136387795854,13.820224265632131,7.038101753535322,45
3389,184.0,0.4364124316510576,6.331040040197358,13.820726063025429,9.310981395126984,45
3390,155.0,9.420454803734815,4.466023234326437,13.821633107227665,7.808083527465794,45
3391,148.0,4.917304806198017,1.1099405337260815,13.824275247886284,7.118576775986611,45
3392,78.0,7.9285498014340465,0.6690563805938776,13.824350054330404,5.09868196393034,45
3393,156.0,2.8827301338443547,0.07709225944427245,13.824872667044554,19.083229755639522,45
3394,38.0,1.4531033701727836,5.206448388642572,13.825552715430796,18.262098135676183,45
3395,62.0,2.6633384597812704,1.1030679297291224,13.826360317347746,6.584152708412695,45
3396,178.0,1.085534958778106,6.171022115335585,13.826911109293917,10.515635143510531,45
3397,47.0,3.2942255385233556,8.913864242828994,13.827054302589717,6.972376583183966,45
3398,6.0,2.8763377510631125,3.344772489173101,13.827991307078305,14.511992446914542,45
3399,114.0,9.978175576073486,0.6819747663361253,13.828528376243952,7.322839398748845,45
3400,85.0,0.1813546620077544,6.435394385069065,13.828837058424229,10.790127341072655,45
3401,117.0,5.652568752687258,9.661921209265437,13.82900088506498,10.753356111979068,45
3402,68.0,0.995990884577449,7.075727477665589,13.82948187784555,17.147067832617175,45
3403,141.0,6.083965353933348,7.147171293399639,13.829586919804727,13.17303107956707,45
3404,91.0,2.527911684144901,9.957252584559502,13.830569288158395,15.183181745661797,45
3405,178.0,3.8033288393146094,4.765951187385005,13.831080462974763,13.84651310220732,45
3406,172.0,1.1593967012145712,5.515845627877077,13.831819917974126,6.602278592590256,45
3407,185.0,3.545484434977576,4.764520048516743,13.832334366476188,8.387970714033383,45
3408,126.0,8.88422799516707,0.6751751703030684,13.833128303014478,12.491020560982346,45
3409,22.0,8.222258547077585,7.689124770011814,13.83425742168971,14.774201648148177,45
3410,110.0,3.3982087830897303,9.999396960457185,13.835413871017074,14.613819577665017,45
3411,112.0,4.242664438403141,4.4699981729689755,13.836774591711869,10.76880012804423,45
3412,71.0,4.589337743446161,5.213539996263046,13.83691834489234,16.182203760872987,45
3413,64.0,8.58350962909314,9.828686530510645,13.837293557501125,18.090570841707844,45
3414,103.0,5.475290575293451,3.302505059765087,13.840327798748703,8.093054703509154,45
3415,184.0,6.469302638375389,3.160628453728579,13.840961185982088,8.656590301698747,45
3416,87.0,4.260278536969269,5.269483732651988,13.842067487456296,14.795977632613766,45
3417,32.0,6.042366718076924,3.811751711500826,13.842602648062986,20.0,45
3418,1.0,0.8388820223769533,4.227576966337173,13.8427059337213,9.510741306646743,45
3419,37.0,7.773236830635568,7.081222041118674,13.843935127270305,12.034651054645384,45
3420,13.0,4.140371058711451,8.605740306424039,13.84475855609098,9.181711970536359,45
3421,41.0,9.352846951926699,7.879707809806517,13.845101231609439,20.0,45
3422,17.0,1.8514243625663729,9.517614123026439,13.846119461915364,20.0,45
3423,159.0,7.959129430734418,6.730133045103212,13.847047671900807,9.028532867942827,45
3424,1.0,1.570098096894983,0.6036613802176927,13.84891288525753,9.8817724705222,45
3425,161.0,9.38924224721122,2.2712245156693256,13.84971408403535,7.3374638250737325,45
3426,9.0,5.973803239075926,9.111644939233146,13.849891070300655,6.586596238662414,45
3427,110.0,8.083642789021221,2.958226360691727,13.85057678843972,14.464309912822607,45
3428,170.0,9.61574934177431,2.345630942670436,13.850862363643097,12.917302607971154,45
3429,133.0,0.42216455206495085,1.875219981342371,13.851067779584334,13.57359547299231,45
3430,60.0,6.887479752486744,5.343885296962538,13.851672313306008,14.620809136713962,45
3431,21.0,6.588638310786097,6.9565221574140494,13.852161327143603,12.442543046451956,45
3432,166.0,3.325554229844241,4.448820361080296,13.853053111690414,17.354675491913415,45
3433,167.0,4.620146221149012,2.3070163306177003,13.856213202276654,5.3855295351861665,45
3434,128.0,9.512161871092363,5.764031849516677,13.85839610606009,16.56487654676826,45
3435,165.0,8.794474319295096,5.005430048288844,13.859059170688587,20.0,45
3436,45.0,9.294442648249728,8.378113000908916,13.859304352314858,8.062703678602135,45
3437,36.0,8.07824749335214,1.5813388099103665,13.860918380222458,7.932250453441627,45
3438,59.0,3.354007600116462,3.2322927074832286,13.861887962805902,11.669499198773348,45
3439,194.0,0.879292618977856,6.587077440912461,13.862696110407567,5.384354023835339,45
3440,34.0,0.054416637773415655,3.5148346281983187,13.863203317580615,15.217295400426272,45
3441,6.0,8.962745920411516,9.12441088808055,13.863797047409488,11.997606058116334,45
3442,90.0,9.475787988660958,2.378664648953557,13.865296050750226,6.9102593468737865,45
3443,82.0,5.43056227870116,8.50198148720468,13.865353919507251,13.770860589448812,45
3444,121.0,3.4861451459753843,1.8531250044356362,13.866194850966043,10.016983941858616,45
3445,39.0,9.01874860851731,3.8212698522339816,13.866586041335541,5.464841553820205,45
3446,64.0,5.277532954010326,1.6952636876009386,13.866612769850537,19.508800751959484,45
3447,160.0,9.414202107605842,6.769130630285796,13.86690820328834,6.479504069909821,45
3448,12.0,7.825443530332724,6.981301832729021,13.867569680834901,20.0,45
3449,42.0,1.1351032671329808,6.592929875777794,13.867848141054106,6.349534639226529,45
3450,45.0,7.039128644489462,1.6756277395576313,13.868041414687132,9.47100810867208,45
3451,14.0,6.96622995738737,7.5203120828670365,13.869295249799636,17.573091180334355,45
3452,186.0,5.477164549850207,5.801460166513664,13.869397716527796,6.602158913286326,45
3453,155.0,6.60697655311025,7.093197111351114,13.869653354153616,6.445158007554602,45
3454,76.0,5.741669263780135,1.7626195808281042,13.871076910086302,7.062242746183535,45
3455,136.0,7.7266888638929885,9.325875386281087,13.87201765011663,17.181018288485625,45
3456,43.0,5.25428303142419,9.866767496633269,13.87220144612207,18.099516001938344,45
3457,44.0,3.217678014099725,5.95383925249822,13.872204335804618,20.0,45
3458,193.0,9.828328629689667,1.294313055464773,13.872702916846723,14.294413289034237,45
3459,79.0,1.487655863169347,7.5694126737553535,13.87527314259726,20.0,45
3460,173.0,0.3707278611889109,1.629332683699577,13.875312411225963,5.603493137679353,45
3461,103.0,7.823548977688384,2.3772783603238725,13.878188465842515,9.662526905023144,45
3462,127.0,0.26786415880126535,9.898482743078098,13.87874071333501,6.482074025260076,45
3463,194.0,0.8210758108649507,7.405964451075835,13.87894380471366,7.106043545355369,45
3464,140.0,7.52826565128105,2.4118207714562256,13.879841244983691,7.476097992863591,45
3465,71.0,0.8019236704137289,0.5487466966504384,13.881128263866582,10.999711151224052,45
3466,82.0,5.870743992048625,7.6389766045414635,13.8816246273064,11.457381649860334,45
3467,58.0,3.5536771076737628,9.316882891165166,13.88389711366391,6.7820785953625,45
3468,191.0,6.278538598536796,4.893782980598189,13.884594565873206,14.894826054842751,45
3469,3.0,4.707591389100258,2.9620839784643973,13.884780916682605,16.125589649145283,45
3470,141.0,1.7260046265340379,9.348412906324233,13.885542860727057,12.050998557110475,45
3471,163.0,8.7076613342765,5.011017003815752,13.885834898829177,12.964439376251196,45
3472,106.0,4.954317747265514,6.760986376536918,13.886448007008886,10.182483220428573,45
3473,72.0,7.493472860313747,9.002954648315116,13.886463400246797,5.0,45
3474,93.0,3.3291334128064,8.139795669675893,13.886863798758423,13.92923652333915,45
3475,5.0,7.285827137269108,0.679735048234037,13.886937394618434,6.062696905281264,45
3476,188.0,0.05956619658828988,4.648551276947912,13.887064754505994,17.79993999647595,45
3477,142.0,0.5117790575025294,3.3719775085275128,13.887327427643461,16.09345161539268,45
3478,44.0,6.64468929541309,6.172565448122653,13.888335467606176,17.97479013243747,45
3479,10.0,0.6124044613297719,2.623684663515926,13.88912252191491,11.688182645248302,45
3480,135.0,7.769227497027451,3.8829812139840714,13.890686662710642,8.901820963704248,45
3481,170.0,7.882306377906901,4.178601760069282,13.890998747663382,7.3815324693526465,45
3482,15.0,1.4554960041949483,2.328954440659671,13.891091044196358,6.235417741314415,45
3483,28.0,7.774026650620888,0.8956776360104124,13.892890093777359,13.242077538707074,45
3484,178.0,5.073902811916256,0.8782498952623996,13.892953215569959,13.064255306598064,45
3485,50.0,6.2459780096618935,9.895383341835815,13.893449812410458,11.906386333127324,45
3486,175.0,9.501571220999136,0.6730624197131463,13.893585895286678,8.722044486099767,45
3487,136.0,4.305179678243881,1.0027269341553224,13.894722333700106,14.151574285114235,45
3488,165.0,9.088625346369232,7.740998015752688,13.895238441351177,16.65557422184095,45
3489,90.0,8.426031516229203,4.117844145397919,13.895305577163336,15.367379135358503,45
3490,167.0,4.822379692855496,6.792567722164061,13.89593520622233,8.807440588493147,45
3491,128.0,4.1432397401559875,0.985317678313844,13.89664273867771,17.056864501170725,45
3492,82.0,7.8579229497470084,0.6647051685325756,13.896803682433795,12.572483841167548,45
3493,147.0,9.261311715185563,2.142767855641173,13.898290080707259,12.797770151616334,45
3494,32.0,4.887991874540088,7.615763275571435,13.898489629605065,20.0,45
3495,177.0,2.395163434473492,5.624699279242281,13.899501909095472,11.495000614546017,45
3496,106.0,9.186216800764823,9.279960867362067,13.899903939711027,7.531368239440949,45
3497,15.0,2.622526762240721,7.006156374170058,13.90016586427001,6.11107039345208,45
3498,42.0,5.9023828851749895,8.612375110099732,13.900450257788039,8.49367315492481,45
3499,148.0,8.33256261242927,1.010693973293072,13.900691720701783,6.5565245269194845,45
3500,187.0,5.549034841949853,7.9944161393403546,13.901269465861228,18.663185255928585,45
3501,175.0,4.499144531197401,9.439013456078966,13.903463371185058,10.993148923491757,45
3502,44.0,2.389612394788252,4.449345239088669,13.904438039085111,20.0,45
3503,186.0,5.514172462120451,4.622267881926174,13.904859547955045,5.0,45
3504,51.0,1.8682543173282684,1.9751445669531753,13.907935905911163,5.257836397508271,45
3505,86.0,5.908217782698463,1.581053922359611,13.908426538932428,5.093632970053305,45
3506,180.0,9.700502464215113,4.617007967886347,13.908488021043988,13.10212363479904,45
3507,128.0,0.9586135358447312,2.229674565333667,13.908844269405192,13.918454355998989,45
3508,125.0,0.0026976536289358144,8.172726464662023,13.90942560002916,13.818675647402191,45
3509,51.0,5.193202948754179,5.952982484261412,13.909643408481124,10.167298224395875,45
3510,47.0,3.3324833006091916,8.100811962711754,13.909895008233384,9.995504348779857,45
3511,104.0,6.917432593007921,0.6523438709986606,13.910129089899133,7.939696243694151,45
3512,115.0,0.4762023901542922,2.543220652170417,13.9111055674249,13.217750725593081,45
3513,8.0,8.966346284391546,4.973616036752368,13.912630603452566,15.570125577448643,45
3514,32.0,2.6049935807159996,7.584003323494789,13.913294230150882,20.0,45
3515,127.0,0.3634042554771577,8.344720702158241,13.914834689703296,7.495277299410097,45
3516,22.0,3.972596265646536,7.068052994023106,13.919417404139796,14.002590001233084,45
3517,92.0,7.790186701950395,6.008367446495038,13.921277177860542,8.296790433650516,45
3518,118.0,4.447122779131224,1.4971158407330687,13.921394151630622,17.999037089193365,45
3519,180.0,3.199685871463245,7.7847499917756044,13.921841586402511,12.427508756707667,45
3520,87.0,9.25509720661328,1.6034973114383455,13.922160365568589,17.506424644914738,45
3521,59.0,2.555810133773635,8.569693844404478,13.922461181275695,12.587734467691138,45
3522,168.0,4.393329334023813,3.3872136617175554,13.922465795515462,16.8241009793243,45
3523,83.0,7.9893260785303095,1.765053966570087,13.923060757841696,16.790263503675774,45
3524,70.0,1.5694991131910052,9.90099294837684,13.923689480379746,7.314111672983051,45
3525,119.0,7.089604958350905,1.065211044190052,13.924566508344364,16.14445964115517,45
3526,107.0,2.951557831561132,8.479531432016316,13.927003694869803,5.861260844447495,45
3527,138.0,6.867169215057645,9.170276029635785,13.9273023199774,5.0,45
3528,132.0,1.381096588030043,5.669295200609284,13.927758265956253,12.210880035534805,45
3529,173.0,2.628173180616794,4.203633040662096,13.927879646126232,7.957282510700793,45
3530,39.0,8.84677997469192,3.7552598879296784,13.928702632088882,5.009727542536591,45
3531,82.0,0.9572964005793605,3.362099994162744,13.9292867554488,8.63511161899357,45
3532,0.0,7.247221648717009,7.4918723827522316,13.93236525106767,6.428133344421527,45
3533,106.0,2.5166368851448317,6.85367987092244,13.93311068664462,9.00462224847579,45
3534,4.0,7.264724964416982,3.808239409054508,13.93577870230735,17.441110667556938,45
3535,18.0,6.066191333012123,8.349620020721328,13.936785131635052,20.0,45
3536,126.0,0.16882841175219765,6.455057125102959,13.93707437528652,15.268949030375252,45
3537,67.0,5.578070884190219,5.217758379651613,13.93780073259323,7.436249562954967,45
3538,58.0,0.5711491174561445,7.764107851107012,13.937920868243292,7.049954019863765,45
3539,129.0,7.219936221464049,5.2500386431400266,13.938462899535182,13.79108160465323,45
3540,22.0,9.884299631678262,0.17221359362270539,13.940132135841337,13.966852690054987,45
3541,198.0,5.418337955618625,1.8225761702237142,13.940553076936604,11.392131215339313,45
3542,87.0,3.9155425103176356,4.091165529468509,13.940574734620974,13.640529521755802,45
3543,199.0,0.49450395319522,2.693119536551248,13.941696517005582,5.699986890258974,45
3544,86.0,3.5479565532921287,8.226849645925048,13.942584213378584,5.0,45
3545,106.0,3.700373308472198,7.14254250001984,13.942697798629581,6.905454341745774,45
3546,23.0,1.177042373124858,1.0129281360077136,13.942847592787531,18.37218383184464,45
3547,57.0,9.095107626879981,0.14827475584839878,13.943102777806972,18.216263016679402,45
3548,54.0,6.4178733074691525,7.534139825581422,13.943252073758112,12.9526789780932,45
3549,54.0,0.4580530129681626,1.912170546960127,13.943596993374026,14.505996311777963,45
3550,41.0,7.13002502613035,6.448412097595958,13.94386312225648,20.0,45
3551,186.0,6.924953480358908,7.757478193658512,13.944099706643932,7.822467053626944,45
3552,78.0,4.641800247560621,6.071759712996378,13.94436884579,5.0,45
3553,51.0,5.14454697559355,9.204046153204452,13.94460603388443,5.0,45
3554,52.0,1.8898490670549817,1.3132435844502477,13.945121530653399,15.808621023981654,45
3555,177.0,4.899273713436462,7.6261942076788,13.945145909709723,10.698941934168738,45
3556,54.0,3.433439854812322,3.260671293927926,13.946156866444086,14.153747953821684,45
3557,106.0,3.7166408762529834,5.406112496343235,13.946335509310297,11.523828538083341,45
3558,163.0,0.32433320339974925,0.7568957580592683,13.946625936559002,11.308614542833272,45
3559,126.0,5.2822727540406555,8.605636932698047,13.947247615960228,12.010070522090395,45
3560,108.0,4.8180019960429465,4.223173578026915,13.947949296255626,13.184952886203721,45
3561,168.0,0.1284503112000468,5.05577405483492,13.948209253775946,17.510804011166655,45
3562,84.0,5.285249916193889,9.654708675166475,13.94896182789764,7.607798846204515,45
3563,189.0,8.208069092488188,2.4559461954449424,13.950253679774175,8.74734273893965,45
3564,122.0,1.4908807144379521,4.5178623745677635,13.950767384096734,16.094677783176003,45
3565,12.0,4.354278634030213,1.8808921133518808,13.950904402295567,17.34548981401122,45
3566,137.0,8.52401343126161,7.443882652130144,13.950921745162923,15.643889567959533,45
3567,96.0,3.831447758291734,7.525339448717096,13.95116651783456,5.0,45
3568,165.0,4.002030395705224,9.553336004357854,13.951443686080507,17.6514264866609,45
3569,191.0,9.317839386806835,7.910733814448929,13.952457875733312,18.389878206241846,45
3570,182.0,9.549925356181713,5.29001355948272,13.953041633697216,16.481840286640594,45
3571,192.0,0.7923090736796923,2.5811346353774733,13.953108239951765,8.625256926363818,45
3572,128.0,3.3895565830216903,6.011905812470787,13.95659423156148,12.53030375512014,45
3573,68.0,3.855075418322077,0.02158840749839963,13.957216206049921,14.118909296485011,45
3574,98.0,1.5076274370534282,3.988210859382453,13.959203545568554,5.0,45
3575,70.0,7.598237648667272,1.6150471618343754,13.959378896811565,7.824892658966676,45
3576,32.0,1.2233049617545222,0.6293934889315256,13.959680049492023,18.614414064877323,45
3577,179.0,1.6658544284812493,8.686247029324297,13.95994964332953,17.26710919472024,45
3578,65.0,9.10256248551984,4.774841780014491,13.960562525512163,15.240735694008086,45
3579,166.0,5.723905421231307,4.736501707187361,13.960717636085445,16.793800370751146,45
3580,191.0,8.511776343041715,1.9183400395881323,13.96153225514526,13.43446350820741,45
3581,25.0,9.062946964065183,6.255175659762355,13.96254804071375,18.225983460100597,45
3582,102.0,4.785406565298379,9.735806113854471,13.963162730045381,10.110844093332325,45
3583,186.0,0.5473159837526764,0.53591575656603,13.96377264510102,7.627247203813311,45
3584,43.0,3.5670077015753088,3.766553764785263,13.964113530079377,17.02225325696304,45
3585,83.0,8.24182462773351,2.184901332011634,13.964141101179903,17.240997037515395,45
3586,191.0,6.30023373260519,3.0872938105792604,13.96426398981245,20.0,45
3587,167.0,5.332788126595961,0.6240834134926365,13.964562765249223,5.728986994203275,45
3588,85.0,3.6570011412539047,0.7180379134921133,13.964697683987398,7.125469730141548,45
3589,117.0,3.581075551347086,6.706730389414137,13.965792093411533,11.907372989833622,45
3590,95.0,1.2366884065780626,9.354516627811298,13.967161672792585,7.194424882603238,45
3591,19.0,8.708791375954588,4.039896297434158,13.967404780979082,12.89828400988634,45
3592,42.0,4.921502931665166,5.3645541185651915,13.968043224346475,9.040122812476318,45
3593,181.0,0.9507398240521514,5.879820832255769,13.968114625158185,20.0,45
3594,199.0,3.192372111466222,3.5292602345151582,13.968869722791583,8.610662602785775,45
3595,85.0,7.757181701710378,4.044217925796769,13.96909944640532,9.917367354668182,45
3596,61.0,2.157045671633165,5.384500459533745,13.970497410903338,12.040386221099759,45
3597,108.0,5.819268846700821,6.079318050512757,13.97155485230138,5.0,45
3598,184.0,9.994190764531734,4.65641717090377,13.971744325458154,7.675106654408901,45
3599,118.0,9.591218463745708,5.380116657966701,13.972184189572305,17.0715105993173,45
3600,94.0,5.139693721959166,6.977514429718655,13.972644142224173,11.514828056632712,45
3601,98.0,9.2867195726278,4.902015235517587,13.973682867102777,6.660509337657782,45
3602,80.0,6.576688339095841,7.23000954132139,13.973888041892371,19.197498699315844,45
3603,53.0,5.21807549248199,8.012121309470233,13.974265265826926,9.905376386061365,45
3604,90.0,3.9634581123963484,7.410410228466919,13.97449962794226,10.777490997204517,45
3605,123.0,5.737495473551951,7.902126136823098,13.974718195539563,15.826888926200244,45
3606,102.0,1.1047308677034018,9.857026424588907,13.976901992797963,9.914664913548231,45
3607,83.0,1.4032944198895336,5.436733528685257,13.977854045068955,20.0,45
3608,107.0,9.110467016615248,8.052154536269954,13.978593215578584,5.494127368333103,45
3609,81.0,5.875598144582326,0.840082348767035,13.97930745867938,19.977574204455838,45
3610,90.0,1.1104437108816034,2.3128900836034694,13.983979530853182,10.949878762563973,45
3611,67.0,9.435947411280438,7.743111032375801,13.98527356054895,7.654087760213767,45
3612,60.0,9.949993548202729,3.1274386939445353,13.985284138453558,8.09187563699515,45
3613,19.0,9.454189797568143,8.81280022906015,13.985732696977717,12.816710807178437,45
3614,143.0,0.02539672350048705,8.56366666937617,13.98646685136786,17.753357729320268,45
3615,192.0,0.096465505294272,6.74813461416507,13.986510087745106,11.263819572141731,45
3616,164.0,3.991531966101516,4.850574368831669,13.986583002482591,14.59724514015077,45
3617,18.0,9.649846121892107,7.804773305713535,13.98752566967061,19.441931469449294,45
3618,160.0,8.01328836280714,1.7651859052210683,13.988046162643869,11.049357877428996,45
3619,97.0,2.7238157173019504,3.087580326664118,13.988950371801211,20.0,45
3620,135.0,2.6655389588593126,8.00724096936208,13.98941839832961,8.106979777701858,45
3621,17.0,4.061884513444987,9.180966886497119,13.98965472308057,16.680429011810915,45
3622,183.0,5.116167517462243,3.319411346295038,13.989729718495719,19.37673074344343,45
3623,60.0,3.3891903559254963,7.175927352160823,13.990316525965245,9.032351544209096,45
3624,60.0,3.3363744448590635,7.4673307383891725,13.990755428884217,9.803831736978264,45
3625,0.0,4.897359183944069,1.218338931558094,13.99115301275161,7.785468832503587,45
3626,123.0,3.357300072102234,6.570169955491293,13.992809847806267,13.763589093061995,45
3627,87.0,8.869022954918664,7.012941088643999,13.993175190874409,18.35104942253019,45
3628,154.0,5.820811381633434,7.164116183594544,13.993194940103798,5.0,45
3629,103.0,9.673959873786709,8.599938825427799,13.993370427529547,8.439594593985943,45
3630,114.0,0.302497340369281,7.462275949700789,13.994833655734073,10.101763942705077,45
3631,34.0,9.588655863145787,4.404849789175808,13.994942125261714,15.862034802517117,45
3632,51.0,6.265594423209851,0.9973381238064216,13.996470824360731,7.4567103969541355,45
3633,42.0,5.824815880578723,3.757809783806041,13.9968795526353,12.734711402331637,45
3634,151.0,0.555421388420041,1.5175091831509457,13.996896155502368,13.576483691460504,45
3635,110.0,8.367021681835912,9.994550795994208,13.996909214513694,12.922793411436327,45
3636,78.0,5.230155938763291,5.491132227413375,13.997045576061725,5.843922876446443,45
3637,72.0,4.945173206743645,1.5881302842242073,13.99922771544034,7.152012022208723,45
3638,6.0,1.7333530792866048,9.28605440736903,13.999553860743372,12.148423440858746,45
3639,44.0,6.850645457094057,8.626936195569101,13.999729812244516,19.365965641128863,45
3640,145.0,2.1611369045247155,8.590333864795799,14.001036346184172,9.847551941307712,45
3641,32.0,6.752992616735157,6.805274551095914,14.001332816887363,20.0,45
3642,176.0,6.718685842732938,3.5538331288711755,14.002806180164436,18.408241972814054,45
3643,139.0,7.495223685342168,9.749594226491787,14.004142252147387,18.152914464226487,45
3644,61.0,6.443323463715509,4.8227538741131575,14.00445368271696,18.242874785281224,45
3645,170.0,9.583538288760689,9.532155024874463,14.005985663641095,12.18035095649524,45
3646,173.0,9.002213121988383,2.622828118754492,14.006099560832107,6.880029872480652,45
3647,117.0,6.478620949437067,4.633636947856584,14.007533203900412,7.298725767174277,45
3648,191.0,9.582983180441019,9.619519962271736,14.009121452215288,20.0,45
3649,150.0,3.1746321658355834,3.915238463357854,14.012065364982828,10.750955415501604,45
3650,161.0,5.394756516697553,7.632516076153565,14.013771093248307,5.87304280371222,45
3651,99.0,8.585316160539698,1.6920312032581986,14.014251689719568,16.12517539846793,45
3652,141.0,5.426453826127653,8.735618046385868,14.016672242975822,17.036130881366333,45
3653,25.0,8.812848123768283,6.369642655748765,14.018003626963301,17.011392232095385,45
3654,170.0,6.131879472044032,6.557763660952958,14.019241370935326,12.82994192686759,45
3655,124.0,7.7665560759028835,9.044845361527674,14.022636068122008,6.900347610714798,45
3656,156.0,7.906915699473681,0.7912140227742448,14.02747927573494,14.390018708271398,45
3657,144.0,4.414803372425563,4.124282564345428,14.029439002034035,19.26009532137969,45
3658,23.0,3.039543000081789,0.9015067040777136,14.030462251434312,16.415580286632302,45
3659,183.0,8.475208460416788,9.210141107641304,14.031643688566138,15.984537875514699,45
3660,185.0,2.9049146623336455,3.6288296668778584,14.034727463698758,7.977006988654438,45
3661,12.0,7.119671012062302,1.6128553504965393,14.035309144898195,15.216979069407559,45
3662,132.0,6.327085726522139,7.028940514258462,14.03555849523709,13.307185557117997,45
3663,53.0,5.337648634793059,0.5791012287580444,14.041822306322434,13.020176886663842,45
3664,119.0,5.2435194653426676,2.0834889715875704,14.042199963224519,12.086222816251714,45
3665,187.0,7.380807811410229,3.627969166103968,14.042205890453937,20.0,45
3666,30.0,0.7071865131255539,5.440892675169238,14.043138318300699,16.211185072879093,45
3667,108.0,7.508645355482266,9.506843156273243,14.044033496047103,10.810548023521175,45
3668,192.0,0.8909628197507957,5.748279503760868,14.046530469445674,8.789478813873659,45
3669,197.0,3.224443743210835,6.270049345951675,14.046638918922712,19.726551470386685,45
3670,58.0,4.772699206471259,1.36095232045217,14.047605974080266,8.470735022715036,45
3671,27.0,8.734334380129395,6.217719139604743,14.057295895116432,18.307212346552223,45
3672,63.0,4.992941769607566,7.447410425660949,14.057715845785813,19.04532948856559,45
3673,39.0,3.9979640945267025,2.1604160987956442,14.062319616722029,5.0,45
3674,69.0,4.687095186148173,6.756365247277854,14.062420924272752,15.572108755265884,45
3675,53.0,3.723882738279917,3.1280421122659954,14.06333474935159,8.613571572882579,45
3676,149.0,8.044928760225698,7.974137940697798,14.063719257374359,9.644374544041064,45
3677,104.0,1.5843484806572972,4.203352805120755,14.06792764193888,6.279262739571704,45
3678,148.0,5.261496401807086,7.3294667578236865,14.068539508302443,7.6238888777027105,45
3679,45.0,6.963324338984261,5.014623307059382,14.069974390300406,7.8474540276218505,45
3680,163.0,3.1417726136859816,1.7160247211567348,14.082594861464017,12.804517902545,45
3681,148.0,8.858961105845179,0.8402065142553927,14.083329546026285,8.171192057896155,45
3682,31.0,3.33153745157454,7.899479332673502,14.083657835175778,10.36760422041591,45
3683,43.0,9.937590183324703,3.661061050203066,14.085599112284893,18.38138322465925,45
3684,54.0,3.508064220451441,2.1844377139286397,14.08978839747816,10.261648814422974,45
3685,135.0,2.7549213442179488,7.230332728236481,14.092205117430437,6.598245298739237,45
3686,167.0,5.023287815354171,0.3541222619091233,14.092495640202223,8.549745680856189,45
3687,131.0,8.011141355159978,9.47026657351827,14.093467752571772,11.726034476948024,45
3688,110.0,7.9127791333323,3.136590958885659,14.09763074338123,16.8546190233752,45
3689,181.0,5.324291697017154,4.465579097209005,14.097632879301308,18.356323932700505,45
3690,121.0,1.7407058230929173,2.094473088636505,14.098839634013096,11.243150968416987,45
3691,133.0,3.47721810493527,3.9541349039230687,14.099729751649036,7.8389164810931184,45
3692,158.0,3.2049105473189465,4.035044003759999,14.100640509382318,17.769118709987215,45
3693,123.0,8.94729760668528,7.471032335289909,14.100986107911128,15.628074001494141,45
3694,15.0,3.386314955068123,1.3741784684439529,14.10127440457399,7.127976746873228,45
3695,57.0,2.909584514066328,5.376773909082423,14.102387221148204,20.0,45
3696,73.0,3.092043838908962,1.2133395042358586,14.102681404744452,7.748832567285106,45
3697,109.0,7.57798653210615,1.6149254479474873,14.104225899734441,14.515171378840849,45
3698,127.0,7.667806164499766,1.1552299873890248,14.104354175255237,7.84723900662019,45
3699,147.0,1.3983183200329696,5.716139178599708,14.11406757766541,14.151571680917403,45
3700,19.0,5.505804448037792,6.308372881201235,14.115035903558553,8.789296793674264,45
3701,46.0,3.333509206915637,8.247032224754573,14.117109774613597,16.30703538894295,45
3702,112.0,2.0372538429972185,7.001187569602933,14.119971269829104,9.67254022224585,45
3703,195.0,2.951950823713597,5.086646479246935,14.121524523025556,9.26479822743349,45
3704,7.0,1.433469913216272,2.9503454482576763,14.122651010434009,14.845627752955332,45
3705,158.0,6.103372109871886,4.279164202041174,14.123463953525654,17.333211150632586,45
3706,131.0,6.63953319981606,6.056955252374582,14.125886510594922,11.312829583970702,45
3707,167.0,6.977443990086757,7.941039460352001,14.126683011064072,5.50235979159269,45
3708,126.0,0.010550925784588161,4.993244929506777,14.131696399839512,10.00339383458727,45
3709,115.0,7.068772623138727,1.404489282210436,14.132211105848922,10.13256793786795,45
3710,118.0,4.447007393581803,2.6255113133799246,14.132992723068126,15.981154580263802,45
3711,97.0,9.732007289918236,2.1028569085081497,14.133295673048378,18.084488586311334,45
3712,112.0,9.759360458011697,9.140022262051836,14.134168066792242,11.449247367466219,45
3713,33.0,2.1230827756071715,7.009234342790549,14.135249013370716,5.098702124469309,45
3714,160.0,4.511912655475983,3.2204564166579406,14.137331482820038,8.647730124069763,45
3715,5.0,5.994024429931413,9.72505559791269,14.148763026315976,7.564412076423761,45
3716,4.0,2.4279362964236584,7.16124820807713,14.149775077265714,20.0,45
3717,154.0,3.343294537838503,0.021867961329151697,14.15719418765099,5.652126519571691,45
3718,110.0,5.84681110755152,3.7618654993210954,14.158568481185625,17.619282615145114,45
3719,142.0,3.3091896551335784,9.949229716405313,14.160061162572305,17.536674058911697,45
3720,107.0,7.4465562581157965,5.4597713104359045,14.167249365979467,9.675642843219686,45
3721,145.0,7.962697545628991,6.92154094598851,14.167326818515239,12.19096456189887,45
3722,86.0,3.143077792507726,5.347382069181266,14.167479225029975,5.0,45
3723,8.0,4.763546628913263,1.3904959396288696,14.168787955348682,14.521745253148298,45
3724,55.0,9.325740269913172,9.212922324857042,14.170046598738978,13.39729987649973,45
3725,142.0,8.361740064464842,7.654787529227019,14.170771373940894,15.245837573881223,45
3726,183.0,4.722983348693566,9.7569638027323,14.17150530598989,19.44900979596724,45
3727,160.0,7.408342536464948,1.1441054098616243,14.1719880491064,7.163252992621951,45
3728,95.0,9.734747520435883,3.8666711942970853,14.173388836586646,9.820771515613048,45
3729,67.0,6.357191357103056,3.6066085676405524,14.173788310662848,9.640079097602328,45
3730,30.0,3.9453425460734937,3.075741440171428,14.173933645433376,16.898847976162525,45
3731,177.0,5.84247098688015,0.4838217430310532,14.17541033717191,12.171135471954967,45
3732,8.0,4.449094097086692,0.9173970083420047,14.176317916641953,15.617978155585725,45
3733,14.0,8.16853871637682,2.6692282099911937,14.176912934812428,17.9488537249687,45
3734,199.0,2.729985819006088,3.43976832789593,14.176963939066958,7.272642857652402,45
3735,39.0,4.618704450551928,0.7874957941035232,14.182109797385026,6.837218348625322,45
3736,129.0,9.862143924611177,5.114169943959624,14.1841754678196,9.900758019954957,45
3737,8.0,7.099965343887594,0.04025983606737005,14.184668185603426,13.732324999437584,45
3738,60.0,7.243769393674872,7.74441408323578,14.186677759202722,10.063706630642852,45
3739,23.0,8.041078077384968,9.099900967767914,14.187529175276714,19.963285916964967,45
3740,5.0,9.324769889011808,7.477996105527037,14.188990459182847,5.374038784272717,45
3741,95.0,7.408475197673162,2.3044598998298724,14.189464030027619,8.892700489475809,45
3742,92.0,2.07886748911688,9.01002951723948,14.192986560623162,12.377055343412279,45
3743,38.0,2.7061134399739495,6.041760968139308,14.193926918276915,14.552967590031852,45
3744,83.0,4.299571174563889,8.570935057677412,14.195278174000052,20.0,45
3745,68.0,8.905103141125915,4.677834447901366,14.198104171580313,16.341943198925758,45
3746,186.0,7.245536178410238,0.54570550053193,14.19944575580653,7.9512142349884884,45
3747,28.0,2.9220738195239413,6.316186734245452,14.199520379680807,12.537635048544772,45
3748,40.0,6.366264091370968,2.8674277238474555,14.199712371738173,5.535787552521579,45
3749,92.0,6.371961146759761,4.9440715445451335,14.19987198554962,8.858221056815998,45
3750,156.0,0.717440154457285,0.9412559269031417,14.201257651414764,20.0,45
3751,193.0,5.326155957459643,5.597580127666552,14.202272868770132,11.271416016147608,45
3752,53.0,4.841524145728812,4.7848714092125135,14.202991360457998,10.055250399534813,45
3753,194.0,9.229881705634892,4.900697105877421,14.205853871438952,6.742134402525861,45
3754,12.0,8.154143041233498,3.818167880727499,14.206853795653757,13.272438920613336,45
3755,1.0,5.671340483605252,2.488949876298073,14.207967271154919,11.049154933919956,45
3756,181.0,7.583309400552824,9.220457749108107,14.21806256570532,18.169390110232335,45
3757,115.0,9.984506514075006,2.0007959354052685,14.218090528111624,11.46772201561581,45
3758,114.0,1.1393640686632411,0.24623812444931725,14.219619680054185,10.1471220997898,45
3759,32.0,9.833174195085535,8.746431286799682,14.2282915479947,20.0,45
3760,159.0,6.122738823832372,5.6415061290295165,14.23172837364075,10.625241745196597,45
3761,65.0,7.471934436388982,3.608309549718225,14.234528206052008,14.488223618208682,45
3762,115.0,4.361061930535981,1.9803491705135057,14.236973888810391,11.866712980963657,45
3763,120.0,8.358709013652927,8.248137221887294,14.239543799825572,17.274787632215986,45
3764,24.0,2.758381359425667,0.7298365279398589,14.239977237830644,17.64458908068894,45
3765,111.0,1.2108041666360925,0.06350722995223657,14.2429014835873,12.973428402922373,45
3766,19.0,2.6269345524907797,2.3727453235452,14.246448921378835,11.32467650387199,45
3767,2.0,9.573529498490995,6.805914396600185,14.25595302117951,10.698333150623295,45
3768,43.0,6.767032561107747,5.547749774618504,14.256653642675605,17.16041851788405,45
3769,170.0,3.164091093302217,2.9358233023589086,14.258825503237603,11.405564997259656,45
3770,62.0,5.006644173289009,7.857254608559799,14.259079251674695,9.530603340149526,45
3771,98.0,2.976547337760497,5.0927657257257355,14.259940492460242,7.964410640683763,45
3772,151.0,6.864667018628232,1.8905192902867318,14.261000442027395,11.654896986158072,45
3773,141.0,8.834145455666162,5.631762198250997,14.26351188166629,10.26283787614737,45
3774,113.0,5.238923004103548,9.461129152789594,14.263649569318165,9.92541506682773,45
3775,57.0,1.2788206498169719,7.036459540462024,14.266522075080946,19.88501338934879,45
3776,113.0,8.341443552733196,6.47945543819753,14.270257111110537,9.310386855351624,45
3777,21.0,1.6397605636902735,2.192344884148667,14.272102973456667,7.130927599031988,45
3778,6.0,8.08837739351379,7.250594845286605,14.273802228097178,13.473784302531602,45
3779,36.0,2.9017325293932963,1.5454803578156706,14.274778105130098,10.424679201076376,45
3780,105.0,4.903490950963851,9.513903055787733,14.274998735245362,15.379924506369676,45
3781,184.0,3.208018988917123,4.416989616240672,14.275195222469499,8.169366394836961,45
3782,129.0,2.86114421930882,0.1518737077491883,14.276387119852458,15.146335492060539,45
3783,165.0,0.07925176206831863,7.3459414246607935,14.27668599159885,20.0,45
3784,151.0,3.06671053890349,0.7544235506942154,14.281252565038724,11.82756737140778,45
3785,199.0,8.892660329136184,5.291415730515886,14.284993212566832,5.0,45
3786,124.0,9.009151945295496,4.647935820925188,14.285867539382231,8.4976637531088,45
3787,166.0,8.930326410984934,3.1997021058008954,14.289635746020899,18.366807880355797,45
3788,76.0,6.752706757862726,8.85505529690149,14.290028801973495,5.35115441644681,45
3789,26.0,0.6821690561060423,6.214789087574491,14.292414307964997,19.490606758635398,45
3790,57.0,2.1448364761349756,0.08169002752070553,14.29795746221448,19.624917385622666,45
3791,75.0,9.443587582217324,1.0298893154976607,14.29889980044381,8.32689165129294,45
3792,121.0,4.443316779831806,0.6773512181971209,14.299592962234989,9.54316757593308,45
3793,112.0,0.2539408038018165,0.6465643425047451,14.300350427893942,7.217020675821933,45
3794,18.0,7.472624080347469,6.90582626308186,14.302091574344006,18.54634013229044,45
3795,154.0,0.9764349107577897,9.719967559433622,14.303489266062329,10.898769056293094,45
3796,42.0,2.176075669172899,4.053026923452566,14.305539539664538,10.693625350776813,45
3797,117.0,9.92757339365053,7.8920449744448415,14.30710057458543,10.038642705555972,45
3798,146.0,7.591896888323174,7.997535573562946,14.312022392647116,11.182449346798784,45
3799,53.0,4.3469727472652275,3.1024986105832775,14.314916814990992,9.55847340768349,45
3800,193.0,1.1643969825222134,0.8148766628413651,14.316543905760497,12.31266975588018,45
3801,58.0,0.6443950476645632,5.480928188084517,14.316743443303553,8.620972407464585,45
3802,73.0,8.640336618191267,3.5849781708090687,14.318782117527071,6.833847095706346,45
3803,103.0,0.18154331214163877,3.7876649230389416,14.31948160080934,9.795457517628906,45
3804,120.0,4.296463852408715,8.280151073404387,14.319909025348695,18.420392209803357,45
3805,24.0,9.313942122410545,4.107984212136736,14.321325349743331,17.62352662237187,45
3806,15.0,6.26168388690353,4.400905576173172,14.322165859037042,7.375785513586356,45
3807,172.0,6.3849840937535385,9.524882834043979,14.33165747183526,7.432694737872202,45
3808,53.0,6.219028182535151,1.9249760132030524,14.334430933389953,10.77945044301578,45
3809,169.0,1.291424431708007,4.823228518037971,14.334834838857022,11.912844215482043,45
3810,189.0,8.543627050422574,7.573531879060961,14.335140748844738,10.605755868897642,45
3811,158.0,9.190916453659042,1.9941417272280149,14.336073037233813,16.151543351006733,45
3812,160.0,4.041698813928557,1.9246594076727364,14.338496785048463,8.477084144407076,45
3813,16.0,6.1166970695789304,4.072049883252883,14.338623118433595,6.12513232980686,45
3814,2.0,8.22983000930661,7.352849979470426,14.33997883043314,9.951481609355906,45
3815,54.0,3.665802892744523,0.6930664657881835,14.34124006927576,12.443037662698435,45
3816,140.0,3.754029146351845,1.91976508244881,14.346740367263923,5.0,45
3817,11.0,7.93919186897592,7.395380995423651,14.35054433267841,20.0,45
3818,88.0,6.77818439905567,6.6673717911393595,14.353061934414118,14.882756545078143,45
3819,133.0,8.172666061923287,6.888906733871335,14.35811800979315,6.532735516290159,45
3820,71.0,6.449914828316787,4.985914520577764,14.359017365457555,10.869994030733666,45
3821,165.0,9.526314519580755,0.6462502342791598,14.359993908071901,20.0,45
3822,20.0,9.211652704928795,6.273372836551697,14.360701478556274,10.940958468794026,45
3823,194.0,0.8482651422418475,0.5117619461053058,14.361215979553812,6.1122447242330535,45
3824,87.0,7.196682511605374,5.056898457252897,14.363744307033395,15.52366169746528,45
3825,41.0,5.416013395159488,3.2308408333438288,14.364467373752033,17.089046121206934,45
3826,114.0,7.909252190713158,4.432588175253293,14.365715693691202,11.363427421307632,45
3827,67.0,9.075276391849421,9.804070654283363,14.366384659662415,5.389320130569845,45
3828,2.0,5.410466139630726,1.8756008415088232,14.368214991116037,8.785108882895473,45
3829,196.0,1.692544021543405,4.319660910300511,14.371489056082947,8.080876662234502,45
3830,113.0,9.450488119016045,4.21858609838009,14.373244015578155,10.785138078498747,45
3831,14.0,7.2682365867339636,6.146361142228715,14.381715536814948,19.264074749904665,45
3832,103.0,1.691641526322032,2.4911588051209534,14.38189425118272,9.747611095150779,45
3833,180.0,9.339652231725728,4.011753872756079,14.383275304423686,14.899419070678443,45
3834,145.0,3.209680729206521,9.719343184954173,14.384151162139922,11.016322743682712,45
3835,149.0,1.6577451208692462,7.580313005443297,14.386157735219188,10.334281409253032,45
3836,142.0,0.5445248801056846,7.339964733885288,14.392172234436156,13.192762945943912,45
3837,55.0,5.702738266349651,2.139138776723782,14.395860468538988,12.26396962084292,45
3838,49.0,6.613162479638569,0.771381839976677,14.398141066706867,17.978512509484048,45
3839,3.0,5.080503348941403,8.649501338897439,14.398322304184358,15.56163440723898,45
3840,181.0,8.3194398959172,0.41647370842758935,14.400638075885816,20.0,45
3841,196.0,4.18165665439075,0.4039805580016653,14.400648281538974,9.364443921614189,45
3842,132.0,3.1024122177996794,5.016195492659692,14.402438979722358,11.130548614930266,45
3843,193.0,4.881094711888552,4.4627886626041455,14.402792196517632,11.67064884403387,45
3844,70.0,8.386772199020657,2.4226209652922748,14.406906468942648,5.0,45
3845,82.0,8.840088146420994,6.433207176968175,14.407509292807628,13.466390879816108,45
3846,17.0,6.326439974215811,1.7634701567819333,14.41280380966132,17.701025570544775,45
3847,87.0,7.648536577760817,6.993788000813895,14.417027651994571,16.325749289790238,45
3848,59.0,9.123286777358148,2.960026228814355,14.419558248806455,13.55752095276963,45
3849,49.0,9.973191300656252,6.009345024140265,14.420391287731718,13.143737783183338,45
3850,17.0,1.7232876796762053,8.25070449996948,14.420768442652257,19.617063211149965,45
3851,136.0,7.148253456902776,0.3152941574986745,14.42221189406057,15.404018619827763,45
3852,13.0,8.352990827924778,3.719407055617907,14.424634187423559,8.343317678543205,45
3853,67.0,9.811677681129042,2.4409054712562375,14.424688063309517,5.0,45
3854,144.0,8.596396181542213,6.945107455164974,14.425050049370872,17.209195320778917,45
3855,4.0,3.3367812887242754,8.129187596282717,14.425610618827568,20.0,45
3856,70.0,2.271315648193398,1.2867038583171897,14.430043090764286,6.3798272584672535,45
3857,90.0,2.4010257400920088,8.080916909814002,14.431851330540107,6.6791290726313415,45
3858,198.0,1.17188784280717,0.6965272355582453,14.43346674585521,12.791218683204894,45
3859,5.0,7.415552031175952,8.811018750963168,14.433783208376564,8.791283267523452,45
3860,197.0,5.286926499693001,3.5112640499209293,14.436241392845039,18.85586764485826,45
3861,21.0,9.451018810478901,1.5063111391258,14.436608662825018,11.115994643817972,45
3862,75.0,7.810204475074061,1.406386017392296,14.43697447675167,10.085781408961694,45
3863,43.0,6.910441025927351,6.832336389931433,14.437110041946964,12.946809978677077,45
3864,70.0,0.5450350423783745,4.714103391259419,14.439597932870434,6.350027059266796,45
3865,80.0,1.2353505321866787,3.658256251977703,14.440328368762614,18.743135841132215,45
3866,113.0,9.737089799328215,6.842550068035559,14.44107136083965,8.074189742758906,45
3867,134.0,9.69999493313116,7.406020623494252,14.441775020205004,5.0,45
3868,94.0,6.336623096590052,3.461280515356815,14.443516797295814,10.813657395055317,45
3869,137.0,1.2587457225765186,9.864744063027551,14.44434586669191,18.191265931225725,45
3870,106.0,1.2325506820256105,0.41753604585534454,14.444790367215841,11.434622702111376,45
3871,27.0,2.138101038179566,2.6787545111580213,14.447267265624625,16.062701358184608,45
3872,56.0,8.75970142364304,4.763633607164466,14.45313533568912,14.88444146332136,45
3873,132.0,0.2566239544640847,9.644399004936698,14.454206807940114,12.051133817904429,45
3874,155.0,6.969379638270531,2.397717353639784,14.458985192046175,5.740159494132577,45
3875,185.0,2.088096123452494,2.7076583249528605,14.463459492852397,6.823216008926285,45
3876,32.0,5.314224017138213,8.789359736514626,14.467243097520127,20.0,45
3877,190.0,3.990524030130026,0.8651513224948593,14.470983078264513,20.0,45
3878,43.0,2.7930862734823947,9.656678606232935,14.471020715244169,16.62361385631083,45
3879,176.0,1.4016161364052249,1.9647669223548148,14.474518110426134,20.0,45
3880,113.0,2.8503821769050344,8.618871813042368,14.475619695608625,7.456700459424882,45
3881,8.0,0.6024440294223665,2.556848764979173,14.475998026802356,13.680162953550601,45
3882,41.0,9.938524634018352,4.563061780077696,14.484509254077173,20.0,45
3883,121.0,4.1900593520938765,5.2621869043774305,14.484736565791598,8.018114640918114,45
3884,93.0,9.461926075599111,6.397194168023699,14.485231057752422,12.363739701132648,45
3885,74.0,9.037989742337098,8.053749570930107,14.492445275289246,15.560414440633076,45
3886,131.0,8.131391180141431,1.063454715418567,14.492977667243267,11.956948457031913,45
3887,102.0,1.4698168449743987,6.776590257666774,14.495935594151604,5.431418622416371,45
3888,113.0,8.679009495573746,4.760709204927257,14.496380804309673,8.709253926970753,45
3889,153.0,4.71233300554855,2.976084432299364,14.499293756231763,9.845036955361829,45
3890,89.0,0.8467353377595244,2.453489776144495,14.50317850882703,8.158592683312731,45
3891,57.0,1.8077019878391265,5.773686601279447,14.504859685418989,18.81688314278539,45
3892,173.0,5.998010220142007,3.189171877866693,14.513797410753327,7.786145263950716,45
3893,27.0,1.7637970383782064,8.517452498217104,14.514416959542379,19.585762701025963,45
3894,69.0,4.828751790050584,3.2225103943694533,14.517882344135526,19.69431876170458,45
3895,160.0,5.347733616761196,2.1025721378592435,14.51836345347158,9.900644838458318,45
3896,9.0,1.99777071870328,0.3782275954870773,14.52010176994881,9.06503298850407,45
3897,44.0,1.0671037900338298,8.581975503924271,14.520344343841586,19.153495020801685,45
3898,195.0,7.698552735473022,5.052239834292209,14.522709009750546,7.4154456418607,45
3899,180.0,6.903954409094586,6.357979250237625,14.522740202622565,12.219473885960708,45
3900,173.0,8.0190960034872,4.20016119142277,14.526090843530518,6.447796520076148,45
3901,147.0,6.128276550522525,8.407949869761513,14.528829221371748,16.773322377790425,45
3902,3.0,8.554413185170164,5.7496691363997465,14.539658955801766,16.002811175821048,45
3903,118.0,4.688661517211301,4.1454881866170945,14.540991802685019,19.598735352348047,45
3904,187.0,4.536192553624145,4.43933993669687,14.544603607849899,17.00008105855478,45
3905,192.0,1.1463620392780316,2.7476404436601842,14.544845767125267,9.439839249872302,45
3906,174.0,3.8613926729539214,4.509145715438212,14.546645083991264,14.337253842431451,45
3907,105.0,0.4155729435549216,3.247245531285988,14.548363139751764,12.859162393103897,45
3908,116.0,8.736089114076886,5.824478862881906,14.551400700730534,12.970020058406087,45
3909,94.0,4.2882639436526295,3.237989270876299,14.552441183768387,10.865998908769386,45
3910,58.0,3.3068938628833267,6.693462214597103,14.554034840496623,9.255940824076808,45
3911,119.0,1.475800084222616,8.279512682902352,14.555064044071614,12.920129535363502,45
3912,68.0,5.7813934196018915,4.028991913380774,14.555090965056811,16.309005769404074,45
3913,76.0,0.18307682042216333,2.8266903025154164,14.555801725851587,5.0,45
3914,109.0,8.15459529307975,3.3230801194614368,14.559116475863226,13.897945537939712,45
3915,119.0,2.5932015410655707,7.1597382722979805,14.559546962406987,13.28108666235298,45
3916,181.0,1.9725901008403057,0.9908115711509724,14.560894107246463,18.57545254522993,45
3917,187.0,2.2378364390002767,9.249080678894444,14.561033737756715,18.676866255846445,45
3918,172.0,4.579941317991669,0.620096193665074,14.563318648548643,10.777878490098633,45
3919,74.0,5.947203526093942,2.0358257601101073,14.563587974241678,20.0,45
3920,92.0,7.520975018439174,1.9397431208722093,14.564547244461679,7.691352194580757,45
3921,122.0,6.705917247543286,5.841777662222022,14.567046338773205,14.494788195612674,45
3922,35.0,6.0094980847810255,7.321842832725891,14.568856718564664,7.257620036622527,45
3923,120.0,9.467634193348063,3.4492666149924753,14.573499601330475,13.433543198727154,45
3924,96.0,3.4344962418887603,6.587529840348395,14.575230325234925,6.350690597296211,45
3925,73.0,2.7350606930578794,0.4781758830231586,14.576043722982016,6.758105649938764,45
3926,16.0,7.670823009964601,2.9343134009202734,14.576984125400278,7.038597199671468,45
3927,36.0,6.521557986771236,8.900651962893173,14.578238323671886,6.970387953448131,45
3928,154.0,1.8261690802447195,3.291981169118973,14.579343278406402,7.975588916279837,45
3929,122.0,0.30153624946904545,4.063930273835195,14.581661600524072,19.384518848120337,45
3930,185.0,7.43726455022875,3.5343391072314576,14.581927233206375,5.0,45
3931,81.0,5.929397739444112,9.209269551037645,14.585353971899087,16.4546336185534,45
3932,120.0,8.640325459584211,3.7086935891678063,14.588615948425241,18.67823216873321,45
3933,94.0,2.48405436441871,0.7936361023910943,14.589195615768991,10.362631466935143,45
3934,174.0,5.6335755553887426,9.55100614077258,14.592788633606913,11.982131438336307,45
3935,85.0,3.793726691315218,0.6363574177599263,14.592967890491185,7.837685870391203,45
3936,190.0,9.872719411456185,9.233226007030845,14.595248587499405,19.44593421927096,45
3937,153.0,5.747983954273258,3.3812077832042076,14.596525754201004,9.390211654271024,45
3938,28.0,2.5857338467581084,9.572940717475575,14.599945304715806,10.009865527194073,45
3939,179.0,3.2504007827688683,3.565791342423007,14.600342580853209,17.03228914854066,45
3940,100.0,0.4142639787584179,4.28412272834647,14.602975030519096,18.534306986621274,45
3941,83.0,2.056353079319817,7.433984865077373,14.603712639054748,19.807888484068428,45
3942,106.0,5.888998407660207,6.994707701724257,14.604721113895277,8.37039069255418,45
3943,101.0,0.10581892597994247,4.657378509523667,14.60573881252273,15.078208707059304,45
3944,180.0,7.290336646766983,3.0891460829066784,14.608147906231505,13.511242578479326,45
3945,141.0,4.131484062467092,4.450690545373237,14.609087337894994,16.918754089197634,45
3946,79.0,5.871250614068569,1.865890577064796,14.611918355116156,17.771581561557475,45
3947,47.0,9.17019000794638,9.67276333434038,14.613151651362033,5.0,45
3948,163.0,3.359920408309799,4.507952800131594,14.618220845822076,12.685780658508644,45
3949,163.0,3.3146398274468734,1.8791799483370253,14.618583415515925,12.272773086342367,45
3950,177.0,5.365951871199167,7.6814228191838065,14.618965262967407,12.07492365550674,45
3951,8.0,8.69086778525534,0.573253436481268,14.620692814502455,15.386404404540865,45
3952,88.0,8.219207014870877,8.172195994251176,14.62198583054757,15.873713213319498,45
3953,69.0,1.7806150696456624,5.765561651617974,14.622368905762388,16.20190488189649,45
3954,131.0,1.2135377603565167,0.414083076526115,14.622793056545039,11.852442653885719,45
3955,81.0,4.185061656717821,0.029854523890578966,14.625806688768646,18.84262738665985,45
3956,5.0,2.9620013459500685,7.359377057084177,14.62621166730457,10.618513761758624,45
3957,68.0,6.4217874880621455,3.1861015521574187,14.631185854593154,17.00629404726903,45
3958,76.0,9.631448446082192,7.0328518976736385,14.63328470972698,8.037623265964859,45
3959,156.0,6.060703594343009,8.882684948247363,14.637881272702176,19.55790048046879,45
3960,50.0,6.795021069094571,8.198854752386783,14.63810977977888,8.782916894922588,45
3961,175.0,6.989509463697261,0.16972648022674286,14.645456067886519,7.44304911978097,45
3962,129.0,4.067303981459162,6.722597187868979,14.645570719267415,12.919736168976051,45
3963,128.0,5.896581125659273,3.5142575547402988,14.646228551333753,15.533209857319742,45
3964,61.0,8.712735186392601,3.199943800738092,14.64667966084214,17.841321897674273,45
3965,81.0,9.70232689600733,6.406018652440252,14.64816429505666,17.169300454457815,45
3966,39.0,6.0168673818025304,3.471736218332727,14.649299408262817,5.0,45
3967,64.0,3.081543780726358,4.233318393077102,14.65247995757305,19.42974365912763,45
3968,101.0,6.904630975119893,0.22127636102699078,14.655166451858465,17.530038879040895,45
3969,197.0,5.3132422767498255,0.49795480563352257,14.661343720592967,15.017214574094202,45
3970,25.0,7.094457719294459,6.303846324633014,14.661539698516995,18.491578948642612,45
3971,183.0,3.3664803474134706,6.235376682587858,14.663347983323813,16.071831490198928,45
3972,41.0,3.671309349795423,6.0910407027829585,14.665220954339162,20.0,45
3973,180.0,5.4836233887579136,0.36085949174874954,14.66850759777426,12.148321541891859,45
3974,106.0,5.217514050844818,8.923721658635074,14.671887060718252,10.465094373436536,45
3975,123.0,1.6155603212455139,7.427014297298196,14.674192311344903,12.549733520412456,45
3976,83.0,4.248908731463496,1.88325091136336,14.67587097643819,18.737800369562667,45
3977,78.0,4.558248754484794,2.492239748598193,14.675965954485623,7.916828397148018,45
3978,158.0,6.9089370982039355,0.026370847033859723,14.680667580083277,14.871517113957674,45
3979,36.0,7.465741799183835,7.506561150003917,14.683454903957637,8.114346146541392,45
3980,19.0,0.7832907547015056,4.8380666527199825,14.68480158142895,13.763012682233436,45
3981,121.0,0.8363051101386232,2.8844672163905627,14.685073182429104,9.072945885600106,45
3982,81.0,0.26623738696466503,5.286426155484825,14.68665979636663,20.0,45
3983,130.0,7.138070112065918,2.7753000437540223,14.687123290981386,11.771405423758175,45
3984,107.0,4.2983233597309525,4.35128724321577,14.68818533183127,6.972480317513744,45
3985,3.0,6.395224454791682,4.61538088945903,14.688813690939298,14.395596465361047,45
3986,17.0,4.743321820134886,9.431500078605167,14.690510188429942,15.456459981762183,45
3987,179.0,6.493535607005073,1.8742102784980164,14.691299474671375,13.621544130690303,45
3988,41.0,8.186315642818792,8.345129875849643,14.6957685214816,19.578557186285764,45
3989,134.0,9.016042694423964,1.220996282112904,14.696680317639995,5.0,45
3990,29.0,8.61369648316161,8.66601884285165,14.696881994278941,9.454410170693558,45
3991,109.0,7.152388681467185,8.958841622363781,14.705328029624287,16.134434923259874,45
3992,46.0,7.513506039953968,0.4735282167595922,14.70581453734236,17.16720677011761,45
3993,136.0,6.499156094483276,8.109194930073627,14.707507514581518,16.226426683796827,45
3994,49.0,8.864531778344242,9.820572304334279,14.709577394953842,16.410653843759476,45
3995,15.0,7.726492047567128,5.117137545627663,14.710092286616831,5.0,45
3996,134.0,9.962860785575023,2.3999445698844655,14.71913486879648,5.805027627277366,45
3997,163.0,4.716420121160376,9.725876568098888,14.719735153468797,15.067479121782458,45
3998,70.0,3.6510958403614535,4.387150444493369,14.721912053423317,5.702479355492085,45
3999,126.0,7.285523686503388,4.48355741536631,14.724327440770104,11.375492718324523,45
4000,135.0,1.3338717996641936,0.30966784236173495,14.724644878386341,7.2842170551539205,45
4001,104.0,8.693980021558849,3.2383102287356094,14.727616551773721,5.0,45
4002,73.0,6.841508343970515,3.3994204082169945,14.734200912115298,8.676627407158445,45
4003,179.0,4.739288890145287,2.164286958732723,14.734470498909106,20.0,45
4004,6.0,7.834555422744466,3.9528968020573485,14.73969242415294,11.239161440028061,45
4005,135.0,6.831712629262854,3.844451480432639,14.748842360400623,6.991311039018448,45
4006,56.0,3.0487676162516597,3.221681887949183,14.751188311532173,17.455491525130046,45
4007,96.0,9.357718962016985,6.989973812352522,14.756938485315727,7.476592294250215,45
4008,99.0,0.6149122312110866,7.588540067289421,14.759917316122744,20.0,45
4009,39.0,8.106164810003058,6.140982426652944,14.76062939860942,5.0,45
4010,130.0,7.67044492536039,0.8070743758775789,14.76185676307635,14.214327007662927,45
4011,102.0,7.712116252287153,5.176131440078459,14.762289689848503,12.88998107678864,45
4012,93.0,4.80217871770544,7.843622877984587,14.763182348612183,15.457654886543677,45
4013,125.0,0.791906725341851,4.94129619578266,14.764567598324735,19.97277064478846,45
4014,141.0,1.7324620202303709,4.410370855240641,14.764818726469647,12.46129607698377,45
4015,5.0,4.434701770416762,6.878923029065732,14.76600606767439,6.765641091569674,45
4016,35.0,9.497860109387608,5.086438382788067,14.766053154445483,6.5408767231671225,45
4017,84.0,9.377791088556295,9.701030798029816,14.766487651682766,10.43767443548009,45
4018,161.0,4.113979805737347,4.598279291596723,14.768271449272687,5.0,45
4019,50.0,6.522021918053364,9.829869657890947,14.779366589068653,8.834986734542518,45
4020,166.0,7.583677080585346,7.237415809956866,14.779448607707627,17.90717218277818,45
4021,16.0,2.5392562794467564,3.386845162533306,14.781506689837911,7.920114521272171,45
4022,85.0,6.556006032152558,1.903930360227245,14.781852269672019,12.151096342777631,45
4023,181.0,4.70887511311814,9.934729244548752,14.784461518874783,20.0,45
4024,133.0,6.732427875081567,0.5729933022408451,14.789513205339594,6.042341094548496,45
4025,161.0,6.3769170865138545,3.2194115026671053,14.790406209419256,7.170310635040366,45
4026,48.0,7.781521027918743,3.004094536341435,14.792025803223677,19.132707160148872,45
4027,195.0,7.751968219584329,7.607432990077768,14.793229482865065,10.525019360305206,45
4028,68.0,3.5171247764387914,4.73715141577472,14.793661370555279,18.33066603553497,45
4029,150.0,2.3211208862937225,9.055861522468039,14.793751325203907,9.37535979116464,45
4030,30.0,2.006020985760636,9.666413898085887,14.797188288231286,18.446778902738323,45
4031,157.0,5.884629242836818,8.276423446986433,14.797439534925292,9.21933942938864,45
4032,51.0,0.029878694246754378,1.9190132241055158,14.798007971711797,5.4280963397442905,45
4033,89.0,4.171962180739973,0.7861943336592647,14.79820792942543,10.393547753982206,45
4034,136.0,2.01467812970211,0.9265995824500473,14.798397556439129,14.611483056284916,45
4035,100.0,7.68344539260419,6.080368813186551,14.804568158364779,20.0,45
4036,26.0,6.826007776023695,6.503418553132153,14.804726252603828,16.66272600164259,45
4037,178.0,4.864749214518201,0.320053816872381,14.805342717422619,11.877476577939756,45
4038,154.0,2.5773693945286755,8.857433926681125,14.806655175781987,7.912534014341115,45
4039,19.0,5.464018940056633,0.885469790718435,14.808333179113387,11.382050349680798,45
4040,129.0,9.569684101457895,3.126082791895702,14.808981371770935,13.266865647093246,45
4041,150.0,1.1566735073404366,6.108375743685165,14.809336370656093,16.502428139491194,45
4042,123.0,9.145894849220404,1.943510941244937,14.81008564470741,20.0,45
4043,145.0,8.820199394978994,3.91352325017434,14.816031317193112,11.064528343706693,45
4044,92.0,2.957287383454231,6.353630189829578,14.81640982860591,10.59782146105332,45
4045,21.0,4.890619608108906,1.3508749845747037,14.823099451711407,8.011784504366002,45
4046,146.0,0.4682438505117148,9.678597114295627,14.833313612179998,15.803117002098787,45
4047,175.0,8.698485961111482,7.080245478783155,14.841124288586622,7.854691651227229,45
4048,27.0,8.090778083550788,1.1066457951418396,14.84569457131808,16.046761532210216,45
4049,24.0,0.9879765975980603,9.799504215215038,14.846774370041485,17.287991771281177,45
4050,167.0,1.6395187125965704,6.141163681484315,14.849849898723885,5.0,45
4051,75.0,3.3201190994292276,8.462933063317603,14.850409887923533,9.208888296172551,45
4052,124.0,3.648112493018715,4.059632989415296,14.851037997519542,7.126597057886452,45
4053,187.0,7.979013678619679,7.945311474465666,14.851477400859695,19.916017845585788,45
4054,193.0,1.5780138640834052,5.847646309510582,14.853763210002262,10.51665033530987,45
4055,75.0,3.7766847608686316,5.350945184774501,14.855101996550593,8.121576410607723,45
4056,106.0,6.74184092480215,1.592404006478998,14.855998947233392,8.486467077999876,45
4057,41.0,0.5572486615974714,7.818910867545775,14.856161972282537,20.0,45
4058,172.0,8.028286854760424,0.17929528071708223,14.856469166181098,7.2234987090251135,45
4059,156.0,6.5278427829189365,7.142191310796971,14.86129665505428,19.290830276688595,45
4060,113.0,1.9554395688268567,4.069850821379716,14.862581479591345,7.6016453121352185,45
4061,76.0,4.496156071192981,1.7544319961644228,14.864107885279443,7.144387940516516,45
4062,89.0,9.192784495620481,1.6597913331940783,14.869025487450791,12.155563383791035,45
4063,55.0,4.33718805895035,6.25534655808548,14.869046766117052,11.096404245275505,45
4064,157.0,5.4481961620712145,3.8682814957682696,14.869605773090813,11.154220340763603,45
4065,75.0,6.654985571574528,8.88173130325763,14.87016721598258,6.851449672890643,45
4066,123.0,1.7859138987930445,7.909678827901601,14.870653031256705,13.457389260927343,45
4067,67.0,9.340461151486954,3.0478194835409456,14.873319766030694,5.0,45
4068,87.0,8.092133595761617,6.861423172034328,14.873428551589313,11.404723508836378,45
4069,126.0,0.7547871122913064,8.889928973013141,14.873943382118007,13.316854352584278,45
4070,53.0,7.0984883025679,5.714106762744539,14.874037191486817,9.775194152049957,45
4071,68.0,8.921741305571759,1.5203226167939388,14.875367310747404,15.688029379792487,45
4072,141.0,6.454422026762544,9.924996719843636,14.878595398860908,12.521313817903291,45
4073,90.0,0.34417744456516686,7.348974261028811,14.880886646093378,11.305996636115475,45
4074,192.0,3.359819650532061,7.412315006063612,14.882920418908265,7.961674549024795,45
4075,94.0,7.7596713578307766,3.881515807728194,14.883549500875557,11.880112299289557,45
4076,66.0,8.648241603271856,3.509251505574409,14.890317076943399,12.148509896343919,45
4077,76.0,2.5816902797785746,0.7188381635832575,14.895897801635043,8.003912210273985,45
4078,134.0,6.858592232526533,0.5884155536883395,14.897105635656384,5.801398244086498,45
4079,102.0,0.13062433104143234,3.3967312981226208,14.898985739798894,10.705611905635312,45
4080,23.0,9.28024354606926,1.9233254613613127,14.901058283364804,16.874841982686878,45
4081,21.0,1.9249208503638648,4.722266888705705,14.903867744342897,8.737616474589716,45
4082,31.0,3.8517032555290776,5.249428132043744,14.904649146731925,9.85808272340693,45
4083,120.0,9.154949553979442,6.459410762768686,14.914697402198467,17.21828705234969,45
4084,41.0,4.6463036181214115,2.781247833611069,14.914850821657097,16.650719945170792,45
4085,110.0,3.8768190501438236,2.067350482014346,14.919775832275391,13.485954549878592,45
4086,29.0,4.17788638767448,8.518060286557922,14.924020794579741,10.644286605027661,45
4087,106.0,0.9337715221620047,2.1530798212393565,14.925949528726655,7.778282551101825,45
4088,99.0,2.8056775839117396,0.013236286719449097,14.926327042416636,18.16928170349224,45
4089,95.0,1.6495712834425802,3.2333780940829984,14.927843168999988,9.514692822665147,45
4090,124.0,5.983663402774637,3.2810226312168824,14.930541746357264,9.848697907907292,45
4091,156.0,8.257987698901347,3.2364568883501645,14.932595137814355,15.122117240442318,45
4092,104.0,5.103945921217038,2.1898285636080015,14.932619265689652,6.917909675552534,45
4093,93.0,8.483575784068565,2.3798734445792027,14.933787188081665,15.441469875368032,45
4094,46.0,1.3804800500635772,9.974283651453408,14.936043640599674,19.92962090180156,45
4095,83.0,0.8777053122200884,1.7897730646453314,14.936494856951072,17.88974757056087,45
4096,187.0,3.9915943429834178,0.1595937571671724,14.938668958540328,19.901583919756877,45
4097,162.0,4.101559389080358,1.72310886267098,14.940961303058895,16.944500628128402,45
4098,144.0,0.4453122566528489,3.878772118135977,14.94145287049308,15.437382043771887,45
4099,73.0,9.557655980289626,0.7722772363844732,14.946266339310732,8.228713276272135,45
4100,92.0,9.36402799571454,2.9161039654384346,14.948397847296173,12.687098043122258,45
4101,79.0,9.502834489504338,4.675966737668174,14.949268164592594,14.352336644039667,45
4102,132.0,4.75900481158698,8.446946171956577,14.952509944722388,15.466927811053544,45
4103,149.0,3.4552072931667888,3.2385396654742324,14.954312479562875,10.325196901433875,45
4104,182.0,8.524298055309691,5.311101325480752,14.955434753204134,12.978018178374374,45
4105,173.0,2.7823717969203896,9.090172504296683,14.955561321383273,5.812571899702549,45
4106,32.0,1.0279283102285364,3.923444970070075,14.956325339578338,19.068681074318544,45
4107,14.0,4.058351025156471,8.723824793071897,14.956374095772365,14.861495734130028,45
4108,81.0,3.7535713922992575,3.54250204894491,14.95667947856204,17.82088949381068,45
4109,40.0,4.9464726106425765,6.6132122616664715,14.95728877272573,5.0,45
4110,8.0,1.7339227990689976,1.0679920921705444,14.958815802617986,12.655009636302337,45
4111,121.0,1.9335010930641183,7.5562498411737,14.965929583849551,6.95479631913424,45
4112,80.0,1.2412644995408484,9.94554869230668,14.967142792664948,16.649942955864226,45
4113,46.0,1.3034972720661475,8.124552661596235,14.970745316095684,18.059185018289398,45
4114,32.0,1.1896085364608966,8.418146959384327,14.973771751052318,17.356911740207256,45
4115,147.0,2.5546922825706,2.805196101428078,14.974192777801507,14.084193365380294,45
4116,12.0,6.4344072155630325,7.14294522436856,14.980545927446803,18.03558418525121,45
4117,27.0,6.043725243029043,8.555791010464281,14.980633448846511,16.913140923320487,45
4118,181.0,8.49974436149998,6.952796350911729,14.981499274416652,17.554018228049497,45
4119,193.0,3.7196137157663323,1.4331358953639672,14.98472115962558,12.22158013017628,45
4120,15.0,6.286912311451022,2.8491133657512813,14.985421284149052,5.0,45
4121,108.0,8.550715794739114,4.2779662297926215,14.989796951142715,5.0,45
4122,162.0,6.65082479480506,0.26167830497481726,14.99033607289537,15.5904486268789,45
4123,40.0,6.0539034727120615,0.3666618814950273,14.990648794890543,8.24093131284723,45
4124,166.0,1.7634576086242226,3.2798774734421254,14.995435645020285,18.017848677033648,45
4125,39.0,6.886872817370464,9.768356682761679,14.999184708541332,5.514584303322837,45
4126,67.0,8.612433354144903,1.9873354506602248,15.000016599041139,5.0,45
4127,98.0,7.58511249498849,6.584779276796349,15.003122580912144,5.0,45
4128,99.0,4.032305715167147,1.8920346562750445,15.00977919864501,20.0,45
4129,180.0,5.982393611750388,0.833753359774605,15.013404055758732,12.046407221311917,45
4130,0.0,8.466332372749648,6.157668847702654,15.013862234045435,6.7857282230510725,45
4131,6.0,4.611889005769668,9.047649419153338,15.014607959411316,12.26933486343187,45
4132,83.0,9.568315036624854,9.296766331158173,15.015012217977256,15.431070411909312,45
4133,109.0,2.8571417883450434,0.025578523676552667,15.015066467547053,12.673197746993525,45
4134,131.0,3.775838179774852,8.364006403131242,15.021616908942889,14.350300545203813,45
4135,67.0,6.163047237472899,6.51750023585596,15.021889171423158,5.5249407471163945,45
4136,37.0,7.728980875995221,6.061570695929176,15.02211495245492,13.465575429432251,45
4137,172.0,9.691868539516012,0.0048896789329799795,15.022480340800854,6.662088308896438,45
4138,106.0,3.293327682369905,1.3320228351267827,15.022829867065361,7.324863403536805,45
4139,6.0,6.538471173009271,9.17334817210665,15.024304008193731,15.778698692789913,45
4140,164.0,9.915569746403698,6.791590255698728,15.028660607069071,18.383737140876008,45
4141,129.0,5.258980340845232,9.97397442490804,15.028896197505292,12.816265899691986,45
4142,72.0,9.040215908666228,5.8553500639325184,15.029077562725256,7.773873897429504,45
4143,131.0,7.784995788405381,1.2049113795842548,15.02963409330466,12.314114110982294,45
4144,81.0,6.379709549201383,7.264086164140789,15.034254269823995,20.0,45
4145,105.0,4.359690817813634,3.073556760233076,15.035846112052125,14.133220438638219,45
4146,176.0,5.018487771840605,4.73881383215044,15.038635833282662,14.554313808852298,45
4147,139.0,6.529775840385652,1.8949259651013817,15.040048888976859,19.01950845199701,45
4148,145.0,7.2573970501388585,7.904662651439949,15.041288215230677,9.505123756749885,45
4149,138.0,7.52758499306727,9.167931321712055,15.044590499533129,7.804318626310038,45
4150,140.0,8.533137223306245,7.469550413098575,15.047661205308263,5.478711836389684,45
4151,164.0,5.426751805776782,3.9646677547647102,15.04816932491813,18.08785735894899,45
4152,145.0,6.881484796683979,3.4903489888193318,15.052856778323605,11.041350873889035,45
4153,54.0,1.5786666757674417,1.4743881373740098,15.057323343018782,10.550243059085966,45
4154,96.0,7.3380094563560005,8.552654303948525,15.05732849895097,8.904016872762309,45
4155,84.0,9.954739500762209,1.567974815772305,15.057472556521365,11.130887023528476,45
4156,86.0,8.319421677808878,9.998950412741785,15.058063873249123,9.118273691926134,45
4157,189.0,6.370976823880592,8.486638214806995,15.058134190123486,8.188583063887863,45
4158,69.0,8.66706730746265,9.929533204219602,15.058279157136726,18.792357140325134,45
4159,133.0,5.15942763348248,6.640349914680738,15.064282791636245,7.148455642805954,45
4160,99.0,3.333158170495997,4.193237745830766,15.064963413214542,17.50488667106926,45
4161,55.0,6.209984487087405,8.661097194243277,15.066286132299904,11.632358958086327,45
4162,166.0,7.8621817916784735,6.6934774499246625,15.072430834326074,20.0,45
4163,137.0,7.312084395526044,5.147623488119068,15.077048438246852,19.155152380080306,45
4164,36.0,5.284551817514094,0.9735170304015639,15.081102779762016,10.336803043892704,45
4165,70.0,0.7008286657949669,3.2643315492569425,15.082757886994571,5.685638588390764,45
4166,173.0,9.138562439863904,3.204375445562113,15.082935148041546,5.0,45
4167,63.0,2.2613101273982874,6.739521810365597,15.083898319435843,20.0,45
4168,141.0,9.17308361301844,8.354492092461822,15.087337754959623,10.77108746569065,45
4169,8.0,1.248599598195106,7.086260560983356,15.087392787309762,11.262784664270516,45
4170,61.0,8.210929977307439,1.5300419499889717,15.088745442565335,13.294036396979486,45
4171,171.0,9.697736981082329,8.25123453151822,15.090651063432894,12.692912370973541,45
4172,154.0,6.243432148194492,2.7519744639409884,15.094631834481895,5.999098726484206,45
4173,159.0,0.9003708241815023,8.908396077998795,15.095648876684209,9.12285085915545,45
4174,19.0,9.71089924817562,9.084412428049438,15.096148149021502,12.094393254809967,45
4175,179.0,8.550498749710485,3.829749936592337,15.097258365100634,14.634865636951549,45
4176,48.0,9.221783601162928,9.696947451149834,15.097942398122806,20.0,45
4177,46.0,7.954727079476056,9.714136610308891,15.100142165950448,15.342891011640814,45
4178,37.0,9.141244092026337,8.961257752523029,15.100559125631749,12.350829643235791,45
4179,15.0,0.7265694203963202,3.25806629890148,15.10123360874274,5.067663744756417,45
4180,100.0,9.93810432296497,3.36935057298282,15.104387548521672,20.0,45
4181,26.0,6.486802721875087,1.5474724005099882,15.106068794076263,18.628528862935504,45
4182,35.0,1.7595599127913397,8.603968207899264,15.107458749025785,10.985223319192963,45
4183,15.0,1.0721198570894586,2.483525700506627,15.107841373787263,8.72061176174443,45
4184,91.0,7.76270201320281,9.84613656778483,15.10871433785504,16.224731982351646,45
4185,122.0,2.0960132124989475,4.664871346685904,15.11167638663896,16.76279324555327,45
4186,109.0,8.794045263588542,9.776817478316161,15.113337236321627,14.827610778432568,45
4187,72.0,2.331026979988786,9.903850721788558,15.114965331477915,5.731725416904382,45
4188,191.0,0.41719024012173533,9.51497355523487,15.121603449281963,17.21849071246108,45
4189,66.0,4.292526128040931,1.8536154496273671,15.122299945541075,7.256716005140312,45
4190,1.0,0.8260322624030381,9.91877050598809,15.12556030114696,9.809924318497952,45
4191,66.0,4.623954873696424,3.7884940225895516,15.1265023261696,8.641352077102878,45
4192,174.0,2.6924788692143995,1.9436582670171099,15.128899454851783,12.434609912409568,45
4193,89.0,2.134442477437352,3.7415827588819695,15.131529660248663,12.413645700302133,45
4194,145.0,3.87659601354029,7.538590716449182,15.131975640555765,9.736164019812348,45
4195,48.0,6.859005002083208,2.3027369512868945,15.134883752596757,18.759081224201704,45
4196,96.0,4.855323175396875,1.1932108226942262,15.137480413820496,7.068259516774781,45
4197,13.0,7.497371876241443,5.619201540943218,15.137862076361438,11.675827798687703,45
4198,6.0,1.3197681659808802,9.756322928994871,15.141173730792229,6.428224778066456,45
4199,3.0,5.703768483222209,6.447410835154683,15.14188162781491,17.316995319050452,45
4200,92.0,9.104088632657623,7.423774195658883,15.14356656364571,9.902156583945407,45
4201,55.0,9.585612282138145,7.582676456658152,15.143977892673817,12.480924204166472,45
4202,179.0,2.734950939133607,3.7148344013825296,15.145171493376202,18.073032409053646,45
4203,181.0,4.755048218211357,2.6352563655082872,15.145880257024075,20.0,45
4204,92.0,2.3055645211530984,7.679898743097148,15.146612672736522,8.968116830825846,45
4205,184.0,6.946739054570182,8.666644287886509,15.147580955018825,7.899718565114124,45
4206,64.0,0.7131738823124079,6.6235261175375015,15.147941327681973,17.38964865078844,45
4207,131.0,9.329886173147852,2.658068385210437,15.15725805745893,10.433880280794469,45
4208,109.0,3.246592504354285,2.8132186847093967,15.158362912754894,13.667742216954554,45
4209,7.0,4.381302679908971,3.0835182113467607,15.165256078137766,12.651910679374126,45
4210,1.0,0.5263873452303536,7.108251194599854,15.169088716925073,12.305983945040715,45
4211,41.0,0.7933253389047357,3.6067156369778663,15.171296038219923,20.0,45
4212,114.0,9.32503553371556,5.296231022547948,15.172358596903331,6.800307142457105,45
4213,157.0,1.9012343009521948,8.084290940375288,15.173969173773232,9.815717206290072,45
4214,34.0,6.956154229361279,3.916600923589073,15.176029711690154,18.840114666808795,45
4215,40.0,2.926087022145256,8.339739183439756,15.178336794801822,9.527574560658165,45
4216,124.0,4.269259363933958,2.8218110886036407,15.179099162997709,10.886864644782762,45
4217,191.0,7.437684035213091,2.1231412056242793,15.180487096098906,18.764815642359807,45
4218,111.0,8.76754809387134,2.495846476012755,15.18387245756129,12.295952194528613,45
4219,4.0,2.4978100783951174,7.3122439273286925,15.184529836335185,19.666829596680373,45
4220,174.0,1.7242506344317032,1.617313816299235,15.184781678858355,12.344533226736633,45
4221,115.0,0.8128233658906103,8.223279697229659,15.186772714054099,13.089185542095835,45
4222,112.0,8.838579865433598,8.042241253964654,15.189768765017451,5.130730781193537,45
4223,69.0,9.265722336621709,3.0143180672064505,15.195610563988641,19.42411770521259,45
4224,71.0,3.6615536588757926,3.1975452415150407,15.19564476729905,10.005678924230544,45
4225,106.0,3.52735679409099,1.1397029615909804,15.196217419831846,9.006517646967396,45
4226,4.0,0.7953492634557391,4.32133270645793,15.19813134405583,20.0,45
4227,165.0,9.394894884153857,3.2239320367353086,15.2009541271014,19.656772969885488,45
4228,38.0,1.2359783039692152,3.9314710677525277,15.203864007476668,11.602040585321769,45
4229,157.0,7.4355243026619,7.201175924296063,15.205246792216212,7.174038331462043,45
4230,177.0,2.3380669520212405,0.1641446590564366,15.205606147057262,12.465271146442532,45
4231,117.0,1.8111037143446218,7.625441508398029,15.207912334687514,11.538862713084072,45
4232,21.0,0.07830490502894416,0.9227228361697093,15.20862611297148,8.376896899509882,45
4233,23.0,6.752310640888769,4.436843001715214,15.210239103561634,17.26233406982481,45
4234,166.0,1.3549274484246199,2.0910751195668054,15.215661919583964,18.76814528015508,45
4235,168.0,9.594169812490668,7.6253453753602765,15.217618405237934,16.951972725749645,45
4236,111.0,1.4163057016514802,6.4963940601007035,15.218058967631979,7.504890976608689,45
4237,64.0,0.7837160096698903,7.837583880530913,15.224438462485155,15.548434222077566,45
4238,146.0,6.572625107282068,0.05237036630238001,15.227980248419593,10.113469069931059,45
4239,157.0,1.418218600377542,3.574468313532584,15.228064793467485,8.679950318624748,45
4240,4.0,3.1145034396266413,2.510987299437341,15.229754093309849,19.67911641684777,45
4241,190.0,2.5352738235340047,3.3230059482242567,15.230153975802699,15.917986373305466,45
4242,51.0,6.294218654727787,3.0073059504719932,15.231389805221468,5.0,45
4243,50.0,7.401922466597429,1.6249532402809141,15.234159633016292,7.759380839415389,45
4244,102.0,2.921100778378083,0.8523642663193942,15.235307867674798,10.153345930670366,45
4245,61.0,8.325099620668567,6.047849220220365,15.236445118172018,17.385720906528622,45
4246,122.0,0.3519769296207853,0.6833332093825628,15.243769313749542,16.356070708920576,45
4247,130.0,4.9023102020114635,4.520163953085106,15.244945099476146,12.587468992878883,45
4248,148.0,0.37466778675343093,3.6824496708503176,15.245984665801918,6.379701966592663,45
4249,149.0,2.6178520953451203,4.836249744747125,15.247321229372684,9.835416742942169,45
4250,57.0,4.930345297864927,0.9934123999340927,15.248060483953957,17.124524223643753,45
4251,152.0,6.4832482013778,3.9824190019261607,15.25331573270012,17.02688935775434,45
4252,66.0,1.7675811659623497,7.2404193219586785,15.25612073486549,7.792497394540636,45
4253,132.0,6.868701946482667,7.946446387784879,15.256182115096975,13.126886106381187,45
4254,162.0,8.875509035359737,6.273253615815433,15.259294990561532,11.873217582223017,45
4255,111.0,7.407038803918158,1.3577338242192882,15.26007846891501,10.546735318723648,45
4256,57.0,5.789112176678487,2.1054466415704685,15.260267842243795,20.0,45
4257,129.0,2.1322865383133847,7.909612345570305,15.261026376422938,12.334280167484797,45
4258,27.0,5.55835288527004,5.7367082737050765,15.26392366668262,16.578495266963202,45
4259,119.0,2.491784486739965,0.9377652037147399,15.264013264378907,11.29465674056024,45
4260,130.0,5.570352382540103,9.42813878387764,15.26645462803431,13.583762317405082,45
4261,141.0,6.857670112460097,7.993737666310331,15.268497865853774,9.541052386390586,45
4262,117.0,1.7715495563695727,8.50046572777236,15.27469827058985,11.605450113136463,45
4263,123.0,7.195464721912618,1.5725262981116206,15.282163944366317,15.04929002137627,45
4264,120.0,9.41152387119597,0.7114350265682479,15.282718094267466,17.37913791878995,45
4265,140.0,6.750207190002863,0.5482967061386235,15.285200615896468,5.0,45
4266,179.0,3.673542181147961,3.5248599330333743,15.286546096927525,15.12396631665442,45
4267,6.0,5.809720492564256,9.623678724058646,15.286882336147688,11.264275496198573,45
4268,6.0,3.8082157643198844,4.3140933456329655,15.287867574726029,11.033644438504973,45
4269,89.0,4.176778350057363,8.195969296010675,15.289855780739224,11.115143723508675,45
4270,50.0,8.677850648701241,9.708015772411612,15.294166134114901,14.068984557308935,45
4271,158.0,5.6978774346604055,5.203335385985419,15.296526006547781,13.681848494372453,45
4272,103.0,5.038058389992257,1.3259240065820266,15.300327845772028,10.466569263962258,45
4273,42.0,4.3196522432294575,4.014996365129426,15.300690506856043,11.43758293295557,45
4274,12.0,1.411574949452642,2.523615327480382,15.307081197698691,20.0,45
4275,65.0,0.4759432533465269,8.6339826082325,15.309363339596505,11.998295579494144,45
4276,75.0,7.035020970577321,2.584398495596197,15.319681520436886,10.056042000901662,45
4277,198.0,6.256612878766906,3.324967557223646,15.320952354374558,10.88634294424438,45
4278,0.0,2.5173279841501994,4.165766907266985,15.324530262627835,5.188252284463315,45
4279,78.0,0.4566768720907821,7.949978394724941,15.324859328933972,7.500255706732807,45
4280,161.0,3.645988127337657,8.334008768618204,15.325466061890872,5.0,45
4281,72.0,8.411657425182915,4.1747068158885785,15.328773897046375,7.539522663518542,45
4282,159.0,3.967509029593388,2.038397807443938,15.329131522516297,7.162394293314318,45
4283,40.0,9.634776287522334,1.0790172895235484,15.333033433014418,5.0,45
4284,193.0,3.2538583248056128,2.7443718526967196,15.334314065326389,14.5963844516323,45
4285,36.0,9.578335300217443,6.318022366803257,15.33707077842415,8.409951104467208,45
4286,76.0,7.6623484215458495,9.501370746802849,15.34416808028081,10.1230504124924,45
4287,158.0,9.588425389316285,7.991680455821212,15.346179384990606,15.225715478034669,45
4288,127.0,4.922238026840637,4.1324419352785196,15.349019449833444,5.0,45
4289,92.0,0.1350295397076584,2.6004652482762856,15.351087519416112,8.348833745297489,45
4290,197.0,4.107013581064502,8.815235808502315,15.353416951235983,17.71929776054177,45
4291,159.0,3.6225920877714235,4.352569950732832,15.355443473661428,10.487342341361497,45
4292,163.0,8.814930681952099,2.3855785498161906,15.356642683158338,12.76552700716684,45
4293,188.0,8.25700893939893,5.562573891590055,15.361864718159417,10.711803267408808,45
4294,76.0,9.211390586977405,0.8927629881354582,15.366148491117329,7.467520580410747,45
4295,176.0,2.4361554696838574,9.982266928884497,15.367028158235346,17.119303719195063,45
4296,34.0,0.9083775639150682,9.408582021478272,15.368206588067508,14.913805458591819,45
4297,138.0,9.882202165370105,7.759902866955368,15.373190019568824,5.0,45
4298,119.0,7.9735167300083285,6.05016931350749,15.375702305662319,10.684537182889288,45
4299,158.0,0.10640841025823855,9.152022591295019,15.379325749968766,17.063512472148666,45
4300,187.0,7.380251121370199,8.59816170368031,15.383362221101262,17.891174995749083,45
4301,24.0,0.38667935977831247,3.3712818185214277,15.383831288035708,16.334711988922308,45
4302,172.0,8.457584721322844,0.3187772455861504,15.384317643561616,8.321311136774833,45
4303,121.0,3.5158245035753524,2.2017630590342883,15.385763748959272,10.83478973566238,45
4304,129.0,7.543337349554888,7.832777710649404,15.39926394566749,12.90687615276351,45
4305,16.0,3.1639415536541637,0.5514690817032153,15.400770044989098,5.21814088562604,45
4306,53.0,0.36109068748973794,8.333610398864005,15.401493189037115,12.267726294389002,45
4307,60.0,9.238900927984357,7.027341928526614,15.402479393381434,9.51594065309657,45
4308,171.0,4.545049756036132,6.38100939756116,15.405644939894769,9.983183563946124,45
4309,45.0,8.626071065461023,2.0999132475342197,15.408005447280775,9.025598265807236,45
4310,189.0,5.585026743966562,2.854385398313436,15.4081150520998,8.182406680336811,45
4311,28.0,2.3814551114401494,6.004668158641183,15.412307334316463,7.669676975256139,45
4312,186.0,7.062140236195006,1.9825762173025607,15.41264806907749,5.203317828073681,45
4313,20.0,1.0061562790778877,9.892039358511166,15.413752517365126,14.210210994800393,45
4314,33.0,3.4272077652951882,9.372101373420595,15.41595898787143,5.773762344745918,45
4315,124.0,7.969404631286338,0.4638414158768811,15.418142068896081,8.409406264296882,45
4316,70.0,4.187600384132587,6.488483925347122,15.420161947438945,8.355744855442982,45
4317,9.0,6.526996688252788,1.6398160399559136,15.422548680444034,10.43349978810866,45
4318,128.0,1.7683546389040983,1.823437384601564,15.422669409917507,12.389353175985626,45
4319,51.0,7.207505771555667,3.371099537249047,15.426257254151036,10.133652382492931,45
4320,35.0,1.563172655868127,8.971040082750116,15.427205288032392,10.266142566261832,45
4321,125.0,9.368641007556333,9.916160720194183,15.428236461744595,16.993177954463043,45
4322,47.0,7.4201583282425245,6.625932635107161,15.431502189952907,9.445492256186066,45
4323,58.0,0.4969708297165165,6.410879115426854,15.432143329113792,5.0,45
4324,187.0,7.936208018437982,8.159742464349245,15.433270849135543,20.0,45
4325,199.0,8.294570393558956,9.263756983162427,15.436441088366244,5.106840846037848,45
4326,144.0,8.162497735224761,3.3693213137638436,15.447193387642741,16.93359183058957,45
4327,33.0,7.853849725281094,7.49759570513246,15.447214849001329,5.624022699388691,45
4328,5.0,4.116760552988714,3.300899621587684,15.45073388568243,8.53705893575454,45
4329,79.0,5.156772080933597,5.952528930648933,15.451402344157241,17.426472937558227,45
4330,10.0,6.504820615461886,5.7547375522128466,15.453892963185456,8.938551507175333,45
4331,27.0,3.9021477203336117,7.909275744311344,15.454000140644922,17.466645035670744,45
4332,194.0,3.29469192143905,6.454421686960652,15.457154993696793,6.795762578384561,45
4333,93.0,2.168761197179303,6.115110174020987,15.459000304401538,15.760798764632321,45
4334,39.0,2.1438096740293897,3.375549805097202,15.459347809740386,5.7363228388478325,45
4335,3.0,5.586333094861286,4.3097087096652755,15.460907626244612,14.184672035268157,45
4336,17.0,7.581551014343782,2.1987080688646508,15.46127560975427,20.0,45
4337,94.0,2.36261869361996,0.869044575863831,15.464433742439725,9.741060004657015,45
4338,129.0,7.947052546699052,6.15778999675349,15.466052960035109,8.635013732338221,45
4339,189.0,2.9699990132182363,4.906377994805036,15.468890035063673,9.09909803980018,45
4340,161.0,7.913757759625183,2.46764762202629,15.47067308961089,7.932111482288607,45
4341,75.0,8.427106644453435,9.468487705736642,15.470705960036025,5.523506435764551,45
4342,110.0,2.5759747820138323,4.197819955952894,15.475053435959424,11.717765304071351,45
4343,73.0,9.233200035978415,1.4631502453567236,15.475463182624008,5.0,45
4344,21.0,0.35206871500074177,0.5265594201811485,15.476625866645938,9.690558908710537,45
4345,148.0,1.7808482798552128,8.583501848023117,15.476984976985065,5.449587026697231,45
4346,65.0,3.5207813399882526,6.6931133728548975,15.477215584802979,13.026788306952621,45
4347,19.0,1.5316232010774555,9.112143140022265,15.47805671057218,14.17941852710416,45
4348,177.0,6.292604637742595,2.5303974871695734,15.482025163754688,7.394676792790393,45
4349,64.0,7.703552508283321,6.215189349953261,15.482303738564424,16.335630033934976,45
4350,29.0,8.71826546508928,3.301112053763624,15.485356474581511,5.271268141388919,45
4351,112.0,3.0041669071757005,3.269363996226795,15.486966660528331,9.323928779098692,45
4352,132.0,8.0622222057093,7.36824576699473,15.494023150696822,10.792104646866864,45
4353,166.0,6.550110731657643,7.0318538670577,15.494618826185343,17.54873297971648,45
4354,185.0,3.7795649134795917,5.036713258923759,15.498069559181484,5.0,45
4355,43.0,5.343070078636016,2.853091615162733,15.498273931750505,17.11116552841812,45
4356,118.0,0.09642595604498316,0.3639702414162327,15.49936483530794,17.243189236697702,45
4357,152.0,7.535284694133223,5.734404565034441,15.500602152576466,18.555090678523005,45
4358,27.0,9.986288528542588,2.3745270625622803,15.500789283341202,13.563652525265631,45
4359,128.0,7.718282264601873,2.231059382952184,15.504461388010458,15.271532888222051,45
4360,40.0,6.005734623826423,8.115765330043441,15.507636616784186,5.972572912530297,45
4361,135.0,5.451082690592104,3.008999507960133,15.516178153133573,10.278017155487978,45
4362,182.0,9.937778922806718,5.542892078800181,15.518212970805186,14.119141140815678,45
4363,100.0,6.601810351461427,8.908712841505421,15.521406198439905,20.0,45
4364,21.0,0.8960946978420081,3.3237385685459397,15.525532120201355,9.671538267027458,45
4365,22.0,3.0755423931192616,6.330926641358844,15.525612597149495,11.139100273856181,45
4366,65.0,0.016434853500431057,1.70006864354727,15.527121241246268,16.699111731456178,45
4367,95.0,8.989364767325961,1.761962519528012,15.527653259565126,11.34357248358487,45
4368,166.0,9.389448726964542,7.6242575088652185,15.528977619932462,16.80230543190196,45
4369,58.0,1.0504835512754818,0.3254463454405099,15.535857076033944,6.555907752470484,45
4370,93.0,3.063777023678076,9.846458929055832,15.5368676060622,14.787687111145532,45
4371,14.0,6.122225024410692,8.156267507215649,15.541274033030152,13.563709926852525,45
4372,46.0,0.32412036953156087,5.320103400289632,15.542011740054358,19.683876795467345,45
4373,62.0,9.961911555409747,2.9417635420557877,15.5420132147273,10.218252343953946,45
4374,37.0,8.476164897089824,9.299635079864132,15.5483414097728,13.22231819904716,45
4375,187.0,7.575006138471641,8.480225995716356,15.550283576927082,18.95984333357621,45
4376,189.0,9.038912336977448,0.1412261506326573,15.557416407405405,7.296339079845576,45
4377,19.0,5.718051291484539,5.206754962749477,15.559523839273561,13.500122626406156,45
4378,5.0,2.4709796926380765,4.72928286705417,15.560213124626435,8.078871900596985,45
4379,109.0,1.193007232529515,3.7486019886933706,15.56672824528512,15.86724890461222,45
4380,157.0,4.780719307894213,2.988198204655421,15.571156369311797,9.528385931834237,45
4381,72.0,9.743888426537136,3.241523241171808,15.571244859567525,6.1644380854959415,45
4382,137.0,4.303146507337583,5.406335759856504,15.572797669851921,20.0,45
4383,103.0,0.19314248116055532,0.6396330254827209,15.573198834706513,9.858956268997998,45
4384,74.0,4.034084308366923,1.5536939858282983,15.577251921590072,19.52615005648728,45
4385,96.0,9.201064364824221,8.703583372679248,15.583574599399007,6.724060789616004,45
4386,92.0,9.160568795898104,2.6651414543310628,15.58942687815967,13.83048513251993,45
4387,39.0,9.291594853599616,4.431650397286583,15.591395516386765,5.150402013148144,45
4388,157.0,6.602394032194333,4.075431872133523,15.591533099521975,12.170595534905953,45
4389,190.0,1.619205246868245,0.7078070296173988,15.593693775493769,19.58662371300818,45
4390,8.0,7.408579561211016,6.605186193291939,15.600583868846826,15.570445027141426,45
4391,115.0,3.4243726167294,4.7232340957671965,15.600737125215405,9.561255601462081,45
4392,20.0,6.1194164859402775,6.5903178229750115,15.602869261925333,11.700910769231509,45
4393,86.0,0.3191192174875557,1.4140611554699767,15.606896132906046,7.067963505195877,45
4394,149.0,0.614757124473283,1.8049204693151588,15.607010177728249,9.371569378046411,45
4395,161.0,3.646098548695967,9.67818131917199,15.607472607373206,5.0,45
4396,111.0,4.087655795525951,0.9849138008141345,15.607549636300952,9.99855237761151,45
4397,198.0,4.016269786031486,8.431748263064751,15.615007877952506,9.819993260694106,45
4398,149.0,7.025351856961785,1.856215294098289,15.615824393247303,7.9241495388696395,45
4399,26.0,1.0730197509496398,2.458040685535684,15.625765837766583,19.288356120081882,45
4400,27.0,4.037876240032473,1.4816288048246584,15.627847927857792,17.221517527388635,45
4401,130.0,7.302528753471002,3.200956785292035,15.628716932681428,12.369985913668046,45
4402,162.0,6.937642162067731,1.805727883251308,15.629221476922915,16.359659336794863,45
4403,129.0,6.442556817781839,0.9971564686209167,15.639881065823042,15.402894535673042,45
4404,51.0,2.9410931804254457,5.278541036916148,15.64024251487236,5.416080073953881,45
4405,95.0,8.832497562445262,3.448536089594527,15.643883548044641,9.999383233177209,45
4406,141.0,5.821489338314651,2.076151553866532,15.645022715713376,12.631390302717303,45
4407,126.0,4.209873313257866,1.81238939023731,15.65302788430897,14.486581391039397,45
4408,68.0,8.107807325787796,0.6213874023625177,15.655122530580801,15.280561050558488,45
4409,49.0,5.452287180164745,9.122622633878079,15.656397812894122,14.115470416819873,45
4410,48.0,6.896838478879518,7.733025209449149,15.657604927509928,19.54514637604978,45
4411,11.0,8.6066597909212,6.372912984382997,15.658481519057982,19.85463571102493,45
4412,34.0,5.03708654213272,1.035572314882437,15.658809560376714,14.970697599528147,45
4413,159.0,6.172962018048046,4.297100741953965,15.658811973777308,11.042368415607863,45
4414,160.0,8.839580892545653,0.5329349841238451,15.660051205592959,7.99750007432613,45
4415,110.0,7.784029741259659,0.037650028032238936,15.663220633435754,15.794743392517466,45
4416,153.0,2.9230590220117714,4.166535996364496,15.66472521036398,11.441302018967306,45
4417,3.0,4.870719951649885,7.85874890660677,15.665777806105355,14.513991523618701,45
4418,8.0,4.775170510249809,8.583056593522581,15.667664489920101,14.376406402824067,45
4419,199.0,3.9990582434016786,2.398628682008913,15.669209521287291,5.367532959186316,45
4420,159.0,6.610767280179558,6.3901253379557605,15.67455186652654,5.585620973022174,45
4421,19.0,4.815677042617569,2.0224377981319286,15.676330040116248,11.315001434517674,45
4422,139.0,0.1195183840894809,1.4446894095375884,15.677049245766213,19.79295139764632,45
4423,37.0,2.480751621631314,2.3884587036003078,15.680810577938951,13.803724983681953,45
4424,142.0,8.789696489477695,3.9166493627480294,15.682886661221062,14.758953005052632,45
4425,53.0,2.661772625831543,9.67574359542558,15.684766905950791,12.595552500467363,45
4426,22.0,2.881613577566091,2.870502347775852,15.689224910107203,10.674445670372675,45
4427,90.0,4.578146004943443,1.4543926235243354,15.689254122913708,9.93183710269132,45
4428,139.0,9.293731310018725,7.97387566819039,15.689971555263837,17.049884656810516,45
4429,100.0,2.8030799087262603,9.032967579593263,15.690829744359522,18.54422395585517,45
4430,153.0,9.807777006174447,0.13493982667112547,15.692033318874566,11.561217687475953,45
4431,154.0,2.7482537614777436,3.9729272807761506,15.694557117378084,7.00282651634356,45
4432,5.0,9.661275101240122,1.6822455629927224,15.699037302380164,7.766986644611677,45
4433,43.0,7.1605675983091635,8.831212225507421,15.701112021848342,13.851858558191129,45
4434,86.0,9.241187655709059,3.221391360087247,15.703029833685122,7.186002966336947,45
4435,146.0,2.0104619766317877,5.487956309341539,15.705086244924257,13.65259828571836,45
4436,96.0,1.9374383222133496,3.6654854174104434,15.71466970647082,5.0,45
4437,27.0,0.9429874872294775,5.429277554076288,15.715663224338346,17.581449010077574,45
4438,94.0,3.611053132691185,7.548384988450111,15.71685662486032,8.652076490545577,45
4439,167.0,7.888353147121949,5.96799991331748,15.71943565781738,10.264995912528324,45
4440,157.0,6.831470953054655,3.7999730439462254,15.720121939964422,6.813062201697715,45
4441,60.0,5.009927445349255,0.26157688457715267,15.723525379295847,11.03808137492478,45
4442,49.0,1.9402879619037539,2.6067052327582187,15.729585647525498,15.928839045210719,45
4443,75.0,3.6086731016336016,0.034463651614088375,15.73196463251436,10.126080347508553,45
4444,18.0,9.613405436488748,6.306867565108698,15.739004664299898,16.516569445736994,45
4445,10.0,7.8486647023334175,0.3865556799468084,15.739118610342683,13.765713716350474,45
4446,90.0,4.9267996322315355,2.335430873403972,15.739404010132516,14.186734747756322,45
4447,178.0,6.340026676785446,1.5323410051394426,15.74002578004667,12.120605079407111,45
4448,137.0,6.896139151150576,8.077415796117661,15.741144121233464,12.012260880842184,45
4449,134.0,9.93961214280656,2.7010485195254654,15.743738446606297,8.741695124808563,45
4450,37.0,6.055931191917308,3.3797615321251415,15.744420646831987,16.44969166936981,45
4451,2.0,9.533492518378548,0.1919092385135801,15.74655957550113,13.304703593694185,45
4452,170.0,5.819260842557968,2.9787140907635257,15.748840757240215,11.94423302473587,45
4453,177.0,0.9702906822874524,1.24349796921997,15.750198753323199,11.851022514218084,45
4454,194.0,7.608042126344473,0.9689413168337357,15.75112107897445,9.288717629446666,45
4455,27.0,4.0290659021696325,6.318258521652769,15.75201781988118,17.698446517777285,45
4456,66.0,5.374585880849324,8.68214259773382,15.753962037739116,13.313782093122676,45
4457,196.0,1.8546192256784533,2.4981376362409247,15.754230845336245,9.114533654803706,45
4458,189.0,9.770302984806069,0.20012638188141474,15.75452712948627,6.73825466194522,45
4459,157.0,5.618687187871413,1.0574972677720507,15.755693547698483,10.889723090694032,45
4460,17.0,8.113098449515443,7.844876133506719,15.75715829353898,19.664591028439542,45
4461,89.0,6.758687964487868,8.137651894996502,15.760568527721027,9.11728855305018,45
4462,10.0,8.761385807950703,9.202497542258703,15.762486492657235,13.90077594656535,45
4463,64.0,7.5061111259738045,5.46744865445037,15.763048013033856,17.97609766809971,45
4464,164.0,6.956663455660691,1.1757482399549568,15.764771058250362,16.267759388723146,45
4465,54.0,3.321875081265797,4.959293220614067,15.765470698893838,13.26332102224185,45
4466,174.0,5.32677621408531,3.27962536320202,15.768935514304044,15.41729068060502,45
4467,8.0,4.310639954058671,0.023713969543908142,15.769669531223604,11.783350407975513,45
4468,93.0,0.3576159101005749,4.3375308572864,15.769753471561192,15.691157273895449,45
4469,8.0,9.783131262435038,4.937780322928308,15.771762952555937,13.918330467278427,45
4470,121.0,0.23448179212663178,1.3119797917553577,15.772184385025097,7.640737287045996,45
4471,64.0,0.44155589915922056,5.807672259776375,15.775855138348472,20.0,45
4472,97.0,3.330962090182937,7.993294341496245,15.779618158418348,20.0,45
4473,139.0,4.915912093029756,4.881224334289685,15.784904763440082,15.059703572008202,45
4474,46.0,4.675544531407338,5.36030160515133,15.787288000978522,18.039817520336236,45
4475,39.0,2.8176926377439915,5.922442622705506,15.788276578619099,8.768793740582202,45
4476,81.0,2.0778619464549166,8.722371551362434,15.790882849050226,18.316925392309937,45
4477,178.0,0.3501563114862516,1.8162641576087912,15.792788687090923,12.940190687832619,45
4478,33.0,2.960505371057266,6.968976396358279,15.793267308922506,5.0,45
4479,165.0,8.551835473377677,3.402152974599879,15.794215292921258,20.0,45
4480,157.0,8.193099042023368,4.1641147412154815,15.794457454674923,9.293619346995312,45
4481,6.0,0.6989531566623763,5.28115874590989,15.798786389811623,11.77456455272671,45
4482,161.0,2.0811282400154942,4.738459855023224,15.800671931267484,5.0,45
4483,185.0,5.909312536500241,5.179918353298887,15.80259820948443,5.0,45
4484,94.0,0.22361092833757756,3.8173468452362993,15.803308081019996,12.503233615753258,45
4485,11.0,8.945310520681183,8.490143223864306,15.80394988327324,16.899660420386866,45
4486,19.0,7.143701300660087,2.5947555124449186,15.812133115498103,12.048582887707715,45
4487,5.0,9.14968031360895,0.508215640788815,15.816819503260254,7.193827548434052,45
4488,124.0,8.973047961755109,0.3608831264570811,15.82033833927566,9.25356324487453,45
4489,176.0,1.1116399145972156,1.7218701077592802,15.82093720055577,18.481811548895344,45
4490,114.0,6.398428635014631,0.8964830486815667,15.824307797918646,7.2307572402019105,45
4491,81.0,7.646223807831585,9.139595793619968,15.824659591323655,18.865288494796207,45
4492,2.0,0.8814631719481048,9.00032363274916,15.826562439740986,11.174119747974062,45
4493,150.0,8.552180718836182,9.160174087295488,15.827593540261669,14.724095147261117,45
4494,38.0,7.571746160084958,7.54560706914964,15.829809146951577,15.628889171426291,45
4495,133.0,0.1617952552228119,2.2204073540966753,15.831635769565708,10.804119012955555,45
4496,149.0,6.480530485986309,1.0547601788517813,15.833128807200982,13.792665174736474,45
4497,32.0,0.10136865406280005,7.5506057506152535,15.841696448942296,20.0,45
4498,93.0,0.4324504177144839,9.047525098512825,15.846544083062966,20.0,45
4499,198.0,4.879905941945345,2.133440135641289,15.849598888604147,12.651351863268788,45
4500,25.0,6.757242066107196,6.1838372198716165,15.849930524706556,16.480375606634404,45
4501,80.0,6.564753416908377,9.233212260648461,15.851348236876907,20.0,45
4502,46.0,1.7357230693315273,7.952647650654089,15.85345969192413,17.12009456487831,45
4503,82.0,5.755289754275317,0.33151488527574435,15.853713623018532,13.262971669693476,45
4504,170.0,9.856935929682066,5.192145965820187,15.854214366308877,10.741778574431583,45
4505,180.0,9.584669379060623,2.6403738416163094,15.855450982973013,11.755062190359485,45
4506,9.0,6.445781197371748,2.789809649742864,15.856458691380999,5.072333136202636,45
4507,35.0,2.4251747584943075,9.86331937380475,15.856495112804406,10.161178723379466,45
4508,26.0,3.712903464562156,5.9138766557025235,15.858159010567412,20.0,45
4509,67.0,7.730884604034421,6.07001344258824,15.860729560779275,5.0,45
4510,4.0,3.4875740669344415,0.3052545982379462,15.861182325439334,20.0,45
4511,158.0,2.7414706648986433,6.744896391997046,15.865584904494892,19.40644557603089,45
4512,180.0,7.602478628088859,2.880031185013845,15.869114834722039,14.267409846534274,45
4513,13.0,5.219048176834695,7.888231263988573,15.869445939910108,10.914314302085412,45
4514,40.0,1.2184834235950903,7.221547692594861,15.87148189004515,5.701655437164035,45
4515,134.0,6.511523856667948,7.710589121574848,15.872237504891023,7.737869114156596,45
4516,23.0,3.9970100502730332,3.7715927752697285,15.88122498398116,16.977527545684044,45
4517,108.0,4.099810225711032,2.2499364923915577,15.88154633603916,9.000689345584348,45
4518,199.0,0.07092134404718897,8.871521563480972,15.882917707017699,6.797848953606136,45
4519,53.0,9.663860554480992,9.657423543521814,15.884902230226158,11.769852308288197,45
4520,193.0,9.602892573653612,7.117299162625138,15.885357519051706,16.17177423237116,45
4521,93.0,5.886154172356839,4.853724838730839,15.89110112783597,16.262210424364934,45
4522,54.0,9.632996251962647,4.239986006416819,15.891785015813058,8.242277220646955,45
4523,108.0,8.571646966053626,3.3572134462108383,15.894865311412044,5.38841150673605,45
4524,36.0,7.046927904833062,0.1668676213802367,15.89557059843647,7.002024584294175,45
4525,86.0,2.052165473970655,0.8820626275435306,15.898727229197519,6.100060955171911,45
4526,135.0,2.965378224121822,2.7981465999455835,15.900097267455081,7.363492888144225,45
4527,19.0,6.374797381486631,6.255163689108939,15.90072146997964,9.402903660363865,45
4528,163.0,4.970084310051158,6.604680063469242,15.90504278617163,12.94023857928936,45
4529,31.0,6.900053403059859,4.567036221002522,15.909647471586823,10.558679388871116,45
4530,24.0,2.548033687985767,4.079462974011824,15.924290259632201,19.755985743794405,45
4531,158.0,8.298481754805733,3.4531198406043027,15.925351503951171,15.83595310081587,45
4532,176.0,4.083099288214904,9.729684433519308,15.927026010026026,19.633642471213044,45
4533,159.0,1.5965244074033202,8.82972739138299,15.934253501444894,7.655970313662993,45
4534,164.0,2.67866453728818,1.0493240727857522,15.934778442515766,18.515170076226795,45
4535,194.0,3.937389078632804,3.5800377540430937,15.935077336117764,5.0,45
4536,179.0,9.168354426988138,4.52597683977591,15.936288155114767,12.213386744817276,45
4537,154.0,6.95970591110261,8.61447794544432,15.937050885228443,7.224569719067788,45
4538,47.0,9.53014752855807,0.7657561728552975,15.937322121683946,6.118494267417617,45
4539,162.0,0.31147996649247167,3.1956079687500916,15.938028462086447,16.88985724443532,45
4540,97.0,6.120192208206971,8.939043900531745,15.94250319339437,20.0,45
4541,108.0,1.6824684336660645,0.41021547395402647,15.946668284511158,8.854558233181171,45
4542,188.0,4.1915603480185295,8.976171669384774,15.947513662533515,15.071393808164574,45
4543,35.0,8.897214136154766,7.06427049620257,15.94797258756303,12.471805853598203,45
4544,96.0,7.262889210370195,7.167168086006761,15.9499078618802,5.0,45
4545,193.0,9.255895866876296,2.1193130043026054,15.95075982795623,13.174862396479849,45
4546,54.0,2.028705359392781,8.61224511812724,15.952512712198997,11.828372171645677,45
4547,183.0,3.7933840367539373,0.9813793523104741,15.95257406415864,18.911245341239912,45
4548,39.0,2.750323113687231,3.3679635674757313,15.953162226830251,5.7078301006879375,45
4549,50.0,8.055783832625076,0.6822839825260063,15.95838536378262,11.906528328222686,45
4550,173.0,1.4800652223661859,0.9829109974759054,15.959742548674054,7.41916583752255,45
4551,83.0,0.8379583339153718,1.788018126788763,15.961241357525964,16.192597890571978,45
4552,17.0,7.380188245844326,7.667567872521949,15.96399638713083,19.25608349242956,45
4553,99.0,3.426891533823788,4.083147234591622,15.966890174567721,20.0,45
4554,12.0,2.598125409959265,0.5337752943975038,15.967749354027669,19.062729881482536,45
4555,177.0,1.948097069279382,2.0408361904210706,15.970901729849626,10.746053157992977,45
4556,191.0,4.782446466606583,6.275484179606866,15.975601269281338,19.350333600041992,45
4557,61.0,5.438066912415166,8.409181976962039,15.977781246814803,17.317563776732456,45
4558,152.0,6.520699178712835,4.844041223432206,15.983602077283347,17.76116287334768,45
4559,103.0,4.742259063229854,2.7512891305815113,15.98537148874054,5.984838641360718,45
4560,116.0,9.568103780252294,8.356919262125118,15.988681538321654,12.788843197625761,45
4561,155.0,7.932634860568905,4.129721544328114,15.989303897291279,9.642258512281403,45
4562,188.0,6.669471829154215,1.3515444072816618,15.990128666556787,15.231758972040922,45
4563,29.0,4.654087882201809,9.36048197699551,15.990387362095982,8.445730825301133,45
4564,175.0,4.603169294217288,3.468811193025536,15.991635352171903,9.283299489789616,45
4565,121.0,7.684082494308662,1.034802845431878,15.999444859867985,9.287822554802332,45
4566,191.0,9.53082360301525,1.0116160712151023,16.00203075020962,18.173893339392013,45
4567,70.0,9.51120829142644,0.2003839454371492,16.002777747109622,8.243905136320977,45
4568,62.0,3.0475879909964187,7.784472125303249,16.004461238911933,10.635633723616067,45
4569,169.0,5.591593434469297,5.618939096659855,16.005078923590403,17.33872858465506,45
4570,71.0,1.317411315956969,4.998516929409018,16.008740221711662,8.775772808359747,45
4571,47.0,8.415506981927033,1.385342329058098,16.00957408844857,8.416031232133644,45
4572,79.0,5.964227049808787,8.611907969249232,16.01037929993066,16.063542571381756,45
4573,58.0,8.915039210370551,0.09428825384547812,16.011173713245675,9.25051898018117,45
4574,126.0,2.513086469565986,6.566703397516585,16.019068560080317,10.797658156152893,45
4575,100.0,5.815005308815011,1.2697467013341002,16.020263947762118,20.0,45
4576,163.0,4.015921569572893,2.366456533486909,16.02123994213546,10.294296237621772,45
4577,51.0,2.8762009173350234,9.421722774044971,16.021534731364564,8.565843282098335,45
4578,31.0,1.6960498556358616,8.519476826055719,16.0219021833257,7.38806652317508,45
4579,185.0,5.761542963206049,6.020043332994767,16.024602561861364,6.4358247595599245,45
4580,105.0,0.23479653647750398,4.5627542763910185,16.025843319543842,13.374167909095693,45
4581,171.0,2.614475078111421,9.155939659811155,16.029587797153187,12.005735755641908,45
4582,175.0,3.982712842185512,4.844864256478839,16.029890521923186,5.886429059295258,45
4583,198.0,9.618595563291791,6.503073741757994,16.034116743989042,13.649735025683034,45
4584,66.0,6.7355078132523305,1.9389705023240467,16.036266555342408,7.6138362103146,45
4585,62.0,9.287948068392847,4.2793596225803,16.04092514766643,11.961543376033568,45
4586,101.0,9.122356253644744,9.700402181788778,16.042162135575957,16.750646512024584,45
4587,129.0,9.709356703312398,2.7206767600592006,16.042563778142636,14.609859655664893,45
4588,99.0,9.113863379639623,3.9157257505248078,16.04479294369881,18.256873150624806,45
4589,135.0,4.914979413969953,3.908750376599391,16.044991130520255,5.0,45
4590,189.0,7.575952619051361,6.011304291591861,16.0469563045672,14.051746138288712,45
4591,86.0,2.381163588320847,5.522294890596388,16.04892166367062,5.0529077717144775,45
4592,167.0,5.173745469377714,2.7357021347957255,16.052911939480666,6.52625170768526,45
4593,20.0,6.588560580847713,4.559275256834502,16.054936034766747,10.186818425683482,45
4594,160.0,1.0565040186157215,0.4328971655363212,16.057624398488716,9.473227613423395,45
4595,100.0,3.1939866239471595,4.075372313969411,16.06306468301092,20.0,45
4596,40.0,1.922592721778068,5.16309522454816,16.065103537969375,6.872497229577631,45
4597,173.0,0.2973873766590063,9.199292055569382,16.067327713928904,5.730587778262717,45
4598,154.0,9.962003946183561,3.4410731170014195,16.067876289162633,9.47393497215894,45
4599,122.0,6.149734858335937,4.463727727090822,16.06798891701254,15.447627497426852,45
4600,129.0,0.7889133019523986,3.629960518116312,16.069274006430533,15.7239684247454,45
4601,109.0,0.6669575262196847,4.9155338321887445,16.0744359671933,11.734035914345796,45
4602,52.0,3.893501335812087,9.485880270367147,16.07853972141511,13.313660569075642,45
4603,11.0,6.345825629705679,0.16311630411703137,16.08206118184579,20.0,45
4604,127.0,3.2059319529704586,7.887265712201369,16.082357730792985,5.0,45
4605,152.0,0.6583306537978628,6.644182523203077,16.08596423773837,14.392915097796857,45
4606,171.0,1.0722964389414025,8.66954413814886,16.086302656217576,8.82654357481615,45
4607,147.0,7.211416729362099,6.134089623407624,16.0863388356557,14.394953876238139,45
4608,73.0,3.4792923277679644,7.951299591782732,16.08788979017143,5.211845860839643,45
4609,99.0,2.994050750179996,2.643111679899963,16.0884044126697,20.0,45
4610,7.0,4.674536847281454,4.058553631580058,16.09052917987948,14.475027701701737,45
4611,152.0,2.8521464355701642,0.11586888676363039,16.091991031658214,12.303378405399279,45
4612,199.0,0.04209132090720269,1.799664625797347,16.092797078059206,9.673300289711811,45
4613,167.0,5.317953820667521,0.4133885600151965,16.094201717649774,9.53986821090384,45
4614,103.0,4.111901999271678,9.76378385777185,16.09443352068542,13.577320352070576,45
4615,29.0,8.043763650767884,3.0279281729088114,16.09688476381853,7.782038576758636,45
4616,100.0,0.9932300436120933,8.933490549623645,16.098060550585544,17.94468404386878,45
4617,162.0,6.555801567078649,7.108078841448556,16.09849810045067,13.306391078731833,45
4618,120.0,2.365191130391806,4.332114286081453,16.10662306209095,16.4027133206251,45
4619,60.0,6.287170601309976,5.319558950926423,16.106749204795275,11.244225810234887,45
4620,97.0,6.415618107895753,7.31829277679064,16.10857952111226,19.110116056424275,45
4621,135.0,2.1383812906371444,9.250297083832898,16.10962495505919,5.0,45
4622,37.0,6.486060987315935,7.441817664149576,16.109731911485998,12.25741317302857,45
4623,23.0,9.05950365087117,9.645719609910026,16.11522266589535,20.0,45
4624,108.0,3.197477017632683,5.737815914367328,16.117700831365887,8.23992659417686,45
4625,61.0,6.03429127687547,0.36817272144727964,16.118281271740223,20.0,45
4626,16.0,3.077016825069958,8.261485371419644,16.11998637471126,5.676150712964774,45
4627,160.0,5.074238913109669,4.880899973497285,16.123093854401077,9.121901972779511,45
4628,51.0,4.0352559351514365,2.7304238050349996,16.12618112066378,5.928298388652405,45
4629,183.0,0.5834889908192775,0.6385425785763199,16.12671935300273,17.26663743909043,45
4630,197.0,9.659783810683514,9.400747669662612,16.12683699538344,17.19731792211786,45
4631,189.0,1.4004381693154433,6.680167446854485,16.127702182348703,10.138333951641467,45
4632,49.0,3.1576062344414635,0.680079922112351,16.128559443340375,12.596707268610825,45
4633,177.0,4.306096058596256,6.17384281057439,16.131677495974454,15.33625058809982,45
4634,49.0,3.872304067489485,5.938712736505871,16.13210602819135,18.052758193211247,45
4635,78.0,8.845406406048937,2.7555234040064427,16.132348783704344,9.058982121637353,45
4636,145.0,7.371625735789113,0.07408351189298501,16.132738522805447,10.049228643562905,45
4637,195.0,6.472516223630627,4.016295261820936,16.13803626865367,10.02778466179399,45
4638,75.0,3.3506886995984955,1.825548983026396,16.13908732775859,7.223897994572351,45
4639,155.0,9.158676246130739,0.42467256344883575,16.13995836829548,5.45979245524341,45
4640,85.0,4.686665785158302,1.3687327963620821,16.141168066906857,10.497340261789514,45
4641,133.0,7.688724156796503,9.36359145250717,16.14142659265672,8.786492930273512,45
4642,53.0,9.899490844298063,8.585996199111177,16.14172764256644,15.142444502548742,45
4643,18.0,6.481112452580428,5.976349208904361,16.14292139092504,17.864841255050756,45
4644,198.0,3.7205272471939987,7.996853021356108,16.144379424297878,11.874559130122924,45
4645,170.0,1.9311286485524892,5.656126470492884,16.1473927586334,14.710662511954236,45
4646,176.0,7.6398571959040975,4.126423648517181,16.147604330985597,18.496882631821478,45
4647,105.0,3.9387277624684636,8.93974333078522,16.153046710373186,12.437244107628786,45
4648,138.0,5.241419333333301,1.0774247768579726,16.15912605484531,5.092869013985797,45
4649,147.0,4.516874191001197,8.074096792272604,16.159280915817444,15.622321301285208,45
4650,102.0,3.0079626024023067,2.5734873528237046,16.160064484316898,11.311200821997998,45
4651,174.0,3.6139141814179974,5.617264004546571,16.1610752037817,12.301358037052736,45
4652,153.0,4.872718470281406,8.082714041656502,16.162928825529555,10.010771721215256,45
4653,64.0,0.5822323228980908,8.759704452966332,16.16444638747067,19.855035981777803,45
4654,85.0,1.9041233932829227,5.314553048765207,16.170980271056905,10.920869814741861,45
4655,38.0,6.210908030828008,8.372611135516799,16.174323238986887,16.306096334344076,45
4656,135.0,8.06412169497446,2.2572317579911285,16.17603428862193,11.214759528402968,45
4657,107.0,9.446130571801225,5.460496809233409,16.17861694519577,5.0,45
4658,97.0,2.7916383710218815,8.36912675435277,16.17985456415076,20.0,45
4659,28.0,3.1561220054997596,3.303300152409286,16.182613555255514,14.053789829995802,45
4660,117.0,7.118800082161346,0.1123382728231126,16.18366225593252,5.0,45
4661,116.0,4.621435233478569,2.796466164754751,16.183796030696254,6.992139361626987,45
4662,124.0,7.415888805844942,6.792673235419533,16.18974918046316,11.3943497136083,45
4663,22.0,9.295009032476667,4.495464652664614,16.196395822582442,11.986997716129993,45
4664,11.0,8.699286201562188,3.3747301670143637,16.199266756422393,19.54286061990405,45
4665,131.0,5.755492262040175,7.41991100121695,16.204310346625718,12.178031501239335,45
4666,5.0,9.895301760313956,5.0026991027320005,16.204626607035514,10.09256712758329,45
4667,165.0,5.6205241394936,1.1025116587099137,16.20744121321512,17.29166616201308,45
4668,109.0,5.445483845537934,7.994443873978891,16.20811847031056,13.697913701138685,45
4669,27.0,1.7392871743369587,4.308950857238106,16.208166248356907,15.96015428328527,45
4670,7.0,2.8070114869312746,4.68467583536429,16.212771343818424,15.002014516824438,45
4671,17.0,8.14821495228451,8.573245509696285,16.215838171515806,15.835011573370625,45
4672,135.0,1.1757102341767112,4.061792114011514,16.21622284567397,6.586767565559748,45
4673,39.0,5.25642089160788,9.134450311218549,16.2179961884287,5.599913173901436,45
4674,56.0,0.8443951938395544,5.260218396302854,16.221228177565592,17.263839671680508,45
4675,41.0,6.483847363683708,9.541288220040474,16.22443814947145,20.0,45
4676,66.0,9.151199924211069,9.653598616735032,16.225699745012243,10.997773893078888,45
4677,175.0,8.329458238170131,1.6796491284489024,16.228855123043406,12.42430499688964,45
4678,126.0,2.743671728491832,0.7224011513012663,16.229286204419626,7.467543252989769,45
4679,191.0,6.915358703863874,8.127845916799409,16.23048369524152,19.565387517654955,45
4680,3.0,9.676798013248835,2.6522079354973647,16.23377333067458,11.022694670168136,45
4681,131.0,4.723194184081119,1.0074609230946763,16.23413400777889,12.56475203939552,45
4682,196.0,8.339598381920375,2.716321587279311,16.23622037380452,7.593195329414994,45
4683,9.0,8.761851826047934,4.8729804175859766,16.23645115473381,5.0,45
4684,142.0,1.1714023512417748,0.10274976968252858,16.237700298635296,16.02321433013608,45
4685,75.0,6.0844062913128125,7.247087233940407,16.24250888747578,9.204653573307855,45
4686,113.0,0.40088550993412353,2.4097728301399957,16.24719780163577,7.683021650702348,45
4687,188.0,8.998850417493976,1.4914747423848118,16.251340719299723,13.896506779095034,45
4688,127.0,0.15364009594234118,4.384098722199134,16.253386531213025,7.256195996537811,45
4689,40.0,9.131561497329054,9.396734767491687,16.25408469896245,6.058311741309031,45
4690,182.0,6.281086865684743,9.480593487627273,16.254956679549714,10.14685246143198,45
4691,181.0,9.305413843371586,5.663053501209313,16.25560800896283,15.330361520379174,45
4692,119.0,0.03543615326776495,5.421422505113185,16.25700373730411,14.137640398664457,45
4693,163.0,5.441880004449542,0.02808935384187583,16.258611806931604,15.451211714514526,45
4694,169.0,5.311209005976835,8.960772037336875,16.260918709490973,13.35514033250163,45
4695,189.0,4.946987962032287,3.5641457170448376,16.261783876616327,7.246858176740293,45
4696,120.0,0.5061531655964691,1.1702258662845955,16.261878699399425,16.78735567728558,45
4697,63.0,4.793194789591736,5.2917576265892095,16.262223333943417,17.076472277319642,45
4698,31.0,3.2396813863732854,1.8312640146730108,16.26321956877492,8.743798486877454,45
4699,124.0,7.182416048066544,0.2620125387162997,16.26331621790587,10.081386355583195,45
4700,50.0,6.560832464793487,8.009606874579196,16.26532656468453,7.693945227924743,45
4701,143.0,8.989130877859347,9.00260990069113,16.269772486193418,18.86084596904811,45
4702,181.0,1.36849719972707,3.3191101338636377,16.27047660078464,20.0,45
4703,166.0,5.795556172266294,5.926643524353822,16.27251344881121,16.68653436481804,45
4704,89.0,5.954600787332895,0.05900276590760534,16.275499330818725,13.845578768707096,45
4705,45.0,6.536937115061975,7.940842069610543,16.280424686441933,9.594756168427274,45
4706,176.0,8.897484387469836,5.048060105367397,16.282499126284982,16.203302778741463,45
4707,36.0,3.86269794186088,2.9408035739897374,16.282784531413316,8.604121404866264,45
4708,9.0,6.0667104072762355,6.748161840995543,16.28501172302236,5.0,45
4709,119.0,7.810925567343566,9.15634878645687,16.2851019586342,13.528791615169453,45
4710,46.0,4.50107616251954,0.7104245649316221,16.286600993313474,19.10717623205999,45
4711,75.0,3.7887251549620347,4.765576241734105,16.288054909411436,5.0,45
4712,39.0,8.01602260373514,3.665373560566775,16.29687671488219,6.455383669411101,45
4713,73.0,6.434649220708218,1.8986428685465406,16.297047263512447,7.190478191260796,45
4714,74.0,9.014435983120674,8.054883662532765,16.297624450817302,17.288818847520698,45
4715,155.0,8.944377979908744,3.9690766659733088,16.300766442288346,8.429737540220994,45
4716,133.0,3.51282922998101,7.184293643337099,16.302357758631135,7.523681058913385,45
4717,106.0,8.486864636835502,8.852088539291213,16.304305221683244,9.352539991988909,45
4718,140.0,8.477075569881865,0.35761760681777943,16.307372427825918,6.625909262927456,45
4719,26.0,6.428561622132025,1.6267586062838246,16.314103848035096,17.0601771095032,45
4720,101.0,6.85634283884137,6.931238648475063,16.318619954770753,17.449217305710864,45
4721,111.0,4.289790615002013,5.031122347187528,16.318666682414225,11.85857103233656,45
4722,72.0,6.476953676353237,9.707750973333988,16.319485567227517,6.1249937910165055,45
4723,166.0,7.81257596892743,3.2894698290463142,16.320945949659276,15.795398675107958,45
4724,178.0,3.1172255606236887,3.5156495030497514,16.325317904243615,12.818304001953694,45
4725,87.0,3.577912131397799,3.2182611235217884,16.328531957176764,16.52346966186143,45
4726,46.0,0.47871585929404215,6.626910630244655,16.328827446040698,17.616087433753464,45
4727,111.0,2.8216028935244317,8.543009809723642,16.33024210353051,6.091907133929185,45
4728,86.0,3.1768864166621755,1.3811058826195866,16.33076378799304,6.786581170712931,45
4729,34.0,6.820843185755495,7.694096635386289,16.33246350583567,15.480425116553747,45
4730,123.0,8.967496381529621,3.6107560609583644,16.335615911186334,11.454396762418416,45
4731,193.0,4.511884120574608,7.5011042290898144,16.336207708975323,14.591807937154455,45
4732,22.0,7.700649196417539,2.694682902527913,16.3365631233672,11.05503394393763,45
4733,39.0,1.2534137845374027,7.947354701076591,16.336816971184945,5.101247733923747,45
4734,136.0,9.954747276474915,3.823314366156124,16.33777456954437,14.416924592360026,45
4735,21.0,3.2529868443220478,5.301932294743486,16.3400405477443,9.711102692773878,45
4736,15.0,7.127980885465252,7.730291207749918,16.343088113173984,7.136317746638542,45
4737,90.0,4.2199980997396525,0.5555906257694521,16.348542465292752,12.758669936837867,45
4738,58.0,1.9528540793292226,4.68488910309712,16.349301138266302,5.4440014473793115,45
4739,84.0,3.3754763187755197,6.622443977647576,16.35469752820822,5.0,45
4740,49.0,0.4621952496556092,2.4232255251362678,16.358927302731388,15.822379895631927,45
4741,87.0,1.8497276777449267,0.6026616551925057,16.360280862391313,16.25994836484535,45
4742,85.0,1.2783092459837109,5.2525413803731125,16.361245325072694,10.593332756098443,45
4743,127.0,8.100248851886407,7.990634250738623,16.364252724739075,7.441885969444,45
4744,175.0,9.853009469574264,9.473568575700185,16.36627709637873,8.622697121532743,45
4745,119.0,2.3365569755656757,9.865271705008027,16.373466547570885,13.589283421617715,45
4746,144.0,6.411615556689395,8.434273653698956,16.374412561835154,18.75357371382428,45
4747,108.0,1.950548650485251,5.552692510512848,16.3763299803432,8.82756216481261,45
4748,104.0,8.579750271245736,6.696029602665675,16.378649969071347,11.413902766422996,45
4749,58.0,9.752513897466862,1.2172819123694734,16.38367190340343,6.781457539518316,45
4750,166.0,3.523760943168126,7.671259150592984,16.386235513943948,16.124141297233738,45
4751,125.0,8.801122324979529,8.29302606851927,16.38693986591559,15.23227937273521,45
4752,46.0,2.444512527018291,9.42541803790364,16.387561809798342,16.681585101543295,45
4753,60.0,5.596132346652518,5.012347320326649,16.388549650210066,10.038419606002407,45
4754,164.0,5.5330854595088175,8.580075853257553,16.38874474241582,17.875418051911694,45
4755,87.0,4.328435676189612,4.510534046549463,16.390395631467158,14.794935160520165,45
4756,57.0,2.3842135202343897,7.318306966873465,16.409439772304104,17.070224547001153,45
4757,68.0,1.7685066237519764,1.9823541055944205,16.419600080913327,17.920357900364948,45
4758,146.0,3.785851631071444,1.4581579125731814,16.424450471660734,13.47635931617416,45
4759,187.0,9.393842985210267,0.6272920024461293,16.42557939588345,18.02463708503676,45
4760,44.0,8.699666912730814,0.7167298856961257,16.426874708780563,19.61168187295995,45
4761,189.0,3.536906493748979,6.488030753959873,16.427377382491983,8.176667415797585,45
4762,137.0,0.9897233040076059,0.43771667385835045,16.430562146695742,14.106156602216407,45
4763,177.0,8.09679516148199,8.471930397041547,16.43100142221923,11.931706825430616,45
4764,136.0,0.4031668976892311,1.7015044698528692,16.434970220244026,15.01683045379773,45
4765,2.0,7.769479124429537,7.106925141468951,16.437025592116804,9.402315072672693,45
4766,144.0,8.266863516619242,9.289488818197384,16.438270260313324,17.057909589691533,45
4767,68.0,8.75334914799087,0.7731564614627529,16.4417235286769,17.17772761820395,45
4768,68.0,3.3252130318625985,2.1425029954278987,16.448085962118174,16.30994495528486,45
4769,69.0,3.984716555201313,9.322588739011502,16.449616774063664,19.535268128157988,45
4770,169.0,6.112100032911645,0.006941788555714368,16.45101550831079,15.326185615683393,45
4771,88.0,3.162587575732804,6.1656161180560245,16.452202261061206,16.89284463434637,45
4772,134.0,9.322163862731687,4.791329743769622,16.453748375552596,7.0042142990586465,45
4773,176.0,3.7829051973348005,4.809795291098213,16.4586426563333,17.29144222827066,45
4774,143.0,7.677759464986229,4.39304346338914,16.467406130095824,13.890674623011716,45
4775,175.0,4.438733046995419,1.0868913774349787,16.472105782128644,8.840935042070718,45
4776,155.0,0.2887218283865012,7.724691970697619,16.472383226136905,5.0,45
4777,124.0,9.140492701598564,9.477549260522014,16.474602622925495,9.628616926805023,45
4778,17.0,6.263424539821028,9.509004354839798,16.474907554744735,17.738555545442598,45
4779,89.0,1.0790015221989602,2.2762264957473266,16.47525682015991,11.52894193722417,45
4780,21.0,6.88234007286482,6.16881359767449,16.47576751140628,11.089033604414134,45
4781,102.0,1.260919501904877,8.546119897795117,16.479281603512085,13.38641764104557,45
4782,66.0,8.085274142448501,8.447495625301812,16.48007854167722,9.843303468552252,45
4783,30.0,6.602524418183088,1.2780800018322591,16.483530912068396,17.11339770862869,45
4784,179.0,5.886602732587778,9.69525266023907,16.486351013067228,16.009023229362853,45
4785,73.0,2.7511116309917383,0.7824233168936845,16.48920925883511,5.581238327271123,45
4786,190.0,2.559897484926612,2.62895844152136,16.490188613333167,17.13674883797781,45
4787,161.0,9.559332619360847,5.569719406791797,16.49390365844635,5.494555376049933,45
4788,53.0,0.6344696122562477,4.258598637597716,16.493938709207903,11.229029544899058,45
4789,100.0,1.5331968853738587,6.525370185796888,16.49485857320596,19.874740577907076,45
4790,120.0,5.66381346056672,3.1632512755054965,16.497409758112134,17.769654368130407,45
4791,22.0,1.4115910649747854,5.202600554285168,16.50032911641967,12.784736164107791,45
4792,38.0,2.7070468739549503,1.393763731941875,16.502439316637826,13.878479384554941,45
4793,192.0,8.773223351881068,5.074757750340738,16.509652041551874,7.0076281170677985,45
4794,2.0,1.2061337443925568,0.08339100004007838,16.51293663348992,7.4658072863205085,45
4795,62.0,3.8107125621620153,8.864050984115892,16.51629075156395,6.450780037434126,45
4796,118.0,0.8657357822274692,2.1430912499521626,16.517495521997983,15.961008492662517,45
4797,149.0,8.351702218951173,8.817307083541099,16.5187936694795,9.937671966479002,45
4798,60.0,1.9418731186873428,1.20089584747744,16.52043864692782,9.845862041272145,45
4799,51.0,2.239378831131642,4.020140838692242,16.5213438661793,5.0,45
4800,72.0,6.913650434911426,8.087611094468826,16.525637911819235,9.2216133970098,45
4801,28.0,9.60216085308996,6.702069653069417,16.52566873439485,10.604147138478968,45
4802,148.0,3.4924221614779194,6.69554390130933,16.526859609908605,7.897490254238574,45
4803,150.0,2.6319956307823213,6.679143120790632,16.52767733541961,11.318545464576747,45
4804,92.0,0.9612033808502796,6.84097399904855,16.530046319380325,12.526894431922488,45
4805,185.0,7.760178332610957,4.660046905691079,16.53019778772162,5.0,45
4806,160.0,7.680948846147487,4.052429220355944,16.530423295683512,11.389561123224707,45
4807,122.0,5.3039490644337,7.23970043303008,16.53514538452899,15.027292220092551,45
4808,48.0,9.274334173419957,9.948217000469205,16.537266723793465,20.0,45
4809,165.0,6.801139004348062,3.9115492286297115,16.537623739311723,20.0,45
4810,196.0,0.44596122976795716,0.3079744930794093,16.539787337200217,8.253141399840844,45
4811,152.0,6.945647026910096,0.9602166463416117,16.54457345461963,11.890671094705318,45
4812,55.0,3.9192356038352383,2.202402109137319,16.545884085938027,12.873551553240034,45
4813,122.0,6.5707265111881705,2.226239586847132,16.546901078299012,17.629563159337053,45
4814,126.0,4.602496084583505,1.6371854305115385,16.55002694221394,11.348086908206476,45
4815,2.0,7.231853037014804,3.529811712800992,16.554833517370604,11.924193651543364,45
4816,163.0,2.8764362068600913,0.13709707890285916,16.55605715159194,15.693563294746813,45
4817,43.0,8.060741742425071,6.670428420461705,16.56044646523475,17.248093532261596,45
4818,91.0,0.8635957863596477,9.036468776586894,16.562315691701514,14.249227571451577,45
4819,121.0,2.17737549019144,3.3814952894229258,16.562995513386657,10.508726068944355,45
4820,80.0,3.9093640970699504,6.542174271044078,16.563317003650823,17.009977729758,45
4821,121.0,4.34093535902449,9.365208159889201,16.568876872014705,8.635066310679106,45
4822,155.0,7.313573158180791,2.2951674531129695,16.572002680178628,8.689064651781056,45
4823,1.0,7.2040980699000965,9.127624876481702,16.572224714527703,10.5318041816562,45
4824,69.0,1.380921740482709,8.238535349121435,16.57984700471709,20.0,45
4825,121.0,5.117595601375713,3.5904124653420153,16.58183735315098,10.892565786853353,45
4826,133.0,7.6230469691868405,2.972201946313131,16.583597328235193,6.014088996671645,45
4827,60.0,5.9283698185619285,3.6366965838833054,16.58495998556101,7.307669389036816,45
4828,140.0,1.4361236143728617,3.927931809413694,16.58601664332253,8.583929998525374,45
4829,126.0,2.005226109132312,6.592625523366125,16.587695619833667,13.424038004054458,45
4830,66.0,3.850598149013412,3.1414263536691776,16.591869752838086,8.675123586391091,45
4831,158.0,1.6054396636260415,2.2455183524038844,16.592374617331224,19.83933322875206,45
4832,39.0,2.795637005509921,4.184625484747526,16.59587824574875,8.643705372688071,45
4833,199.0,2.5851697881299742,2.192715924308173,16.600464891983247,6.797506599034208,45
4834,174.0,8.183162917552258,2.37008825056352,16.60233263020826,14.872831375795503,45
4835,173.0,5.4687295990226925,1.5417078097173709,16.603189776956846,5.0,45
4836,156.0,9.420380276394676,0.7655288818171668,16.61320811696251,18.664021202066877,45
4837,65.0,4.427135096316914,5.0858182883642495,16.613368888535803,12.60941299673962,45
4838,48.0,7.02630583209661,9.50509204068366,16.614895817471414,17.97853586797497,45
4839,168.0,6.067669396678084,9.423050470837,16.615699614378734,15.155297235516969,45
4840,141.0,5.268952409228921,7.782647057060723,16.61635214574177,12.364283658880657,45
4841,136.0,0.4825294792292656,0.8966505353107745,16.61748418164243,15.121934636247572,45
4842,107.0,1.709050924086637,0.4559998366652229,16.617600216548382,6.468237533023618,45
4843,123.0,6.758153680433136,4.217353458921259,16.623236332725597,12.877532581571838,45
4844,52.0,8.548088656853123,3.144609396218975,16.626420955040444,17.539391483480244,45
4845,89.0,4.776543112691235,2.9615880211048395,16.633964273108795,5.772661750977565,45
4846,145.0,6.885988396616341,1.5455649462293075,16.63644224150274,15.7240936348787,45
4847,76.0,9.043063607580546,8.193904449770228,16.640113297770018,6.806871553641972,45
4848,31.0,6.73858852239764,6.325278525313204,16.641814554575994,6.219294440788962,45
4849,47.0,2.2654467318942717,4.329026701564155,16.645921832541866,8.902145692976681,45
4850,41.0,5.887638052004439,7.172938077504075,16.652280174596427,18.620876893801814,45
4851,154.0,6.153668164628777,2.2678546246468834,16.652915130076586,11.527717342487756,45
4852,126.0,3.590943204385595,9.131621714028071,16.656301034167296,9.430603853395912,45
4853,82.0,6.250118795117672,4.83506670334429,16.656468891444725,12.481677403987677,45
4854,11.0,6.937776717021659,3.7079131943101884,16.65696748201122,20.0,45
4855,65.0,3.7391403397710157,0.7960179377679433,16.65917973249212,9.550434901151382,45
4856,145.0,6.725599912944668,4.697202487048829,16.659636431492217,9.852954361903997,45
4857,41.0,5.61552999511568,3.473557124560651,16.660157817619968,19.735621637701556,45
4858,72.0,4.623856704923678,7.616227932166986,16.66375948871935,9.237322956164611,45
4859,38.0,8.215425954602283,7.295049784996159,16.66470614773955,17.096514422001167,45
4860,10.0,5.618942693636888,7.7897734843494515,16.665580070904074,10.305867304652862,45
4861,36.0,5.993514329292599,2.360703072672962,16.665924188732813,9.202178948645699,45
4862,20.0,9.413853777708665,1.941342399319208,16.665945089270323,11.148278860823932,45
4863,123.0,2.239837557807504,4.917597569834235,16.67441994540483,12.390838710799859,45
4864,81.0,1.6142895454191408,9.331351303632204,16.675936087084953,20.0,45
4865,102.0,9.132299883557977,8.399633675993396,16.676272128930336,9.656868282460758,45
4866,51.0,0.555819873032265,3.3197285703553647,16.678625661307734,6.536850975092779,45
4867,103.0,0.6681690722218459,7.4980999096562435,16.68188453058965,11.844980540972873,45
4868,78.0,5.909340143852236,3.561949920965337,16.683101228682478,5.907258737078592,45
4869,151.0,3.9542550643878362,8.0206933245506,16.68361040512538,13.227308144796313,45
4870,184.0,8.776750059915496,2.8072022492731854,16.684634498570233,5.0,45
4871,172.0,9.387196665134054,9.45136485687504,16.687726903771704,5.0,45
4872,115.0,0.9576889271224587,1.3216588012491437,16.689846730315864,12.696347111966496,45
4873,118.0,2.5939811098426846,9.002769018957329,16.6900597167377,17.354708125079334,45
4874,8.0,4.182316293846476,1.7661435638991585,16.69375870613284,13.230389358545375,45
4875,168.0,6.242878605077124,9.194180068275628,16.69384230315042,13.812566332853127,45
4876,132.0,4.8142479110201295,1.3027172118950092,16.694631116503437,15.186698893988623,45
4877,0.0,8.856528947594306,5.071984984450041,16.696312205497367,6.376764636553663,45
4878,187.0,4.595557331006339,0.9738623289432424,16.6984834948025,15.82116433318191,45
4879,106.0,0.15641173516239837,6.761775183937343,16.700705395944084,8.699871798527566,45
4880,108.0,0.747159102273316,3.4703044088197332,16.700952070998376,10.51285821231677,45
4881,29.0,2.462217984046444,4.369177513445669,16.701390408159867,9.344021083821403,45
4882,0.0,4.496863570491346,4.472180625891919,16.704363567763178,5.0,45
4883,118.0,6.4800649346249255,4.684957368580682,16.704483935153156,15.308680797410094,45
4884,43.0,2.822903524028233,5.703188771920361,16.70597393694227,17.041050727648695,45
4885,97.0,6.566920369974609,7.954456235913082,16.70598781065781,20.0,45
4886,81.0,5.096179338129021,1.5736598206170072,16.713278938034772,19.3048277299303,45
4887,19.0,6.748831565545016,2.9253258094373447,16.715379308254406,12.150624189213202,45
4888,15.0,7.967039290844493,2.5878984126215467,16.717897466593477,7.132436612291178,45
4889,34.0,6.889794245893331,9.747820701734982,16.718131747705954,16.020415095623694,45
4890,23.0,4.7219638688882695,4.527904546142578,16.72277344237915,14.757076610982377,45
4891,108.0,8.591227553456193,8.255477440253394,16.723370461346935,8.097449281442076,45
4892,182.0,1.3692722881153496,6.750756351168009,16.723398947589104,13.25417143462481,45
4893,172.0,1.2178577576981464,2.3257024507893274,16.72400349683731,5.889282261402932,45
4894,57.0,3.048672924017267,7.682504657985003,16.72462785023324,19.140395986452365,45
4895,196.0,2.432149421614598,7.798812944685589,16.730850480837077,5.532367315401267,45
4896,197.0,9.335347299059316,9.781879674338683,16.731126952531135,18.082015767947084,45
4897,149.0,8.120811131217028,5.186064301279183,16.73504584953401,8.379335769962239,45
4898,113.0,5.389349897665965,2.0516366866225932,16.735768243946268,13.895318522494296,45
4899,68.0,4.267449412975494,7.890483663779525,16.738100237541097,15.2294853148866,45
4900,56.0,8.790250389368847,0.3476589952715303,16.73843083721604,18.878734449438788,45
4901,95.0,3.0760669659944995,2.6247498874634556,16.73858887363454,5.0,45
4902,51.0,5.840536606751801,3.6655591103986995,16.739012331602897,7.234838670139739,45
4903,137.0,3.814171167982614,0.6601681606626042,16.741217786898417,19.272722724381445,45
4904,31.0,6.759873939582062,8.530883507380905,16.74417585451629,8.01462981207137,45
4905,192.0,6.999954827183268,8.81843063054802,16.749704025398227,10.148463443996196,45
4906,123.0,1.8142083233570705,2.2692052636828732,16.75183482556304,14.229548244903008,45
4907,27.0,3.315477170153205,7.163503304053441,16.753787437813507,16.892927804646355,45
4908,168.0,1.562466828881267,7.250824854930812,16.758396280548958,14.484042020263889,45
4909,115.0,1.9881214653295043,3.563893932541987,16.76243843477888,9.079161143714943,45
4910,49.0,2.0637073729591062,8.274027247217928,16.76283207400427,14.302072898678288,45
4911,88.0,3.419464268291038,4.713796287278779,16.76371276786825,17.83762542636623,45
4912,58.0,1.161059090769796,3.749956119618317,16.76456097268912,6.135194101765725,45
4913,10.0,4.245649646673527,6.414461478322556,16.76564069333973,10.751944740119656,45
4914,61.0,0.5340192121671372,7.3882622423781115,16.765873362832362,19.147585701178055,45
4915,85.0,0.5342665624479859,2.7874893915616097,16.768680080125456,8.332376985691557,45
4916,89.0,7.3625034164345236,1.330692818300303,16.773293088146588,10.432806670161066,45
4917,3.0,4.742714989277978,9.290049453730386,16.783254485766797,13.643021936547541,45
4918,188.0,5.49512667789216,4.428444218962831,16.786282364578867,12.747494557521058,45
4919,161.0,7.777403819938509,0.5793968519521586,16.788461702928334,7.435966721921114,45
4920,71.0,6.5998301658397995,5.738963195250877,16.788904312850818,12.244589628603253,45
4921,102.0,7.8404977991889435,1.7853916183849006,16.790140634350834,5.859561327779195,45
4922,12.0,1.12493082810464,9.941818107178399,16.79067707250919,16.25765259158573,45
4923,79.0,6.744809230266529,1.7008975134011417,16.79134136270408,14.719229978909016,45
4924,183.0,6.89442550341414,4.515698872429597,16.792570875090213,16.663609515513883,45
4925,4.0,2.788984119033826,1.5812626936165153,16.7945801890314,18.016614304652123,45
4926,45.0,2.9413435570255784,9.517279110556325,16.795425629500173,7.029393529703034,45
4927,134.0,9.540229614500529,2.941671403331172,16.799216163402292,7.682219818653768,45
4928,192.0,9.974290643408748,7.97671809497841,16.80117476622851,10.531522776392052,45
4929,8.0,6.149171963033176,6.277040993262323,16.802790820381812,10.431989892752107,45
4930,35.0,8.93080325069653,0.74548133242472,16.804959646882374,7.936721050491772,45
4931,78.0,8.029078830916946,9.811828874199307,16.807328456774286,7.521055040535909,45
4932,157.0,5.951154862586242,9.583285362176072,16.807715570099035,9.725254511450846,45
4933,179.0,5.983873499909716,7.207478866062935,16.80889522364224,13.000672482154112,45
4934,30.0,1.1810868832888322,6.279531144750089,16.814983431938852,14.505106656070428,45
4935,160.0,6.627911215994915,0.10944361314822681,16.817398549198806,12.447146584662342,45
4936,5.0,5.098548183359402,3.084930768253277,16.8192622516004,10.079791442177598,45
4937,190.0,5.517825483693102,1.777662522056952,16.822627067255347,18.49686497126053,45
4938,113.0,1.6803880918201874,8.890266387284333,16.826430444174157,12.602694604248416,45
4939,76.0,3.196981694668196,2.752180231968241,16.832129908595665,7.624604139055588,45
4940,30.0,8.280158862261121,1.7280823448560156,16.834791010930015,17.57012528790758,45
4941,74.0,5.510747079043932,1.5941333650085454,16.834995493397113,20.0,45
4942,6.0,9.605515610466894,4.21407356656028,16.837905727985607,13.658330205986445,45
4943,115.0,1.7730524582110752,4.078794048602129,16.846805071089435,13.965447347662305,45
4944,144.0,0.39754438139901427,7.248496814138009,16.84914741701776,17.993513065431195,45
4945,199.0,6.551943239238213,8.49152660246981,16.850854022129973,7.2727547002777735,45
4946,80.0,4.96650591834843,9.933485226745459,16.85173182997839,20.0,45
4947,188.0,2.1303563399009553,8.326322229183855,16.85210042769604,16.119059467009087,45
4948,114.0,2.103839433431851,6.060742648134653,16.85297431435486,9.09210058624069,45
4949,47.0,3.4584419675811704,2.0161615436012847,16.85472418285579,7.063978099888689,45
4950,37.0,9.81741969715447,1.1604653297711054,16.855692809512817,10.685368712755212,45
4951,173.0,9.988238112132406,3.910149639426913,16.855821229433527,5.391490319873663,45
4952,122.0,5.254046176912483,8.971397928773193,16.857263817784208,18.626028480162468,45
4953,199.0,1.8502902485707684,8.555007409983462,16.860840490863616,5.0,45
4954,149.0,4.175325114778325,7.373833274759604,16.862159197435837,12.32728898454054,45
4955,131.0,8.48399397502638,6.646082503659578,16.867213466373382,13.809185123963506,45
4956,10.0,2.3338204637711857,4.793103928150453,16.86723222810133,9.67580372628467,45
4957,160.0,8.173990490178854,4.004354826760847,16.868254144331495,8.381747978160755,45
4958,51.0,2.504698132069927,2.1239836681217836,16.873126395461043,5.985301838252864,45
4959,180.0,5.667463474468331,7.066088822241175,16.881181904267933,9.845500842472884,45
4960,44.0,0.2330167122277016,3.854841807630268,16.886630408510708,20.0,45
4961,123.0,9.452227690121287,5.406771412477864,16.88697170735515,14.608350784218441,45
4962,173.0,5.656012996559333,3.57827825526843,16.89324107046647,9.199418528590698,45
4963,87.0,1.7069980545112995,0.6867907290784758,16.89480284392057,17.67048200552941,45
4964,146.0,5.573755928763429,2.918735405623888,16.897157697816475,14.069265222709738,45
4965,197.0,9.282075631059326,9.343663229817036,16.897662698467368,18.60639713993665,45
4966,81.0,5.303487719562961,0.12253482960895679,16.898927058485274,18.996110621057834,45
4967,162.0,7.729566723522448,6.49335427758123,16.899444470094863,14.036209378561548,45
4968,47.0,9.506384961859668,6.676244613727844,16.90073870579642,5.0,45
4969,156.0,2.778134839836728,0.3498806508071095,16.900919373909964,16.254842469950663,45
4970,193.0,9.746094408286368,5.610703209655656,16.90160865284389,12.449140555489691,45
4971,144.0,0.31326424360053173,8.920065454614013,16.903028903016747,15.624000209643091,45
4972,103.0,6.541320694824414,2.014817166277514,16.903355138256998,10.050439482989983,45
4973,161.0,9.252027440280624,3.734626557914974,16.90942253067294,7.651251951597974,45
4974,160.0,7.841030011464557,8.914774090720952,16.910929100423644,12.146536135122277,45
4975,178.0,4.4781927508636965,4.463639079012585,16.91465660862128,12.900479320197515,45
4976,44.0,0.5001870083667148,9.369781052107985,16.91536711940433,20.0,45
4977,10.0,7.6397379462243045,6.805712306998642,16.922599299723352,9.741757049777993,45
4978,187.0,9.973994006167645,3.0057448109186424,16.923607725620453,20.0,45
4979,169.0,5.117247049985317,6.188124919542187,16.923839192540505,14.39421480239616,45
4980,131.0,9.743841547967506,7.327987789501219,16.925546694249565,13.518829619693328,45
4981,155.0,4.993316283558479,8.235382080304637,16.925565406261377,5.382443777329934,45
4982,72.0,8.611411665777489,8.650453541185852,16.93985678371001,5.126230108142602,45
4983,145.0,4.649956828768768,8.226146366911571,16.940052826926806,16.517537865666252,45
4984,33.0,8.55234217493191,4.946378599704953,16.942158235418937,5.0,45
4985,48.0,4.254395060107285,2.0950831858953167,16.94434094461176,19.464133850627984,45
4986,131.0,9.7393122673762,7.920474654495844,16.949535001066124,12.725459041254469,45
4987,134.0,2.9088373923896462,0.8022043531638945,16.950103064496666,8.60533493819057,45
4988,9.0,5.856080205370945,2.1211713909193053,16.951969680043774,7.419547038139893,45
4989,59.0,9.580093214805602,7.406017489584514,16.952556728175384,13.549183611137787,45
4990,180.0,4.581855287065817,0.2698338365163211,16.953232201118695,14.797416891811666,45
4991,199.0,5.504873806392211,1.5803650252481594,16.954742954228344,6.2016179453114235,45
4992,74.0,9.843164085848926,0.036929871012066906,16.955429166737638,17.08666070231859,45
4993,5.0,5.241238498885746,3.3263562553531036,16.95567346640824,8.734339077539925,45
4994,37.0,6.875793126323067,1.3051885746507552,16.957573128698968,10.826633664464651,45
4995,14.0,6.276596466245299,9.414904308480029,16.96077344781267,17.072976614362165,45
4996,81.0,1.8216608423243796,4.840507597171934,16.963986283094908,16.824999839124118,45
4997,22.0,4.756415572962799,3.34658524223597,16.965700080600094,14.139214091028496,45
4998,113.0,9.095299689360541,3.148765782309865,16.971184639153574,9.15595096901723,45
4999,17.0,6.196257858927499,5.62984995992173,16.978365691325326,15.073315030440469,45
5000,152.0,1.316944058870061,0.5171162736109081,16.981293063010572,14.963625662867642,45
5001,40.0,6.6539389298307805,5.478135063785179,16.981430021481906,7.298593199770371,45
5002,74.0,4.423002414803126,0.669322863831544,16.982383198056496,20.0,45
5003,182.0,6.091549145884159,7.015824208841358,16.98616883373568,7.888713059865955,45
5004,43.0,7.489175202765641,1.5366636672281764,16.986198761111076,16.854430040428294,45
5005,39.0,6.275116489447843,9.804007286875784,16.988746100902038,5.9877675110217154,45
5006,34.0,8.307082212769568,3.280098749024863,16.9907238238705,12.1609138632044,45
5007,86.0,1.2682328497574546,6.637674935119709,16.992223024848464,5.923400469079331,45
5008,181.0,6.332976406184917,5.086698980929098,16.992233758654994,20.0,45
5009,9.0,3.247986070941764,4.479856290105973,16.992686087406987,6.783501623443164,45
5010,166.0,7.952214988989144,0.5012228291706033,16.995435392374244,16.145617786856782,45
5011,32.0,4.763388247760757,9.148218262530923,16.997329472623807,19.92172316582023,45
5012,173.0,7.359299907868354,5.288674881796421,17.00106418219602,9.878205222209676,45
5013,60.0,9.86833698269231,2.8121959931021756,17.00242857121085,9.3048920949771,45
5014,78.0,6.101555896352644,5.2312029419884905,17.003209281325145,6.721926633199891,45
5015,114.0,4.3834475436575495,3.7260794912590933,17.003615779058002,5.0,45
5016,178.0,8.324640972876539,6.322107934367826,17.005700914209612,9.85876574664709,45
5017,50.0,7.016175000827763,8.994504690301149,17.0061078081661,11.633462602779534,45
5018,65.0,0.34589537063794196,3.81270658267257,17.00667788046458,18.60517616299543,45
5019,181.0,4.214436249546587,5.686432091443747,17.007118470372895,17.215016736329314,45
5020,122.0,5.459709187588837,3.163630337149902,17.01050969439078,14.037267267565277,45
5021,170.0,7.136342123503726,5.815044788750149,17.011218424774015,11.266519578512769,45
5022,92.0,3.5356177260529966,6.6624371555632,17.011935699366454,10.249544465635115,45
5023,121.0,0.39112013818597746,1.9565309990488744,17.012975498601378,9.505781779050032,45
5024,12.0,4.993133382968047,5.530439676251472,17.01331497675652,20.0,45
5025,81.0,1.8855971253790316,3.653856287669277,17.014917673018086,18.32369313507839,45
5026,147.0,5.56678519625115,1.6388407215584788,17.01542021972665,11.663357680440804,45
5027,118.0,9.288180483287219,7.4322137258503815,17.016017081989897,19.709096115430622,45
5028,9.0,7.646540134633554,4.865042728662444,17.017350772767422,6.232564013496124,45
5029,64.0,5.321357322342294,1.349471511130188,17.018222896733477,19.046766542102812,45
5030,64.0,1.0531889064984357,3.4786376978182334,17.020941306474437,15.928617838904417,45
5031,188.0,8.842873617776824,9.539796041816507,17.024368517065973,12.816390965532873,45
5032,190.0,8.042159327204306,9.56960866359293,17.032585700949124,19.45707595741478,45
5033,20.0,6.565864228867218,1.7424078418516764,17.036051479775455,14.078002954048433,45
5034,157.0,6.740282646394133,6.5328698007528665,17.040977427608116,5.306160951595286,45
5035,127.0,2.388284549093096,5.566630351737095,17.044740492413812,10.98113829698287,45
5036,69.0,8.875375179937233,3.060866626622303,17.04559361901041,17.05399762869008,45
5037,26.0,2.8637704020974617,8.09088950259691,17.048671989273416,20.0,45
5038,122.0,7.142211706120548,4.676658409821723,17.05250835942237,13.80172162931599,45
5039,121.0,9.595116774169103,6.483853537826265,17.052546357471,8.998922514905878,45
5040,17.0,5.447763078255985,3.6025647704304053,17.056657190161786,19.058337459084466,45
5041,196.0,5.399834549454068,3.7877411161791508,17.05670053708095,13.234400953004005,45
5042,78.0,9.320899127098418,4.175411838304244,17.05829423682571,5.670920919133289,45
5043,26.0,6.171938571917664,8.473858214424837,17.059706617969923,17.925151658558477,45
5044,59.0,5.46904970873308,2.9079510898186154,17.06038827061188,12.58440594853545,45
5045,103.0,8.987466204921969,6.672718993531391,17.062059221907866,8.419906611594074,45
5046,88.0,3.181068064158763,2.4259394053333128,17.062621774848168,17.73546257257991,45
5047,10.0,6.491272371372258,9.536354932363338,17.063352962988183,10.232307081327988,45
5048,48.0,2.205421781895386,6.784056801579683,17.066049632101976,17.699776342602284,45
5049,132.0,5.50414087371273,0.7470980594293297,17.069963348589077,11.099281928077346,45
5050,90.0,1.8651099590856213,9.569829005282903,17.071047587979066,11.498098733062129,45
5051,114.0,8.567586991614494,5.907839253217934,17.075841941818574,7.809923141092456,45
5052,56.0,1.5326143831443062,4.459625852927324,17.076367296125326,20.0,45
5053,106.0,3.5822275925375866,0.42591969484754744,17.076545587167775,8.361591114694944,45
5054,134.0,6.357745531108542,4.970912452994451,17.077065013471902,7.136217136254884,45
5055,134.0,5.327037214920525,0.38279046826051877,17.079374593621704,5.677675289577602,45
5056,66.0,7.38609701068762,0.2674601553554923,17.081629080454626,10.015495257452866,45
5057,191.0,7.586809663987905,2.1509673667359563,17.083426515437917,18.673873055595074,45
5058,95.0,8.359870846897019,9.906617083586978,17.084844707846877,8.165830670281757,45
5059,48.0,0.9446777906975468,8.249885515593165,17.085360259143712,17.772252617602195,45
5060,31.0,9.73065061032681,8.806324822894233,17.086133925247665,9.674077951420387,45
5061,5.0,5.247960346509216,1.4560612881076818,17.087626789535648,9.443562957484042,45
5062,197.0,3.6715031265860953,8.48386363422485,17.09103355662846,14.478101308439149,45
5063,80.0,5.914001110406538,7.984701094378824,17.097890239545386,20.0,45
5064,95.0,6.647451562547616,4.01202078348981,17.103297189623774,11.5144874470191,45
5065,149.0,9.749586973623254,2.0895744014307995,17.104236004505587,11.03624983546091,45
5066,171.0,1.5645431795312237,1.2311425121332797,17.10847110300805,9.525818471073988,45
5067,50.0,2.063670016389776,7.9108120904473,17.109318224908915,8.85235819015499,45
5068,184.0,4.855968179567692,1.6087427405049182,17.11122173506684,7.313598980565427,45
5069,153.0,9.258086430089058,0.36484301543690867,17.111389739177756,9.608451406930548,45
5070,146.0,5.242144580716239,4.5202324751568,17.113598425438873,16.686072193545698,45
5071,171.0,0.4065319508463805,9.75242382416338,17.118988184831508,12.231701963046964,45
5072,80.0,5.307772030827502,0.6785778951771682,17.122910035587275,18.387704328284947,45
5073,7.0,5.085996135422003,1.6592063543050417,17.124852954236996,16.91086142956585,45
5074,193.0,1.9907146656826913,8.43038389764221,17.125009028886154,13.108388817473909,45
5075,32.0,4.896746770185735,0.1918949452981289,17.130410926811855,20.0,45
5076,178.0,7.413906287144535,3.156571051090822,17.13127372719223,13.76323321285476,45
5077,42.0,1.3829209719592062,9.972777119976493,17.13677058715775,7.344005039512216,45
5078,105.0,0.5845441099407978,6.124087346170571,17.137877193886922,18.77025251394662,45
5079,61.0,2.9361692341972665,6.091959811824065,17.144293357767687,17.136169451787143,45
5080,107.0,4.469912871134172,5.830335647490293,17.14739933010545,6.124790501893789,45
5081,113.0,0.4204416186379001,8.849560288420035,17.148321949762817,7.735182862160338,45
5082,0.0,5.720124379700259,7.134153177216462,17.151375409511374,9.629254958497238,45
5083,158.0,0.9459571089711694,8.115724647444749,17.15360821448085,15.151980248522607,45
5084,14.0,1.1200823635565582,6.403635609608673,17.161438018796975,14.004687372729874,45
5085,104.0,9.140066077768623,6.027064388734482,17.162624414332175,5.0,45
5086,63.0,1.2284863608136731,6.66379310336091,17.164827820355303,18.35040426838171,45
5087,155.0,3.532776258508198,9.915831928618193,17.166392231909654,6.993304031161914,45
5088,29.0,1.8509304266299964,2.415027343535362,17.168368899526612,10.281277538756207,45
5089,155.0,9.48285745751583,2.8245556479775615,17.173549992673998,5.0,45
5090,199.0,0.2627456031378128,2.0210880331197654,17.17904671242857,6.296864812356952,45
5091,38.0,7.5831388031515745,4.677584432890742,17.18067357001371,15.302475709341337,45
5092,145.0,1.8898131907785165,9.357255016134927,17.182571415761174,11.507625382576464,45
5093,187.0,8.114065259846775,1.1983749881476835,17.18351831386117,17.009091524216366,45
5094,129.0,3.124895831368173,5.000377757737882,17.191498986641697,17.155136335564606,45
5095,177.0,5.4637322199942275,9.225679835627043,17.192475914463834,9.326034379079903,45
5096,115.0,4.146827782946909,6.8440474642047295,17.202426496841934,13.2386178787875,45
5097,23.0,1.6487792882166852,9.853854757063916,17.203036395202062,19.89866910928014,45
5098,64.0,9.090851179232866,6.526178754545597,17.203377526336446,20.0,45
5099,83.0,3.318410888204324,1.9711131648760982,17.204063900429013,19.487047073330583,45
5100,25.0,3.4186536046987746,6.664706352388459,17.207543985184373,17.953366297902,45
5101,185.0,7.420962301667162,6.471941931347221,17.210109110390967,5.0,45
5102,75.0,0.9465019834099886,9.875034297231288,17.210350560480588,5.0,45
5103,89.0,2.7795860462031587,3.975947591066645,17.21148772806405,12.749821604054624,45
5104,10.0,8.035036056911306,3.1396448790196363,17.21760114030023,9.6568648435094,45
5105,45.0,8.417635882588401,2.2617204882820108,17.218415471567514,5.0,45
5106,183.0,1.2291978669292214,3.9735835809715647,17.219038172216397,20.0,45
5107,24.0,1.3356041511458971,1.3032793528522335,17.220248194849383,19.84802615439617,45
5108,178.0,8.31440498555537,1.7329103788778633,17.221916183596576,13.674456524415294,45
5109,150.0,6.546596452429549,1.7874842518958889,17.225747728629774,13.71825149377535,45
5110,49.0,2.1639068191539765,8.707685182029014,17.228009895293923,13.18550177814787,45
5111,156.0,3.8317427937404522,6.599577358721495,17.228370089529665,15.123117525801325,45
5112,139.0,5.37920057116491,2.565537267747663,17.229293318337312,14.078640576015726,45
5113,42.0,3.692235033229837,2.017496870382438,17.230310681503042,10.974303291665116,45
5114,12.0,7.132293432218551,8.31900638090606,17.23247523287437,18.140449529607245,45
5115,167.0,8.178959520653184,5.385570166183424,17.23544493004443,8.838087614632357,45
5116,83.0,0.7347582588372925,7.358820482340662,17.24013958374104,18.440162437531857,45
5117,134.0,1.6750986568665638,5.986420661071672,17.24199153966041,7.9907866362942865,45
5118,32.0,4.837226403118411,8.834989988807475,17.246535875489055,17.993347946746162,45
5119,11.0,5.724759414498852,4.758828862572972,17.246774899406503,19.953036043443557,45
5120,94.0,2.930586884429106,3.8021193425920483,17.24704532394673,9.927753412312514,45
5121,151.0,9.817934146013451,8.487858128240312,17.253454349028445,11.423156596741558,45
5122,8.0,3.917603106741171,4.325611855772524,17.25475440268015,12.85970989669249,45
5123,144.0,6.987162074067506,7.099287614675898,17.258036262467797,15.082796638563213,45
5124,19.0,6.271924480649126,0.25802902396400706,17.25862640894261,14.112109038469995,45
5125,105.0,5.912559126168473,7.721042901500023,17.258873855732016,14.054291855311822,45
5126,92.0,9.03245084835412,2.136492988042095,17.260371612222503,12.549137275931724,45
5127,0.0,0.9215290059722303,3.2368636254878194,17.26288909086618,11.065395395179522,45
5128,175.0,6.54357326123324,1.8238006205569535,17.265333823664108,6.858425033615856,45
5129,134.0,7.336524582046086,9.125920335870502,17.266057199390517,5.0,45
5130,110.0,7.023562326336653,2.3148325165839676,17.268151790771796,13.096628805827944,45
5131,173.0,9.208174882313093,1.1907129991288734,17.28089981867614,6.2846080167797576,45
5132,22.0,4.444871308094971,7.425392082506409,17.28252809892316,10.872924237914662,45
5133,45.0,4.518602191386907,3.3207866964717327,17.287677379152054,5.0,45
5134,50.0,4.323203672837469,6.315331291787107,17.28798509104755,7.972746387236908,45
5135,137.0,9.139823837511264,5.446820902856338,17.289198112329927,17.223669845978844,45
5136,50.0,8.32187883162096,0.5866996488408482,17.293341263282645,13.027563256395268,45
5137,81.0,5.689737163953161,2.9043657146925206,17.29549243220331,20.0,45
5138,106.0,9.69630430135973,8.27842427326593,17.297117570059626,8.721111412331464,45
5139,176.0,1.6116702531299398,3.0598199140890356,17.302395817374286,18.595020180405445,45
5140,121.0,1.711639910222006,9.738321944312899,17.3026537700281,7.634892183091694,45
5141,73.0,9.831579690084634,1.773813512461817,17.30406814719776,6.925071609938448,45
5142,143.0,7.973820672427258,6.285561427135359,17.305625109981953,19.30014926066146,45
5143,2.0,3.752572177037382,6.218686272357694,17.306220845168927,12.46929040481142,45
5144,126.0,4.440685773895937,8.516177118347075,17.306684454137947,15.141631087643187,45
5145,171.0,9.2578232143611,0.3057275861715958,17.31111217872752,8.549488277611395,45
5146,144.0,5.937694780399555,5.778901883382669,17.315039457132826,19.024318184573016,45
5147,63.0,6.302016365639864,5.760837521252426,17.32195679223799,17.181360231874592,45
5148,99.0,7.930225695748532,3.0505949158535217,17.329248768220463,17.521207184582266,45
5149,128.0,8.126509838068339,3.030399337487757,17.330063879019203,12.128709285495678,45
5150,57.0,3.5269594497066867,9.25410116842037,17.331116649801736,18.338452678423398,45
5151,194.0,3.4990240385148317,0.9200218620062695,17.331513993187055,5.0,45
5152,158.0,9.412041817606205,0.15748005182420033,17.336788242037272,15.47488350854031,45
5153,199.0,3.802452401990358,2.5813639587155333,17.337976743882436,6.4105689739240965,45
5154,190.0,5.91793114394393,2.201877926756184,17.339719297075654,20.0,45
5155,82.0,3.1976936004243637,2.713569200152394,17.342966701704306,7.946717552821394,45
5156,170.0,0.2794615562120206,1.7515917015631932,17.343286064047973,9.993313956602954,45
5157,101.0,6.167646045671427,5.067989598960613,17.34730918832647,14.158071665030684,45
5158,157.0,7.596882551351146,3.4870833435980386,17.348790229102185,9.319495241575348,45
5159,9.0,7.149714836366611,5.798137142806981,17.35360686563357,5.0,45
5160,142.0,4.797657439682662,6.619861519207394,17.36419825274492,17.119225406704942,45
5161,87.0,9.972297617468353,5.568791519562394,17.36938185354937,14.715807002336545,45
5162,16.0,2.056725832402233,9.111383650729891,17.373489723251208,10.925568716674029,45
5163,28.0,0.49831031155724625,4.6352395848518055,17.375693428654024,12.571260517270613,45
5164,91.0,5.298836905273464,3.7377174321664617,17.375748154374044,15.7059059575197,45
5165,138.0,0.6392510884689673,7.387313750670096,17.379332339894855,7.350254719754537,45
5166,81.0,3.9037406061659095,8.335775573678873,17.380071159438007,19.866428890978657,45
5167,112.0,0.46327925551074123,9.93059618479384,17.380775558293735,7.074862838209384,45
5168,143.0,2.6658278680585035,1.0256369164752932,17.384345848326404,20.0,45
5169,28.0,4.13114358305462,4.036062764310232,17.38734342306831,9.923485221087185,45
5170,143.0,2.8459390940853635,5.300695696469587,17.388856996496536,20.0,45
5171,89.0,8.726250121749302,7.323371383291847,17.389148412076217,10.605286662645701,45
5172,58.0,0.27606371382983275,2.8230267626484573,17.389315776371827,8.107891077438069,45
5173,150.0,2.804972824434193,1.8242941510896082,17.391115188899615,11.903699905697165,45
5174,49.0,5.618020046905091,9.172397653455635,17.391127058027095,15.441606056710132,45
5175,158.0,0.6195976646329626,9.656734983031436,17.39238275484901,13.102863072710285,45
5176,89.0,7.00234732261908,8.881058496798795,17.393865646070815,11.320691776318425,45
5177,192.0,0.8963469101160559,4.945461524808633,17.395536552769414,8.226743197220873,45
5178,51.0,2.4722358410768743,0.13817170990364613,17.39577390679476,5.905680145826545,45
5179,94.0,4.7086774615503995,6.712604479506442,17.398016185265725,11.305019669889452,45
5180,118.0,7.6796038811469645,9.954817240445097,17.40068935240088,11.965347299449862,45
5181,73.0,5.16870666015037,1.3006920185788062,17.402617071582178,6.231941825604222,45
5182,173.0,3.100195506557517,8.74417476462594,17.403898248066913,5.0,45
5183,115.0,3.817680782678512,0.09103406217130905,17.404965467055654,10.460655783161313,45
5184,94.0,8.590423849911282,3.6218564747208672,17.406625670534808,10.849650052668999,45
5185,126.0,8.497122880061646,7.009594688429334,17.40751185419274,15.48014497631016,45
5186,185.0,5.9752041439670345,7.155267352531023,17.41306616957891,5.0,45
5187,124.0,5.53110315962022,7.319982736983541,17.41335646104713,12.472105606130983,45
5188,181.0,9.112387997391094,7.126805110023417,17.4135045065092,19.017234995380512,45
5189,170.0,2.353797782522461,7.511017523966906,17.424248196543655,13.483989770800214,45
5190,182.0,0.9388343603123062,2.1050132582099437,17.429163800071123,13.930230562777087,45
5191,64.0,8.58436066815243,8.006063044549034,17.42957861044099,19.102283613447707,45
5192,32.0,4.263291953214944,1.0165796913013803,17.435045202672256,19.985039078022798,45
5193,140.0,9.880964097028249,5.990173934427725,17.436974253898793,5.0,45
5194,63.0,0.6219212331715074,7.527388363893365,17.44283131455364,19.667929783547756,45
5195,38.0,1.9651834837675164,7.683987019292634,17.444053665325594,16.012189112800115,45
5196,51.0,6.188915822336543,2.2787166282460136,17.444972496562404,5.0,45
5197,118.0,0.39180337165475976,2.055227698576114,17.44517538537717,17.256374940027424,45
5198,139.0,3.9908803307029785,4.4608998439304575,17.44849871602071,16.905363952774625,45
5199,3.0,7.698389172392538,1.6525778032348093,17.450970211871457,14.424033054502631,45
5200,100.0,1.8684209487281633,8.815237905292566,17.454401735250187,16.76891264984783,45
5201,56.0,9.311803099044244,0.6120639096181202,17.464012898981554,16.658287872888145,45
5202,117.0,4.052406014353258,1.2588943406002895,17.465014069679455,9.626248402194056,45
5203,119.0,4.427535685706373,9.670872231831554,17.46555613096544,13.200227027731547,45
5204,156.0,3.8400714439413997,6.34632841910313,17.465631190232,16.07574077185056,45
5205,101.0,7.742510419425093,7.391990870849491,17.467858551600173,13.818401680577113,45
5206,158.0,4.072731062083395,8.375659982857771,17.468012031779693,14.784761082292299,45
5207,16.0,4.317978962647614,8.440075159746346,17.468744888563492,9.317406540003399,45
5208,180.0,6.32618140584867,9.886212332256378,17.46979750939724,11.625394672217258,45
5209,183.0,8.441107444098314,5.3211822224631415,17.47070563985973,20.0,45
5210,156.0,2.3782143557803503,4.34033405015086,17.471292662229466,15.161078299676506,45
5211,169.0,1.1444473611223438,9.051623998820896,17.47240475479528,16.84031128712835,45
5212,82.0,5.9586321462218965,7.012145988933932,17.475674652257148,12.763464412903081,45
5213,5.0,7.075541572400273,5.2521556899413815,17.477117527766868,12.247642289478598,45
5214,58.0,0.790697122891173,8.984622610995894,17.477155464783117,9.770580299133055,45
5215,27.0,5.722531904898233,1.8671498608817938,17.480975829787294,18.02753847925047,45
5216,146.0,9.50734638440334,4.6193054095217345,17.48377888125437,13.61561323207902,45
5217,151.0,7.898754755750909,2.6096094608106792,17.48492471305115,16.055558316002063,45
5218,114.0,0.8640853681058402,8.210953368618648,17.4885247650025,6.462739941109721,45
5219,33.0,2.798899416129348,0.6171243186422692,17.490210304375722,5.0,45
5220,96.0,3.501143821948678,6.471720817633897,17.490304874755246,5.40184472791988,45
5221,2.0,7.375477312199124,4.627567047476127,17.490353209473774,11.251343460380708,45
5222,152.0,5.346367535330684,9.80716671208386,17.49218833790122,11.98056419441049,45
5223,99.0,3.143560425615166,1.8231495099038464,17.4959676914046,17.82347046442754,45
5224,13.0,6.918145899678007,5.1393140515546465,17.497361208208762,10.031945425893236,45
5225,36.0,4.797674890756099,3.96528573758675,17.499307301288738,8.455094115825757,45
5226,22.0,3.310598217580163,7.844655293980801,17.505736725095936,11.012941129432823,45
5227,79.0,5.944734776727736,6.322203280792703,17.510242077396214,17.956650394532012,45
5228,36.0,7.170632296528873,3.6679401820652204,17.512686444971436,12.278987532788026,45
5229,2.0,1.0350051334462984,8.70650213925977,17.512714377313948,8.016716972752993,45
5230,97.0,8.896607597953665,4.387001113280116,17.520815214151032,17.983986559580018,45
5231,137.0,6.882821963297063,4.218045008846445,17.521246233006664,15.216003983111875,45
5232,180.0,2.426406318522968,1.877219206621964,17.52366290567324,12.224228784677742,45
5233,23.0,1.0308126774581883,1.4575325591925636,17.52515333224865,16.21010512274775,45
5234,73.0,1.1288384343915259,1.0801339316320258,17.52643537635664,5.0,45
5235,22.0,1.3074335747884058,9.962063793201372,17.527515610898078,7.723136807907628,45
5236,163.0,8.36668319695967,8.055013056427091,17.52920980449275,15.010421313823068,45
5237,36.0,6.739445778932293,7.169313859191514,17.529866519681597,7.2448649332759665,45
5238,156.0,7.1764233436541955,0.7281460818326047,17.53358377243645,16.92450957496972,45
5239,35.0,7.098495654450867,2.8190140073621195,17.534448953964628,5.945593445121432,45
5240,159.0,9.363667741324186,1.9025548859592045,17.54028675794282,11.435387714577965,45
5241,31.0,8.627823798995117,8.196038782618137,17.540302751702907,9.453389688190361,45
5242,189.0,5.471855110790687,9.514390047883413,17.541614197441604,7.191036251301973,45
5243,27.0,5.0558492853186845,5.13108979047958,17.542026042834447,14.403241575376802,45
5244,61.0,9.494932393901081,3.5823243553688036,17.542528370546336,18.712812476357776,45
5245,144.0,9.62717222905296,6.309657501725457,17.547438816172814,17.041901373255143,45
5246,6.0,4.111400321998108,1.1133977546699936,17.54836397621497,12.860727212545308,45
5247,142.0,2.1598759575341573,7.077004372754059,17.54868609426191,15.66055256044355,45
5248,95.0,7.0738154602648615,1.0669514330779806,17.551585672128834,7.820304615516799,45
5249,144.0,8.71006468115944,9.628142623989696,17.55776124592213,18.6329200056245,45
5250,76.0,7.33299738923122,1.8835112314589275,17.558126760094968,5.0,45
5251,154.0,7.212440143426434,2.005716859788522,17.559046048735112,7.595214594507306,45
5252,163.0,6.99414710718213,4.260885645914401,17.560884467552295,14.888190192543506,45
5253,111.0,0.29789737600979693,5.9396567722286,17.562996490427395,9.27146872968788,45
5254,64.0,5.373583353944965,7.76749264321135,17.56696339144132,14.267058626811833,45
5255,0.0,3.1792813197267966,3.2082853060927152,17.567634286355805,8.115474674113873,45
5256,126.0,5.2449526803383275,2.6069690853722904,17.570420669013796,14.78331327646635,45
5257,36.0,3.4937512569120086,4.1839462336950595,17.570925170340935,10.574725337481473,45
5258,126.0,1.6938532596673306,1.2106269476251652,17.571131757981533,12.016373812932368,45
5259,86.0,4.553152315296688,7.621594237801231,17.572592719242646,5.0,45
5260,76.0,7.8733108424369105,2.6916933245133112,17.573642754493584,7.544885348325574,45
5261,29.0,6.5566928779626,3.977254654992276,17.57667617937374,10.5902906488548,45
5262,108.0,2.6858396808252794,7.2308970815871145,17.5797221809947,8.20768124552313,45
5263,195.0,1.0091988356835147,6.298948255198607,17.5815593884741,8.88743549268972,45
5264,58.0,5.074936601461148,5.401489131443724,17.583864164754267,7.444781237040812,45
5265,7.0,3.0704537858384793,9.801678030439074,17.58418583224502,16.508803598405287,45
5266,141.0,9.119301002614097,0.5902368490828191,17.58487732680443,14.107289812606215,45
5267,116.0,1.211182580737854,9.813992769372433,17.591119219659966,12.681430486241673,45
5268,184.0,6.246690653988129,9.88677484925659,17.591723635650354,8.294261276150902,45
5269,16.0,9.891240808314581,0.9599010253360185,17.591977684012505,7.785210456059977,45
5270,68.0,5.670442057761589,8.954827553189196,17.592216720673925,15.013604967894802,45
5271,197.0,6.728493647478992,2.638033542597814,17.59487596814121,18.375540205711808,45
5272,68.0,7.882993222843766,8.307459855058848,17.595190826201012,19.038568420434952,45
5273,125.0,6.321782346051135,3.065316624652472,17.595993326163136,19.09643932737686,45
5274,131.0,0.6993395751577025,5.425149432702144,17.597107161294467,12.311947447147588,45
5275,99.0,5.003732699310831,8.740369316661718,17.599402163676256,16.152143926496024,45
5276,76.0,4.327073766994721,8.786719742469593,17.600592047268535,5.0,45
5277,26.0,6.188622658101163,0.9061649810988448,17.601569430829272,17.51025763325279,45
5278,68.0,7.863574660897604,1.8579180066534184,17.604784060691642,18.547408260586398,45
5279,136.0,2.9031409142449816,3.4747170415727915,17.606102378259475,13.133592653357244,45
5280,59.0,1.2958606712692222,2.4385817254227318,17.607604578933817,13.439378373089708,45
5281,21.0,2.5371109264666702,4.728859298168491,17.60871269265389,9.195350549835378,45
5282,29.0,3.523092407896425,9.189982157872667,17.611490876035877,7.888153529985004,45
5283,152.0,5.659993744712066,6.517172095154652,17.61307141187308,15.595344781220902,45
5284,42.0,4.879611921171431,4.0045606740293564,17.61628687174914,9.499385114388913,45
5285,7.0,4.925508200736978,6.494340036514784,17.617083034717837,18.52446731492619,45
5286,188.0,3.6141821371646,1.1239425169604966,17.617855810358073,11.563411006704147,45
5287,146.0,8.016838593941397,3.6381811416507137,17.618272719181054,14.008623682521149,45
5288,38.0,1.3835923341665723,9.7623601181114,17.618896869710838,14.269662711156895,45
5289,163.0,0.07626643105267505,8.445319362289762,17.61944455566747,16.905622595239368,45
5290,19.0,6.025044029346383,5.463002827623404,17.62092284352631,13.434204478510921,45
5291,132.0,8.440315493019053,7.75931360659445,17.625323747914273,11.616881342354835,45
5292,137.0,9.782836874477312,1.6535029850043292,17.625486155426678,17.01445468933373,45
5293,27.0,0.7098082093539471,5.971638362869564,17.627456376784057,16.500777820684522,45
5294,144.0,8.734944749195748,3.5366387298681223,17.6288659843208,15.513327524598338,45
5295,156.0,3.831804511092173,9.079829092190167,17.631782213550405,14.08100487956706,45
5296,13.0,3.4789162977885746,0.6378576343232589,17.632746399603327,12.005765882998194,45
5297,196.0,9.460522720622084,0.7781380836650753,17.6328491647579,8.753637723805333,45
5298,123.0,4.388278810014493,5.027337357677981,17.636360184806577,14.787000952873353,45
5299,96.0,9.69330314851357,2.5947675907460344,17.637893216451427,10.072544805158298,45
5300,38.0,9.533246606311835,1.4681070169138777,17.639854712149454,15.718948174919579,45
5301,186.0,9.043520280229291,5.421258141023681,17.640483458448905,9.677431845989924,45
5302,87.0,4.512187661281674,3.1092822275223,17.641806113122904,11.980642534741586,45
5303,138.0,2.8643913139596777,0.43425490081825835,17.643304127327564,7.097888064774532,45
5304,54.0,0.1416601903207937,5.987511993470641,17.65315264056685,8.996290055897045,45
5305,119.0,2.403560790363798,3.987320836244778,17.65767386189229,15.947029965323068,45
5306,175.0,3.117294240696178,4.6316696471407255,17.662524728822962,10.31057374309334,45
5307,33.0,4.144928139029377,6.385103296144475,17.663725120414647,5.0,45
5308,64.0,3.408617367536265,2.7436173647242756,17.6681511305612,17.0389116996314,45
5309,151.0,5.87145209604489,7.123144783097501,17.66988817567303,12.46912183905342,45
5310,72.0,6.869016623038643,1.7174634742123218,17.669940334527077,8.471291550052753,45
5311,53.0,8.112103239351335,2.166860375782184,17.674745176407527,11.225478627210158,45
5312,83.0,2.0681359743552963,0.04843847087704467,17.675739325096647,17.130538820210322,45
5313,112.0,4.158516823667126,9.995031152454107,17.675809829644937,8.751206915889817,45
5314,80.0,9.246471700334668,7.0190827572782215,17.67604810671945,19.68627015425841,45
5315,38.0,1.285975970536497,7.104159993820556,17.67704780586718,17.09477489449549,45
5316,69.0,9.602598092622424,2.6753379355469633,17.677141643621184,20.0,45
5317,47.0,2.2362883404601384,1.2247529471092222,17.67988995404943,5.509208555823093,45
5318,119.0,3.356490740483391,2.27664781013707,17.67998684316098,12.494538446280984,45
5319,106.0,6.215760503809896,0.2298940660615867,17.68206213544344,9.291576350021037,45
5320,89.0,2.853390540826978,9.984948769677834,17.682326422444383,11.044520124840362,45
5321,51.0,5.394776503277154,5.529706234198551,17.690546680673815,7.9857104810726565,45
5322,70.0,3.3495679369748843,0.6968258622736212,17.69736595305652,9.536323288815261,45
5323,70.0,6.6225218618361374,1.8948152694274367,17.697530227986636,5.0,45
5324,138.0,9.8809436198905,9.90565002891777,17.700919050702097,5.76846201583572,45
5325,177.0,7.056660903493004,6.579891628595044,17.701936791632455,11.60229538807202,45
5326,168.0,3.25928356722312,7.121333236223517,17.702017835810693,12.511569989273093,45
5327,108.0,8.584411588996742,4.587262022629712,17.705594941293903,5.0,45
5328,4.0,4.650053331174002,7.7549866154577245,17.707404762706798,15.527798670968354,45
5329,189.0,6.5910421991006825,8.39494756334798,17.708436373019342,12.988483064075265,45
5330,45.0,4.314936605523495,6.597194056628629,17.708600065409453,5.195931405438873,45
5331,22.0,8.53217709280703,7.974380497834234,17.713046793563176,11.2217549125308,45
5332,131.0,3.2710562702507784,3.298259590083117,17.716959885953926,12.83074901292851,45
5333,45.0,1.2696838153434575,7.4501060729157675,17.71886074453895,5.301387927942159,45
5334,94.0,8.362271501457212,8.785192518542871,17.72393522614274,11.22353675711043,45
5335,152.0,3.24779868960847,6.936364362454068,17.72553239594593,17.566572219422106,45
5336,142.0,3.6002553349702913,8.290817806519703,17.72810586464691,14.42181255049434,45
5337,142.0,5.327131734934678,1.5472535687000422,17.732548557014724,16.507526572716987,45
5338,125.0,1.6605730266613472,1.0029975336496955,17.733820738247125,16.879268471800373,45
5339,116.0,2.6299577539811048,0.9858669488297955,17.734875415840705,10.838360501868191,45
5340,8.0,1.0246893137331237,9.27352069539386,17.734946750570426,12.925569222339409,45
5341,95.0,2.1821892738854896,4.799300415349638,17.737636447698186,7.8041133441138175,45
5342,37.0,8.24772041326839,1.4624391141552728,17.739967294996546,13.553459914466595,45
5343,142.0,4.671573697138753,4.721123086995527,17.741944378501852,14.92978064886694,45
5344,62.0,1.5451981451557972,9.742162135722541,17.74673686126284,8.997106389721356,45
5345,145.0,9.287001573517093,0.77676550723491,17.74747796476231,15.357784296345327,45
5346,162.0,0.018244551376392915,2.1711574050965643,17.749179408315243,17.765591482303925,45
5347,84.0,2.573582367185386,7.163297584846513,17.749484293540874,10.00955353550402,45
5348,3.0,7.670859018857199,7.865896799562186,17.74959525312941,11.415734861117453,45
5349,118.0,2.709153209138991,3.9663007504870973,17.750018223002755,17.11300881933519,45
5350,94.0,4.61067937613686,9.792238907089938,17.754450262695137,10.689492416772762,45
5351,57.0,3.996668267642809,1.1269705215173953,17.755385744913102,19.537637571763067,45
5352,112.0,1.0962807335574465,8.188845152675876,17.75716693590404,5.603739268509157,45
5353,188.0,5.23920968672742,7.520870961781307,17.75927096107432,13.990661560154619,45
5354,84.0,2.144262042002698,9.950620117048977,17.761255465791326,5.0,45
5355,126.0,3.5273280832496914,1.8418782571968317,17.762554519830413,12.833585881252512,45
5356,144.0,7.5329543780729065,4.094100974909274,17.766509613938922,15.667427003415057,45
5357,158.0,4.4540855812433175,6.5859946649528815,17.767845681045188,18.257892653622598,45
5358,108.0,0.6701746470698489,8.00106400749878,17.770093088814846,5.255642333415688,45
5359,151.0,9.508714451142152,6.683020279463249,17.77099053125174,12.435938063140757,45
5360,16.0,7.251295137487138,0.009585597765613407,17.77253601841798,6.573975113494085,45
5361,56.0,2.228668631574162,7.822444792156641,17.773867657893227,16.82192535848623,45
5362,81.0,4.1876507596079175,6.588250285358881,17.776345527281986,18.191419449388558,45
5363,197.0,7.051210760182588,2.246830177007376,17.776972897788443,17.487482245765065,45
5364,114.0,8.9108215691806,1.8156176311741923,17.778830768585163,8.786162743231182,45
5365,140.0,9.210231713984697,2.0490056811538624,17.780419105089315,5.0,45
5366,52.0,7.859870711139047,2.051672105646948,17.782764423227984,13.24703098243115,45
5367,41.0,1.5092399865456296,7.266669740505197,17.788061771142125,17.99434359808164,45
5368,90.0,6.990804395995601,9.090079433630219,17.793006083718304,10.411921053178169,45
5369,195.0,0.6145092493273507,1.4318695008107374,17.794125922023085,7.416510728040782,45
5370,55.0,2.710390753108064,7.088617665950087,17.803685887687074,14.458677647733632,45
5371,57.0,6.367880229122974,8.71523072917708,17.80510298588637,20.0,45
5372,127.0,5.254965735217054,8.903775487682022,17.808298619599668,8.925131053712107,45
5373,28.0,4.5004708834688465,5.397068419606431,17.8177452026228,13.516417575980977,45
5374,33.0,6.162078579702585,3.0402553651646356,17.81818819994671,5.0,45
5375,97.0,7.085191352644183,8.571563154922883,17.818581128175225,20.0,45
5376,109.0,0.10300491175534332,9.52203316868541,17.81903920321829,10.458301691293594,45
5377,31.0,9.889665177533061,3.5608971459645833,17.82129374582924,8.1305728632442,45
5378,156.0,7.922472305854735,7.259221978443647,17.821601240572804,16.34477587900989,45
5379,80.0,8.039723692683538,0.9408879330339315,17.82262508659594,19.808122665030577,45
5380,84.0,3.7522420319786356,7.3511159334040554,17.824718511935497,7.540156568164255,45
5381,48.0,7.692311635804301,5.9291093527408005,17.82691817198233,20.0,45
5382,190.0,4.979781452204346,9.020481911196992,17.827882686061486,18.396276168409035,45
5383,157.0,5.6106330505507565,5.369342410435715,17.83011728320821,8.409796815767328,45
5384,21.0,8.947860575540732,3.907671616031043,17.833816283847284,9.866926168401836,45
5385,36.0,9.602914940539748,0.5762563960295586,17.836670895940806,9.730094632675906,45
5386,69.0,2.9188722681693537,1.8110214288961846,17.838203224965277,20.0,45
5387,145.0,4.733785189310056,8.294117018756296,17.83947449081635,7.892480309393734,45
5388,56.0,4.446495378128259,8.545489618160909,17.843626272612745,16.29094899783186,45
5389,11.0,4.916420052325064,8.10727688962406,17.843728686538785,20.0,45
5390,169.0,4.705462318647263,9.413576597682258,17.845174037118834,16.06446144308105,45
5391,96.0,4.2278970678069925,1.3735638599367794,17.849608899680053,5.097936463345607,45
5392,84.0,9.904015681566374,7.6860881991882035,17.850254267235215,10.144523587423869,45
5393,28.0,8.499656477042837,6.951776811002073,17.853687857802804,11.419247199574333,45
5394,39.0,3.601744231746067,0.06459305451199548,17.855582983046,6.316256407155207,45
5395,15.0,0.5576820756268552,0.9903251633749521,17.856760674966797,6.602785110115461,45
5396,163.0,9.98421163589261,6.259455987762989,17.861637726998033,16.42292323732679,45
5397,150.0,0.4558955169877843,4.4944381863718945,17.86498836163426,10.05266092703803,45
5398,84.0,0.1923533804886235,2.547922228302734,17.86544147792277,6.640761906997783,45
5399,172.0,7.016037187969349,5.486824173989762,17.86700785524131,7.986188197373359,45
5400,192.0,7.203332436333742,8.1999704570793,17.872936804987365,7.764870619673814,45
5401,113.0,5.131536812736468,1.8745024097539564,17.87321417429432,9.608364343963105,45
5402,14.0,1.611637141573421,4.589653702387132,17.873333805738007,18.46289682873168,45
5403,33.0,7.889204093438549,7.137578958135214,17.873608216246968,7.86439130303518,45
5404,39.0,1.514825738632185,2.264840613451564,17.87657916417149,7.306908008750168,45
5405,13.0,8.729774508998151,3.225797296106477,17.87678054666159,10.690979111042552,45
5406,89.0,0.11839749830859558,3.7084279576362356,17.878365234258233,13.213638356115979,45
5407,91.0,0.6211457211060412,4.427020381942631,17.879893450666856,15.179642297158102,45
5408,87.0,5.427022439357633,8.13364552433373,17.880774474681544,19.852030153339115,45
5409,168.0,0.8785307762224648,0.4974682240154915,17.884549086436213,15.794636932699676,45
5410,189.0,5.910390271918403,8.041946058393819,17.88570356009627,8.75400952531942,45
5411,53.0,7.744235848712417,7.522484570158689,17.888483098981038,10.59450655292828,45
5412,151.0,4.043876619135034,1.805486210150108,17.889412102529676,11.6380463222886,45
5413,170.0,9.543345313739252,3.1396158934320892,17.890324416365278,9.072929526857218,45
5414,138.0,0.9582761086331126,4.966638275803369,17.892624147214303,8.366291391861981,45
5415,116.0,3.9495527613279013,0.6170168107634288,17.896744701828144,12.230592141710638,45
5416,78.0,8.656575078434726,4.446082509742962,17.896991016990285,5.0,45
5417,35.0,3.6352386617792263,5.759130839900617,17.898272855938302,6.324664507310849,45
5418,88.0,3.771398978300505,9.552411833102298,17.899948275077772,16.819406813671005,45
5419,8.0,6.88664196216843,1.7889230528013345,17.90048000333332,11.312134114258395,45
5420,142.0,0.5912265480747558,9.736017899275263,17.908416173188016,19.653238826917683,45
5421,24.0,7.961819542269964,1.3343448172849426,17.90936517363432,18.720255373166275,45
5422,26.0,3.2775398672975453,6.804781386868824,17.915295867130947,19.257348340884953,45
5423,21.0,7.58114031632843,2.8935702129527883,17.915552396736906,8.970691086505447,45
5424,109.0,0.8634831203052928,5.1235908449521865,17.91694022087959,13.976907397522975,45
5425,114.0,6.136330520037348,0.646688594976732,17.920361327560276,5.0,45
5426,135.0,2.0456973150201883,5.492896782127435,17.92388160895974,5.968599061651555,45
5427,30.0,1.9170489967991167,0.02387105259524791,17.92988530231512,18.900423282880688,45
5428,156.0,6.780267227673987,6.704390121306464,17.93611686005769,18.450598132229217,45
5429,16.0,6.875346871044031,3.3353048462091106,17.937707328213115,5.0,45
5430,89.0,9.062643498999934,1.0465032448095568,17.939409396746573,10.619762058706765,45
5431,71.0,8.091303937910913,7.189952322008049,17.943138861683252,11.984217513775572,45
5432,196.0,1.8799569185131182,8.665815827161463,17.946307291402245,7.664335909696921,45
5433,9.0,0.8658363256707136,8.682385449092036,17.94997414709274,6.243472318270198,45
5434,101.0,4.383036524887418,1.3117349486122432,17.953857022460973,18.224714944781045,45
5435,15.0,6.6936242023560375,7.204108861557936,17.958349904180075,8.336520860275947,45
5436,96.0,3.8671805588543853,0.97001045400532,17.962083764425692,5.0,45
5437,186.0,8.305912308809908,6.504116113967042,17.96268303470273,5.59039411187679,45
5438,78.0,3.1804815738277714,7.342012877684909,17.963014715075133,7.025738221935646,45
5439,164.0,6.9194460110867295,2.547347019190939,17.96784234240419,14.730981035207805,45
5440,196.0,2.5673904925980207,8.947911551443156,17.970169861628328,6.306463283773064,45
5441,149.0,6.660377442198398,8.413156034870038,17.970254974065007,10.504125333621104,45
5442,90.0,6.381485456392167,7.116156263248215,17.973285533951568,10.939317976157005,45
5443,89.0,0.3164973960602324,8.427600819276538,17.977815888595252,13.46336461849,45
5444,117.0,8.157340559105974,8.051767195615996,17.980011899179893,11.501891842532082,45
5445,198.0,8.529855588090934,6.671450325769282,17.983936630964543,12.722631109592287,45
5446,169.0,7.26412213246232,4.842827396340576,17.98859499207961,13.093699643430096,45
5447,118.0,2.611678047077488,0.05957093703553684,17.988703855493547,17.537075906095613,45
5448,41.0,2.0715626643789085,3.688888986598533,17.989193016763668,18.445804617477187,45
5449,104.0,1.508490388132565,7.261240078111073,17.98996993182235,7.5544886603657035,45
5450,156.0,5.2068822102653485,1.7532200188791003,17.990192375201538,18.481428315254544,45
5451,26.0,1.7633054906840484,5.025005607782646,17.99338885731109,19.152843707550517,45
5452,187.0,3.2893896053995517,6.178306186616709,17.995682630020475,18.619258341308736,45
5453,18.0,3.7553162365242967,7.432825034958177,17.996105388001496,16.815630271369493,45
5454,187.0,9.362792357987765,3.7811317983135826,17.997642352644462,16.38543793698434,45
5455,137.0,7.262789280745675,1.0817439710796317,18.00052379097046,18.235342441761105,45
5456,119.0,4.179593907098873,3.4631502977249085,18.00077835829108,8.380270204553351,45
5457,0.0,9.038033368486655,1.127059846866384,18.001262917406766,9.103354355413162,45
5458,146.0,9.766289509477225,0.16085340230571732,18.002035369135516,9.439589927759073,45
5459,188.0,7.738587897339362,3.1197698492874726,18.00223512152819,12.290931094662161,45
5460,10.0,8.147103792756438,7.570182794689751,18.00276344020315,12.833431159853957,45
5461,154.0,1.0138199938406167,0.8746634105211981,18.003588441846183,5.210342517002269,45
5462,192.0,1.0752337912141485,3.7605972830955734,18.003634354578477,5.4843898752989695,45
5463,159.0,1.5141233638515006,8.548981018453796,18.00481861902145,9.232653916156195,45
5464,72.0,0.5471627384105826,5.5031154710298145,18.005032616026543,10.40823347862973,45
5465,150.0,9.3094334546626,2.451491443845921,18.005117923401396,11.74631719372486,45
5466,115.0,7.80584107578578,0.26562392569889126,18.005904669550134,14.76401541070349,45
5467,145.0,0.9711164298733344,0.8037805573409884,18.00628413571073,15.093583595516014,45
5468,146.0,7.007668939071331,6.78446323757051,18.00655950090289,15.55652258383197,45
5469,194.0,3.3753147448483434,2.9282372920243094,18.007241978686302,7.4760272194171575,45
5470,97.0,6.54335512795114,5.944536350553675,18.00786993732032,19.663250482611755,45
5471,120.0,7.590996376364433,7.087936657971122,18.00820477655714,16.44509651186127,45
5472,38.0,5.371907748071769,1.0837151807940648,18.008341569901695,15.809130350808706,45
5473,161.0,6.62151497309115,1.5489320422693986,18.008513286407883,6.909510167645579,45
5474,165.0,8.863541803441759,5.687163778040278,18.00991777328171,18.72116162045068,45
5475,155.0,1.4071074068614475,8.990645072928437,18.01192627752827,5.0,45
5476,119.0,0.9454856620637875,6.06224730533348,18.01208741209944,10.940205311479007,45
5477,62.0,4.6355545699185905,7.375970461306088,18.012799607205928,8.600064471557882,45
5478,172.0,4.293778593026811,8.279208672882682,18.012999814251767,5.351283051929778,45
5479,33.0,5.077641253157596,6.495258488773143,18.01316346815536,6.519469839990668,45
5480,56.0,5.4468882672733665,3.4018121776785204,18.013537513678838,16.74118402059015,45
5481,6.0,6.714376636852789,7.5703198172080866,18.014536632998496,11.759130648375606,45
5482,27.0,9.321430212588076,2.7041585590268777,18.014743034213186,19.551822107422094,45
5483,99.0,7.769071960476483,1.6915940022235176,18.015093683153015,18.394679740441013,45
5484,64.0,7.029445551651696,8.373166411323202,18.015240934576784,20.0,45
5485,108.0,3.1797668194100517,8.45795580306502,18.016039008916167,8.133514966532022,45
5486,124.0,8.941667249119622,7.980458381772583,18.017561487772422,7.819148839589768,45
5487,162.0,1.1906093039505905,7.217593256990726,18.017727094989553,14.753293221905396,45
5488,106.0,3.8712891457567133,0.2894923346863343,18.01803711767637,9.580934392352024,45
5489,68.0,2.4363333542244128,3.675720424908593,18.01930560368838,15.77482078702843,45
5490,111.0,5.631079176345221,8.012133761194299,18.01947263365239,9.230139212756338,45
5491,164.0,4.312756204487961,9.07528424935786,18.020382719085198,14.425342843054528,45
5492,134.0,6.227229443964397,9.512139588594257,18.024050618774716,8.49452202429135,45
5493,167.0,5.990000957946674,3.159497436767599,18.024474031052172,8.046522618853459,45
5494,45.0,8.106220967825713,0.7957381921042606,18.024803793531866,8.778989259004087,45
5495,152.0,2.1290345709589644,3.556943170036445,18.02627707331272,12.223468580347637,45
5496,112.0,1.6953500773364572,0.5441759737586449,18.027444520819294,11.376717697315065,45
5497,103.0,3.509419180817188,5.496003981351815,18.02798412535605,8.161689898015059,45
5498,124.0,2.4444195670896995,7.023898964558223,18.028882378605726,10.162308705636978,45
5499,8.0,7.0573460363794736,4.746449410526497,18.029285593688908,16.72835214659451,45
5500,154.0,4.7989338006849005,8.05211814999022,18.029550718674475,6.685741243282351,45
5501,52.0,9.47205321954128,0.8319990215193174,18.030053129380196,13.062046623048108,45
5502,179.0,2.0539920200999564,1.0544886808488396,18.030635269784167,19.42137073298965,45
5503,175.0,0.7935798641064651,1.8643914529433203,18.03118955012389,5.124873838526387,45
5504,74.0,2.85667366361304,2.925530433316043,18.03170330994255,18.527235877833164,45
5505,25.0,2.6822300791543996,5.477942150908859,18.03228381088898,18.80708730610096,45
5506,20.0,1.2023420333306722,6.0942608286110325,18.032479471872335,11.656217960213242,45
5507,164.0,8.954533020999587,5.356852406273721,18.033155973161616,20.0,45
5508,198.0,2.547601343952477,5.424831374353413,18.033235516018514,10.438713513670175,45
5509,146.0,2.9673543878693276,6.438781213058148,18.03334930275067,15.005599278474936,45
5510,161.0,5.525332793370971,4.863553758460685,18.03593393959452,6.314691493247871,45
5511,91.0,8.862465707105532,9.923842825293898,18.036207669559268,16.74610744078616,45
5512,91.0,1.4524463388437303,3.2282591377210057,18.036255039666962,17.515272895062843,45
5513,61.0,3.847966128246104,5.425264831661613,18.037444038129024,20.0,45
5514,179.0,9.610255678067235,8.746583789516599,18.038022754646942,20.0,45
5515,160.0,6.761445676242351,8.951326411385987,18.03963908915988,6.944531780647393,45
5516,178.0,7.221670048248043,2.793465373444466,18.039950482351344,9.345156090734491,45
5517,11.0,5.455159160633487,7.898661691811907,18.040013358117733,18.498802839693624,45
5518,166.0,7.95322417616304,4.3878826924850225,18.041335218940258,18.34066589697799,45
5519,91.0,7.838250977609967,8.20527242767637,18.04152264658659,17.56824478062264,45
5520,151.0,4.322798833224085,9.466153695040136,18.041950930471387,10.07965578790565,45
5521,28.0,6.377914211492525,1.1078646967198857,18.04207049977883,14.306109681226332,45
5522,172.0,6.020869381917931,0.7035241999696806,18.042419552087516,6.7754215859894735,45
5523,123.0,5.63472481960186,0.02847587691190534,18.043670575489028,18.63671486463259,45
5524,135.0,1.8811517048358162,9.61877257871922,18.043987163989524,8.13596799881603,45
5525,17.0,3.538372976333799,2.9819734510891047,18.04423237362117,18.889462376564982,45
5526,166.0,5.521015822859026,9.6442651858328,18.044510925224067,19.845590455999705,45
5527,39.0,7.030582169695831,0.8003964837578093,18.04466235728977,9.061888715583052,45
5528,73.0,7.732947121489758,0.11984889951084043,18.044834692196368,6.881595219752889,45
5529,116.0,5.44968171573501,3.6704830129739485,18.045359983390114,10.234323496707965,45
5530,152.0,6.344583999974136,2.848001324115168,18.04556628152321,15.70822526806407,45
5531,15.0,8.20252315061042,5.534520070113615,18.045914743348458,9.053840129060802,45
5532,59.0,2.8791198112394434,6.63482599321441,18.046045930090926,13.478485054254472,45
5533,2.0,6.391496817739775,6.422067491226131,18.046190124527584,9.699347592428996,45
5534,130.0,8.095426569395617,7.152122338665443,18.047437902600358,17.131629878491168,45
5535,157.0,3.5932293257009174,1.4820363215422883,18.04770388226165,7.159582694187522,45
5536,197.0,4.272998778194647,5.418449898367711,18.048464776666872,17.316475353702742,45
5537,49.0,5.510199711585052,7.3256340904456625,18.048538074672933,13.39148519019842,45
5538,164.0,2.3845498705148627,2.3759628926066476,18.04881391969219,18.275790206311342,45
5539,42.0,6.2987786217965125,1.9858904578551373,18.04926628708268,6.648966027756985,45
5540,96.0,3.6753749886657383,7.6871686663073024,18.049566237874814,6.143167968271872,45
5541,23.0,1.627275570844533,6.707088053140171,18.049920169311225,19.7887856652492,45
5542,111.0,6.049477308094352,3.235911546969649,18.050018805955247,11.136367229583339,45
5543,107.0,9.846952327210785,7.233351800241498,18.05126686915247,7.383826682061518,45
5544,73.0,2.554563160476283,9.670449890098345,18.051788095234222,6.002599297815282,45
5545,88.0,9.0803490496635,0.5831099709560195,18.052259147655665,17.470710719382723,45
5546,112.0,6.252577156882662,5.774962841293178,18.053082093951026,8.94988626697698,45
5547,24.0,1.4540657737161078,9.2484902624552,18.053128769623296,17.38219342114828,45
5548,10.0,4.5535758440915055,3.04748945450528,18.053260154135117,10.594681161514803,45
5549,134.0,3.2301686632399207,3.6075042547508005,18.053815028690515,10.019645399225787,45
5550,110.0,1.563716422858299,1.125774295486418,18.054218802405607,12.132274773571849,45
5551,29.0,7.292979863202854,7.577869151430114,18.05423346591018,6.8661914396601365,45
5552,50.0,2.00999437779363,4.488254827071301,18.054662965399952,10.675282322340854,45
5553,9.0,9.361558432172888,2.962599648147055,18.055008692628824,8.094661132434501,45
5554,46.0,8.583524453090318,6.571808663444434,18.057096034367373,20.0,45
5555,165.0,9.91129285167566,8.942089770431544,18.057496375604337,20.0,45
5556,42.0,6.847922032934237,5.931417650302112,18.057706492871226,7.284698172610887,45
5557,68.0,0.51939225161446,7.5560143198680745,18.05796004038954,16.84102206575722,45
5558,101.0,4.088610442370843,3.425447039548394,18.05809347156333,15.747780126531723,45
5559,65.0,3.079546535432832,1.7898155263639404,18.058191278224832,15.290186265152446,45
5560,191.0,6.301380858165785,6.860568305268462,18.05870132335645,17.235526622485292,45
5561,154.0,8.177541383489896,0.9709219762073418,18.05905291526711,6.922620181343212,45
5562,103.0,0.7293083225695762,9.648930050352366,18.05927429321766,8.545274248469127,45
5563,179.0,2.1529555970839445,5.453152765687336,18.059707378552357,17.249861781932132,45
5564,111.0,2.2369710576036517,1.2980482731078946,18.05972451619248,10.97638384994747,45
5565,54.0,3.0009325365355344,1.940908248625206,18.059992686513645,11.569937741047035,45
5566,183.0,3.3387585076552426,2.03952016930647,18.060439065324736,20.0,45
5567,187.0,0.28368591965683976,1.4027655837512798,18.06121552547635,17.812773981916855,45
5568,76.0,5.651543560891677,7.682707798680345,18.061574758912744,7.668841107009529,45
5569,173.0,9.311192055302268,0.20969549755315287,18.062189342638273,5.0,45
5570,63.0,2.2615300238889735,9.934959194307332,18.06229080730901,19.762595959921207,45
5571,110.0,4.494727718906766,5.469661867606842,18.063326630183802,15.158173818703359,45
5572,88.0,0.7188543219013832,3.4197746323905953,18.06423714616642,14.52442131315244,45
5573,68.0,5.593830170655902,9.921825749081837,18.065606560769353,16.422005165126397,45
5574,72.0,0.33585000019860756,5.188679381473723,18.066344387898972,8.058304258322194,45
5575,54.0,8.788715653293721,7.231720246302544,18.066894320758628,10.550582394825263,45
5576,86.0,7.971867291439168,9.001589866512646,18.06728220642066,7.23557630855767,45
5577,149.0,7.31816481973349,1.0632224230196596,18.06734595368896,8.769835275605729,45
5578,39.0,3.864916855784588,0.26300252038820915,18.067391830157824,7.650188355173315,45
5579,118.0,0.29641402142510986,8.090407759845862,18.06817921171438,17.910218799246614,45
5580,27.0,3.953735760374518,4.306234650061949,18.06975939499008,15.249557078412984,45
5581,171.0,2.9240177641425236,4.527375562847748,18.070125911304793,11.139314776337695,45
5582,191.0,9.448002479601868,2.8183883325821926,18.070268850857673,17.887737499842526,45
5583,51.0,4.293767800534124,8.517988558811007,18.07133407412718,5.0,45
5584,62.0,1.1794303267413442,0.7740019343803561,18.07256123167449,7.51505340603665,45
5585,198.0,1.6197692599669145,4.637755816321158,18.073020374072563,10.343762532321882,45
5586,165.0,8.94964360800657,8.307388397463487,18.073071834963088,18.07663348809798,45
5587,56.0,3.536986827773304,7.117969558099174,18.073513291482506,16.761504643247452,45
5588,40.0,9.673384024204038,4.242116471339571,18.07360333821375,6.34361153819591,45
5589,2.0,8.543973265533442,2.0171015569583215,18.07366145047643,9.695270257897187,45
5590,137.0,4.54074328099726,9.795153571112973,18.07370634297594,18.850694988554338,45
5591,54.0,7.399124828894812,2.8532366513703336,18.07391066269701,10.159369798536428,45
5592,73.0,3.6737375079717296,3.805983320721272,18.07416560186254,5.0,45
5593,35.0,1.8942632828936246,2.343965343261903,18.074415525468993,5.0240925513543555,45
5594,33.0,1.0128218282935941,0.09138011648651134,18.075218827436203,6.128167972716233,45
5595,49.0,9.691486807674645,9.2283752162964,18.075276482225185,12.83455487134096,45
5596,82.0,4.257783298459824,6.696425107498445,18.075308400316736,11.301950350740071,45
5597,78.0,7.053995008582724,6.669140277523474,18.077137300971135,6.048675882515099,45
5598,123.0,5.845900564236849,3.3293533278018197,18.077336177494345,12.856668634628818,45
5599,178.0,3.2433526039606075,8.085640083249473,18.07741555782761,8.381358854915838,45
5600,80.0,8.570354299756206,3.3125101741851024,18.07745365717304,20.0,45
5601,160.0,3.257721696225185,9.239114467546578,18.077572959749187,10.50220695949154,45
5602,187.0,6.057604287571362,1.839630105909471,18.07765541201747,18.914674194421377,45
5603,91.0,4.332575084152692,5.574282998979453,18.07792879336317,17.958045773429777,45
5604,24.0,4.6337657039492335,6.070528962406389,18.078134429927562,19.55624176380992,45
5605,146.0,4.464354420690272,3.507636712202066,18.078450952189712,13.40188548697039,45
5606,197.0,5.829737756086586,1.3697890707489102,18.078957272254378,14.277825679548863,45
5607,128.0,9.972924127590998,1.8709858550581937,18.079358089606906,14.86320642772209,45
5608,92.0,5.374014451710033,1.4487358659747962,18.07957673223619,13.624380710710291,45
5609,10.0,8.455111384836338,9.39110495786766,18.081940416244315,12.926428514729738,45
5610,125.0,6.896128786531838,3.800988266891868,18.082558937576692,20.0,45
5611,142.0,9.95417554952839,3.5347856521106404,18.082880300278614,14.27831101392391,45
5612,170.0,5.068641279416647,6.3803515698126265,18.08360025806153,12.656981330093927,45
5613,63.0,5.003234135683277,6.428424701678093,18.083657358065043,20.0,45
5614,117.0,0.5726956073256173,9.517873193802739,18.0838942501883,10.980036603321082,45
5615,113.0,4.117072252702524,0.8278400753822857,18.08442080250588,6.878896614905662,45
5616,11.0,9.036206753524043,6.984459206413193,18.084886890922668,17.378195189483385,45
5617,95.0,1.3125942920841271,1.1388302750940027,18.084935560576213,5.151525263279204,45
5618,149.0,3.127104703666297,3.355576755469285,18.085150590963188,9.139344721856595,45
5619,36.0,6.51229255326812,8.099935336698117,18.085418627739315,12.801036447720193,45
5620,40.0,6.333846465197151,4.3823222863230935,18.085769749164168,8.410056710167597,45
5621,16.0,2.993482472255492,0.734578159217818,18.0866621454296,5.262190166160923,45
5622,59.0,3.469182044559634,8.41258258126293,18.086708336595333,12.299735592553136,45
5623,13.0,1.3582267738547682,3.601607549354584,18.086951159191855,12.426018371364512,45
5624,121.0,2.3774726868971694,0.16279311887926196,18.08821041860761,9.218412118560865,45
5625,26.0,9.136987435918414,8.985583297308692,18.088275359219594,17.547611119997327,45
5626,139.0,7.842027148945,5.223643884885004,18.08845440909948,18.01502402545798,45
5627,161.0,3.2281989035609593,3.2283856197795515,18.08870143304435,5.0,45
5628,119.0,8.732588138925138,7.859647736068687,18.090092582144216,15.109329018086747,45
5629,113.0,1.2301147388662403,9.941667904777521,18.090777396982382,7.587870400919977,45
5630,71.0,8.42517330577973,2.028453412506993,18.091092521528864,6.7789359120448545,45
5631,165.0,4.064961155881944,2.0186239467081157,18.091106104077987,20.0,45
5632,112.0,5.635144388697018,1.1928965231085797,18.0920658547301,7.042471938135695,45
5633,148.0,5.131946821309224,4.22151768023552,18.09276053842367,5.000558525566951,45
5634,141.0,9.30643660352676,3.7710740602267547,18.09279582176778,12.860476516840885,45
5635,148.0,4.717731943660678,5.111976200400261,18.093160422814556,12.126222949636306,45
5636,111.0,0.8145160606053314,1.9339696425130593,18.093190677623163,7.11539573629373,45
5637,156.0,9.51476551810671,0.9300344159864704,18.09320166898565,17.10575687484119,45
5638,57.0,8.781615988681535,0.4758993998091099,18.093966762479354,18.083992370939445,45
5639,33.0,2.6254298568058863,6.799869619800036,18.095130828827045,5.0,45
5640,149.0,2.092693948102131,8.260803964617704,18.095331335893167,6.882293250672685,45
5641,117.0,8.165392075742577,8.749410555097594,18.095732441029625,10.433620690815879,45
5642,148.0,6.525156567896154,5.666289424426035,18.09644124151668,7.394256927042922,45
5643,117.0,2.9833868867201296,2.508800315031322,18.097130004598167,16.816986837019677,45
5644,66.0,8.703953735205573,4.839027052391409,18.09807030059326,7.7828561430934435,45
5645,103.0,7.286428652352198,2.4118211049743934,18.100559467479037,12.225861764923279,45
5646,151.0,2.0511861769737436,1.11032063963739,18.100657968801592,11.868556996204692,45
5647,68.0,3.980502802706275,0.3996761920917524,18.10085017309638,18.125274699064455,45
5648,176.0,7.289903193580382,6.433299418884232,18.101184258103203,20.0,45
5649,133.0,8.585331039016134,4.4592396100450475,18.101680733796016,7.582359181625519,45
5650,189.0,2.0149519407637384,8.833576198857342,18.101793033387693,10.510593744022612,45
5651,73.0,6.440232549431909,2.3276460794952323,18.10227298613949,6.703161191441227,45
5652,184.0,5.721766235167923,7.841974125137518,18.102396038055204,7.738022609833601,45
5653,45.0,9.396183107860042,2.809979464821961,18.103271087728146,6.246904721997525,45
5654,107.0,0.5582763560961801,7.242828964599223,18.103679482876316,5.648366577267197,45
5655,161.0,7.278326865594151,2.925344560583296,18.103690103044947,6.451662046670123,45
5656,109.0,5.2651216515855985,3.3579998763100516,18.104853245623527,17.002958628351173,45
5657,173.0,3.991502762368071,1.0478761702944794,18.105418522019605,9.798065728540621,45
5658,6.0,5.187374394549914,6.139359178010393,18.105467416279005,10.766074886722242,45
5659,177.0,4.784574081551983,3.033362435038315,18.106043708055378,11.594887199554355,45
5660,49.0,4.402199453252603,2.709173246312815,18.106207838383,17.15209349930449,45
5661,59.0,5.393466800594673,8.601785638861536,18.10638842344068,13.977263644676858,45
5662,96.0,8.268053042371657,6.109188370798701,18.10646525851353,5.0,45
5663,66.0,5.2970062542295295,1.0260182317337319,18.106649855755677,9.954783891984448,45
5664,116.0,8.461988350150822,3.5632051839038925,18.107198418089503,17.085377532770732,45
5665,4.0,3.131022622796574,5.143392348753101,18.107294897314375,18.832150048572448,45
5666,120.0,2.5716314812855923,8.612023332479918,18.10745571517892,14.316082718165188,45
5667,78.0,7.659689834543611,1.9968010730968822,18.107533212384403,6.150421948978043,45
5668,144.0,1.9151412251613076,7.735517284233819,18.107603385330933,16.68804981710022,45
5669,93.0,3.3155491766961975,1.7456614419517302,18.107728766378663,14.438678466413934,45
5670,188.0,6.5273521095258715,2.1253177036071547,18.108518629647293,12.869361322904933,45
5671,16.0,4.712231785648699,5.984696331627841,18.1089430619702,7.7366460787798434,45
5672,91.0,8.467041886397945,4.178687515173588,18.109135514742686,14.617090315768845,45
5673,102.0,0.8420393370759383,0.6118225686037304,18.10941704405478,10.571141749876137,45
5674,141.0,6.9428894893818764,1.9908004652782918,18.110172957572036,14.865129870975467,45
5675,87.0,4.556424816859207,8.702148788036814,18.11070266449952,16.998751572046633,45
5676,75.0,6.46849712747493,3.659231100050251,18.113504771059482,10.285582364026206,45
5677,36.0,6.0707203740900715,6.75673355134575,18.113888001441346,7.731707279248347,45
5678,139.0,5.338017312118177,9.31326325721382,18.114819474288456,20.0,45
5679,78.0,4.905675058786397,9.351778536220976,18.11487022360133,6.169957625238785,45
5680,5.0,6.424186903040777,7.324992169588562,18.114870677090487,10.484785270025927,45
5681,19.0,1.1747661736359871,5.226456209050302,18.114961744742082,10.69963295857032,45
5682,107.0,7.833066542126907,5.443727880669361,18.115154714010963,5.0,45
5683,148.0,5.474048335022856,6.339601234981092,18.115365492394513,5.795453283950879,45
5684,110.0,0.9493659854855963,1.1196344260238766,18.1161805782478,14.1306211284643,45
5685,22.0,6.1006285022397675,7.653521484600008,18.11667483290121,8.356854782764414,45
5686,116.0,6.647366145048167,8.621081726395335,18.11766572190893,14.128590615323201,45
5687,60.0,0.027126419283125536,1.997970684133168,18.118738272038176,8.401111405222087,45
5688,138.0,3.0974856628882366,6.137145488867869,18.1200250679906,8.036105705742315,45
5689,117.0,7.560062366009884,8.80393317624817,18.12069544875891,13.288274268254082,45
5690,74.0,6.627851314178908,0.23435273270588808,18.121207260287168,18.01402589923676,45
5691,79.0,6.980038104719945,8.514848751314773,18.121591773353575,16.030986221139393,45
5692,181.0,8.2501191638993,4.738355788370424,18.122944802594336,13.833019780882719,45
5693,21.0,1.7013502660989843,2.242607267913445,18.124411864704612,9.881966629775489,45
5694,87.0,6.894898143514939,5.297061496208643,18.12457510112342,16.420017083048972,45
5695,106.0,0.02471646702859598,4.376162402473823,18.125215316288376,7.985518767658403,45
5696,66.0,0.5332989876045557,5.30469879033144,18.12527639435534,9.62485145354564,45
5697,140.0,9.971755425613885,8.763037238169337,18.12543926985282,5.2406969561398276,45
5698,168.0,0.9310058211711858,1.515718897074736,18.12594869683401,19.487424410109718,45
5699,135.0,2.922038985417139,6.685061670661111,18.125954517669676,6.323126298262129,45
5700,63.0,8.76081359205888,3.1122476232912777,18.12652432231757,19.570353275965264,45
5701,196.0,1.2825046653576655,0.7271599148777763,18.127098091791197,5.206227099604502,45
5702,141.0,2.077422564944076,2.1481416858011637,18.12794959959482,12.24139912375769,45
5703,148.0,3.9973202150774467,4.1374690457324546,18.128504160756147,11.444949455185295,45
5704,156.0,8.319623528273212,0.7953665567713453,18.128647858224603,15.875976607564203,45
5705,145.0,1.6911767349849927,7.019427212928785,18.129106230554676,13.347226735861033,45
5706,107.0,0.7853019674057138,3.3949895353721193,18.129143282719934,9.656231487713178,45
5707,53.0,8.173011795486069,4.078456543015036,18.12956025087968,11.172642375835336,45
5708,56.0,9.558905649374335,5.109888031537651,18.129798585607965,18.630506719258847,45
5709,58.0,3.596818932579673,5.834805685366282,18.130126410894835,7.7666708029672415,45
5710,45.0,2.5307863602072955,3.6226733461598473,18.130782709298515,9.282561441193428,45
5711,69.0,8.174115914224865,3.309382343631353,18.131960586406933,18.782361846386195,45
5712,86.0,7.009240999429119,4.361102168517594,18.13217849341238,6.756049459987649,45
5713,134.0,0.9807124230667552,9.561771083799567,18.133125932352055,5.284906688883552,45
5714,72.0,5.386605463227378,6.129088813405844,18.133178347152878,7.615336166296974,45
5715,98.0,0.6527875775786973,2.7100533898805788,18.133350145842876,8.633619021003602,45
5716,143.0,7.9964738913318065,2.801097117949797,18.134330251932873,19.63806450145967,45
5717,29.0,3.4313646831677955,0.5677997430229131,18.134423392692945,10.558296682115623,45
5718,133.0,3.1810544711895172,8.985300371604621,18.134477445623983,10.814857233278346,45
5719,29.0,2.324024254932967,6.780107046877922,18.134596135379496,6.196400292814673,45
5720,60.0,1.6052102969187376,7.977787390140434,18.1349313501552,9.232646841286712,45
5721,81.0,6.5312674935215895,8.620544973349286,18.13514106953702,20.0,45
5722,24.0,4.2777752981122,5.75860725778708,18.135381461692965,18.540605208826967,45
5723,131.0,8.915289668103288,3.5918614070877486,18.13594045070674,11.680374442537014,45
5724,153.0,3.4092024349635763,0.24706158521345056,18.137893307774018,9.106935665240258,45
5725,6.0,7.628381871361326,3.7934548079704755,18.13989955041822,10.449666319968557,45
5726,194.0,9.196456550984301,6.982928597694387,18.14007554465569,8.423183333124992,45
5727,184.0,8.112233891922589,4.6846296449876945,18.140321077394823,7.648640967648856,45
5728,166.0,0.5879386020077371,4.241824045602031,18.1403989471334,20.0,45
5729,12.0,6.748100815949779,3.4421391174489036,18.140545874261704,14.75964531163633,45
5730,55.0,9.067027856045765,4.453716215064569,18.14070262603616,17.045377179336406,45
5731,183.0,5.4669226856221655,2.19970656889779,18.14162339805548,17.52931270299437,45
5732,128.0,0.6722049323822943,3.2704842088585186,18.141799261446177,17.4207159649672,45
5733,114.0,9.1997063421353,9.242125426680461,18.141894023806977,9.411894238933499,45
5734,69.0,4.285014352626984,5.659199217467426,18.142376928760775,15.126165511438085,45
5735,147.0,8.671411451089293,2.0372536058994872,18.143223076572006,13.815842355456295,45
5736,75.0,3.0748019713815866,7.06138547874406,18.1437932461944,8.562982963824204,45
5737,66.0,8.619583074243618,1.4219387777989145,18.143918357559794,10.645004105855527,45
5738,139.0,7.658140052177922,4.140334765781219,18.14444217806976,20.0,45
5739,45.0,6.518683454464771,8.016374547923306,18.145380330842162,10.517159877486268,45
5740,35.0,3.629839554151959,4.241260283369222,18.145458667122938,8.123772701036835,45
5741,105.0,0.5183018050662436,2.684875256648306,18.145818008888185,17.573598141565302,45
5742,117.0,0.6300930183547837,7.900124800662972,18.14664804626542,14.655542796289854,45
5743,155.0,0.16641526694121223,0.8942409239035054,18.146772700934086,8.822035744931965,45
5744,59.0,2.6043714089443712,8.241298704009592,18.14680071068754,16.2775556276352,45
5745,137.0,4.752790488315918,9.276637093163028,18.146858734331957,20.0,45
5746,152.0,9.857156731432278,0.882037161757725,18.1485570894015,16.1240721847901,45
5747,154.0,8.024195900822402,2.4177469396214413,18.14895856564179,7.910385512926024,45
5748,180.0,2.4603882075199612,6.453034111177452,18.149900148922683,12.881777870255066,45
5749,144.0,5.534581738532487,1.4772141871552147,18.150389814414034,17.9461535091463,45
5750,49.0,5.702877022583487,1.0229172268589581,18.150571944703827,15.817637364610043,45
5751,109.0,2.1439044951038513,6.557398235811696,18.1514461992698,15.471895020827597,45
5752,41.0,1.3828485126405166,5.234558380679523,18.15178647959204,18.668970990298828,45
5753,161.0,2.730103932060546,8.98483741259235,18.152671823520436,7.405154728624231,45
5754,76.0,1.5299909191315897,1.3210772225683298,18.15318868572504,5.0,45
5755,7.0,3.3100855250568397,2.887371748171704,18.1534864214475,16.375825116559994,45
5756,140.0,5.79781470041736,4.751796075299613,18.153980930863884,5.412238949786359,45
5757,84.0,9.715703795219163,4.777319450607802,18.154934714743685,6.286938805110753,45
5758,169.0,1.8359823712147239,0.11398505229599287,18.155061812735404,13.428548897545783,45
5759,149.0,8.234620740164596,7.426358810681501,18.155204701901003,12.13118926132514,45
5760,86.0,3.5023526958350724,5.261276591603758,18.155339517003203,5.0,45
5761,20.0,3.7918553593813877,9.67375938681071,18.155691459996078,12.690426623457515,45
5762,99.0,4.529229291033223,8.14396720093835,18.156080262443936,18.398581881636627,45
5763,195.0,5.983669561516127,1.9679504675707449,18.156457342922007,12.260635873760801,45
5764,102.0,9.19353935142664,4.8479030591605,18.1567095520211,16.278320359739123,45
5765,48.0,4.4443046490121985,9.151453175644294,18.15688669427645,19.472821825289884,45
5766,44.0,8.665855846686485,4.752099339710371,18.15773069921596,20.0,45
5767,35.0,7.276326213854861,7.085472124462104,18.15811679598942,9.224075038784898,45
5768,11.0,1.432893854867897,6.969496476862385,18.15849777003552,20.0,45
5769,102.0,9.108944844680726,8.242699647177867,18.15852984667706,12.906900821609243,45
5770,142.0,6.642115918642327,7.419628016659178,18.159465998484883,15.861042745647147,45
5771,79.0,0.6700774772280249,2.931365630727878,18.15982612153856,16.164109088205837,45
5772,126.0,4.514639198177878,9.029073354013695,18.160424132915992,11.561168800972478,45
5773,91.0,0.26543135856186284,7.8708103770190005,18.161583173241418,15.105752515249574,45
5774,7.0,8.361889846717718,6.756241324381823,18.161714114940125,19.28562882456615,45
5775,133.0,4.83276949406414,3.6666536569385166,18.162128216081264,7.034443383427568,45
5776,186.0,4.436895659334531,4.392649330026619,18.16255485302659,6.978214475943832,45
5777,64.0,0.8644851877310678,0.3341318481876565,18.1628530461254,18.451530450640487,45
5778,96.0,8.755824039734911,0.03845773604760683,18.16295788838228,5.0,45
5779,76.0,6.693451372953363,1.7894539914167606,18.163567049978408,5.641049035269145,45
5780,12.0,8.396140397609573,4.990223710096361,18.164007421098148,17.62512884808964,45
5781,95.0,6.488024477208113,2.7471696834398007,18.164362939448296,6.6444098220353,45
5782,120.0,2.0553828469295974,3.2353608755207564,18.164612965150265,17.004097211717507,45
5783,163.0,2.096078069772136,5.895814593308836,18.164987695283635,13.70530359230931,45
5784,190.0,6.00424668043393,2.708959232689697,18.165479516311905,20.0,45
5785,138.0,9.65880454164706,7.790356113722069,18.16565666708233,5.0,45
5786,77.0,2.224493794007997,8.102680188910934,18.165753550292486,12.220262986828295,45
5787,149.0,4.17195874621489,2.191137330678207,18.166697941349216,7.660430297266293,45
5788,34.0,0.24009735158361356,7.41078349912359,18.166720015965076,16.544448412292486,45
5789,49.0,0.21033068986924253,4.470564149390936,18.16724644142984,14.845974419188538,45
5790,23.0,3.731486833446641,3.4848672228740964,18.167546987651225,16.326410540579488,45
5791,123.0,8.46757356662869,8.81795942671956,18.16838315296692,11.213194546062898,45
5792,145.0,2.4578663539888845,5.645079394599244,18.16845144954142,15.423464560902469,45
5793,117.0,3.0635276167105463,6.138825989735013,18.168770244961593,10.396261781276728,45
5794,22.0,9.75660038260779,1.5126473065742674,18.169057617071317,7.789996111183259,45
5795,127.0,5.88243031068094,1.6954498698396991,18.169070715525827,7.572921150766817,45
5796,86.0,1.844251380933718,7.743034170047464,18.17064712000516,5.0,45
5797,9.0,4.495148352372437,3.9406805489675034,18.171006551407018,5.0648665276083245,45
5798,172.0,9.741514967494915,4.219191793061848,18.171142439722033,6.5443504115960005,45
5799,39.0,1.5208757116482763,4.020007294230954,18.17222862943025,5.0,45
5800,111.0,1.1543735286477286,0.8152585623027753,18.172449463666815,13.912927196515987,45
5801,64.0,0.5642509480276003,2.442252465129523,18.17354741589164,17.227061192526566,45
5802,45.0,2.074330671679081,7.226746878128461,18.174791135808128,9.721514004530896,45
5803,154.0,4.496197199348671,7.185148028491137,18.175067562242496,7.910523184063816,45
5804,95.0,3.918444649383094,4.9937712976385304,18.175367559849505,8.180521085894616,45
5805,136.0,6.307680835820349,6.640276978998511,18.17575822417461,14.212006056968999,45
5806,91.0,4.215526000290579,6.021502225529055,18.176236158896184,14.633828944149364,45
5807,91.0,0.3408311503660577,9.729424035528169,18.1762784674507,16.684596611578435,45
5808,148.0,8.975007930125711,0.3446697030980872,18.176884720461253,5.7041365458461595,45
5809,29.0,2.54984779995758,9.615726847890748,18.17752138510326,9.355543704304452,45
5810,0.0,3.2626038947993274,3.7969436178364924,18.17769887653983,7.494411800250147,45
5811,4.0,3.657732950128433,3.6242473988900614,18.177854472459,20.0,45
5812,2.0,6.250853855300012,4.585745513756542,18.17808427532166,11.827651983924294,45
5813,75.0,3.8328344328237183,2.302618656216632,18.17899984129023,11.918635117145794,45
5814,99.0,7.445619091964489,5.31941606557106,18.18003378881944,17.608467958184754,45
5815,123.0,7.196424013330508,1.7576683370575252,18.180381938988578,16.79934984047796,45
5816,44.0,0.7392350448948981,6.030169007129475,18.180698204948104,16.572149380360926,45
5817,30.0,1.4385419873785121,9.84736740769253,18.180939830521574,17.142851123941337,45
5818,136.0,5.442368279638038,9.39983031860934,18.180983729081934,15.266136871653767,45
5819,104.0,8.915889164016988,2.106195088692666,18.181425973461458,5.389660568751558,45
5820,12.0,2.685903156557108,9.559269850484764,18.181542267071542,17.598246040509945,45
5821,107.0,4.139967476195693,9.162557408472049,18.182410702317235,8.063980295506376,45
5822,40.0,3.2670768564367156,8.126040768415994,18.183205398346907,8.014361135432194,45
5823,22.0,8.980773655493621,3.80819683469263,18.18446790805989,10.35729282089803,45
5824,24.0,4.257912305822382,7.829724953325222,18.184992437031358,18.26423032542588,45
5825,14.0,5.275429959692392,3.296485154737754,18.185561601821348,16.143405021450555,45
5826,124.0,8.26142548700175,3.3198568031595,18.18583793873962,11.776647153000166,45
5827,71.0,6.48347362646075,0.9054321308733704,18.186326567519323,14.274902700162983,45
5828,188.0,6.202840233040518,3.801264126433137,18.186407271198334,15.211642437549488,45
5829,139.0,0.004691897975180881,8.660784732092662,18.18693233718939,17.262058219306684,45
5830,137.0,5.461724390225065,7.375336019637882,18.188159840725604,15.231457077327335,45
5831,84.0,8.986385505538822,3.48535912423897,18.18825071873122,7.377852370908669,45
5832,129.0,2.126891912463462,8.670097263388456,18.188779306516242,14.681563005997901,45
5833,111.0,3.420608768072934,4.563642523156438,18.188822946478368,10.900938855519646,45
5834,41.0,8.43911400868263,4.179688048369084,18.1891467533691,20.0,45
5835,117.0,4.0523219260262415,1.3553043110555074,18.189916404845786,9.651293580653128,45
5836,36.0,3.2644806545161598,5.906067294228793,18.18994712050771,11.859659259338077,45
5837,120.0,8.076811743676629,0.001151092571001211,18.190441304431246,15.861218912154452,45
5838,169.0,3.8412720288018285,5.636035750358989,18.19086304368117,15.193812619881705,45
5839,185.0,3.525712968908512,0.7004253922798465,18.190986038111355,7.571739368881436,45
5840,132.0,7.659784108779331,1.951882554966371,18.191191357375665,11.034757569003311,45
5841,99.0,0.5974916922995699,9.839260835736347,18.191228343043896,18.088474551209927,45
5842,35.0,5.382686586643258,7.4981383823172765,18.191814416003936,10.005804960693224,45
5843,24.0,8.215161163953528,6.8440248875402006,18.192788001061988,15.093559907779332,45
5844,160.0,2.902600693962393,5.19126605763323,18.19303092807951,10.236900456544108,45
5845,101.0,0.16294195326594152,7.485260255634247,18.193556520754854,14.588657111361231,45
5846,57.0,1.8201820865306007,0.028696926893532204,18.193697032838912,17.27167741674483,45
5847,165.0,2.177832435128977,0.7746834467884967,18.195300335503966,14.886628043606954,45
5848,101.0,7.983261625576152,5.765224947791881,18.19621982192993,13.320601731588532,45
5849,124.0,0.9813992346486011,2.238998603880493,18.196948851828477,10.57027973098733,45
5850,118.0,8.05188663940378,3.585826381733387,18.196962081689627,20.0,45
5851,45.0,0.7290584537773248,4.112528744338819,18.19696496855966,10.464523302700488,45
5852,4.0,8.14724616652561,7.510986064798278,18.197099956792535,19.437608171440186,45
5853,187.0,9.192825819693626,6.114538546344244,18.199372180706565,18.552646738977156,45
5854,177.0,3.348700695676907,7.89187937452219,18.199991748335176,14.2895290337229,45
5855,168.0,4.317450776906498,1.954045352755338,18.200035375362567,15.106063554917414,45
5856,126.0,6.254787492099011,5.8675084291920925,18.200329538480354,11.454129460383381,45
5857,40.0,2.189273345235805,1.829927988660186,18.20066359772101,5.0,45
5858,47.0,9.037378816696854,5.341690008430259,18.200967964503945,8.358171635185903,45
5859,64.0,7.138968224944412,9.83345821144994,18.20099358752451,18.997913586818047,45
5860,184.0,9.55154902371461,9.30111934344853,18.201445328890106,6.918320602861904,45
5861,79.0,7.674373771390069,1.8254669511078414,18.201671133203156,17.658380930360625,45
5862,35.0,8.024373139416308,0.5032572003791058,18.202357647562437,9.23144952513835,45
5863,28.0,0.9087570749193663,8.638650496690433,18.203109102662427,13.95950909711681,45
5864,138.0,2.9854259889425974,5.669118875750954,18.205240145057704,5.003500206804731,45
5865,34.0,8.94490430436988,9.66667674769334,18.20528126148334,13.831609333323033,45
5866,55.0,7.211218000062737,9.543659583748518,18.205458410678496,13.94585820774921,45
5867,115.0,9.972594523814704,2.6129839395154586,18.206166497580252,13.773950065870512,45
5868,60.0,5.706572412350033,8.798223189134779,18.206316700105997,11.078099840785022,45
5869,183.0,9.608019631389173,2.5238667371001986,18.206520893959677,18.93127900250901,45
5870,192.0,3.4243895368408506,7.0092702135709875,18.206720257332123,8.338415979996068,45
5871,28.0,3.537271537605692,1.7378890302083794,18.207500971895705,11.905580856036277,45
5872,87.0,7.682659886484968,1.204793691801893,18.20755953787709,16.341373847148237,45
5873,25.0,9.656010591123348,0.8804468757464534,18.20885063698471,17.540722479161687,45
5874,121.0,8.397178330814729,0.5424264390551503,18.210744530656306,10.349742718563164,45
5875,150.0,0.4021549304812755,6.841479364424636,18.210870719230968,12.837084880030476,45
5876,10.0,1.0498348290230974,4.488382511404103,18.211201573643088,13.11894416089312,45
5877,147.0,7.069797330515902,0.4479688041180607,18.21326134528256,13.509176484404618,45
5878,110.0,7.267953384895708,1.9250661664810853,18.21565998235728,12.165495343700407,45
5879,71.0,6.383077681645929,2.540293472109969,18.216120919151795,8.178791405305777,45
5880,4.0,2.41353922297461,0.5592319411545865,18.217277899350382,18.22026071392621,45
5881,170.0,6.644890690964182,8.64114693706586,18.217544825801838,10.541543380394558,45
5882,85.0,2.3178657595628973,6.517446619720351,18.21786529825019,10.87744787356108,45
5883,127.0,2.396418507217862,3.545914321628617,18.220073039958145,7.2324846372377225,45
5884,160.0,4.6551930463770175,3.6631917850015516,18.22019471982804,10.792806913133536,45
5885,146.0,9.915112085490016,4.27750211934311,18.22033359852259,10.363900214984291,45
5886,142.0,6.287868215611613,5.8150472040739976,18.22048610826888,16.645172414133484,45
5887,15.0,7.283635985600679,9.45321605202606,18.222094159333366,7.834014333258409,45
5888,33.0,9.917852782143125,8.90765621018436,18.222154290477942,5.0,45
5889,81.0,5.590799207256321,8.65090426100416,18.22251942535614,18.00592364581948,45
5890,37.0,8.112495727063342,3.5183599783748596,18.22333785443672,11.362546585734977,45
5891,16.0,7.738537516718748,0.43566719401887166,18.22567102054409,6.733777514340365,45
5892,164.0,3.2978414214512553,9.69692653724781,18.225843863114477,17.4245963759019,45
5893,132.0,9.708942343379919,9.258904679290747,18.226922341784764,12.15633659560306,45
5894,111.0,8.615513109431834,8.846975700428652,18.22728234896983,13.038721233921748,45
5895,152.0,9.50645746196961,5.254492661134334,18.22771687571292,12.785936310822175,45
5896,164.0,5.612289291905449,7.157861966738137,18.22782099118239,15.57447292272932,45
5897,53.0,0.9743293128856068,0.36297669309156566,18.228140561994138,9.470074990181788,45
5898,44.0,8.867562362737324,4.083144254021997,18.228406515203726,19.144430007780358,45
5899,164.0,6.177096816998916,3.7251788400668984,18.22848675143291,14.845094430434216,45
5900,70.0,6.766942340537984,6.137571665134098,18.228630659029562,5.0,45
5901,160.0,0.29677364065667455,8.67516347099061,18.228723412908185,10.677656828150617,45
5902,2.0,1.2806266291012758,6.453434149104169,18.22879721863,7.427789805659135,45
5903,5.0,9.937184246216287,7.116784866578242,18.229781994064535,8.396330647978287,45
5904,117.0,0.5671297699445876,7.424973907871611,18.231612831795807,7.493607497515981,45
5905,5.0,5.144320915365168,7.827285673853216,18.233059358787784,11.389518792072634,45
5906,67.0,7.081061434108934,2.7935563779741637,18.235712981774938,5.639042205287138,45
5907,74.0,4.313483582253463,7.394525277159709,18.23777798903516,20.0,45
5908,6.0,4.096588615126235,4.784675949563675,18.238086220602895,13.142758899515712,45
5909,18.0,0.9274318558907946,5.84651285351031,18.238167316519032,20.0,45
5910,69.0,8.227927056164138,2.0143029066619302,18.239038025373198,14.831892680890073,45
5911,44.0,8.019712002760803,3.6969156837030894,18.23961706943166,20.0,45
5912,60.0,9.338665464126155,2.2349074649120326,18.24233197210035,10.525820116158036,45
5913,146.0,6.464563496658862,8.369208794785624,18.24263294058108,10.324165206233188,45
5914,56.0,1.9035540379738958,0.10256379715254837,18.242764481135733,20.0,45
5915,83.0,2.4172446478328515,6.6157415136386994,18.243260268000437,14.506189637801326,45
5916,139.0,6.21921276205751,4.392979869831915,18.244697838175576,17.86415916308275,45
5917,174.0,0.4270531367516772,3.590813387109816,18.246279957624118,13.386571654060527,45
5918,162.0,7.901095911167225,9.408000396366385,18.247319340645177,14.638254833395015,45
5919,99.0,9.928982521122116,1.3788257130542736,18.24754536741166,20.0,45
5920,150.0,5.2099116030791714,4.684291028176325,18.24754675099021,12.621507929951354,45
5921,30.0,8.222096215636364,7.0784235415391805,18.248468403233602,14.671408612297629,45
5922,67.0,0.999952503247441,9.602412541447706,18.24846958909368,5.0,45
5923,92.0,2.114711102161071,0.6109003310945504,18.248516688734455,11.99573218921954,45
5924,27.0,9.055202053067452,0.04030416534486769,18.24887636963485,19.055163216449746,45
5925,195.0,1.0569920329196958,7.506054924318316,18.248983996226237,10.253306272661836,45
5926,139.0,2.145713449138701,9.05343575594159,18.24898964525225,18.050107700725505,45
5927,70.0,7.020863185985605,1.925937594172351,18.250025113652992,7.359394718490152,45
5928,44.0,6.176649968664013,3.9185700848145744,18.25050712662749,20.0,45
5929,16.0,3.087483780881893,3.219826345384915,18.250989320892252,8.433023360076028,45
5930,93.0,9.896482090680172,7.785509388472289,18.25216649415882,14.621950681671791,45
5931,7.0,3.623350762163681,4.397162893397191,18.253499312001907,16.143005706992458,45
5932,175.0,8.222244610900521,1.9719554855259935,18.253519136974703,8.152722023961017,45
5933,56.0,5.986645356493479,3.2771077109481874,18.254216792915365,17.369422684577362,45
5934,128.0,0.8578056140582513,3.951053715430406,18.25460931855898,15.817771697007773,45
5935,7.0,4.803534894045873,1.8665851143025203,18.25575493174669,10.51974286777084,45
5936,128.0,1.7954161291048176,8.487310970845371,18.256533326032166,19.013170809659954,45
5937,129.0,9.723917079940406,5.409392695362827,18.257067076584327,16.87278401898409,45
5938,137.0,8.580401662109294,0.9181728380510701,18.257592171918834,15.501857909624084,45
5939,109.0,5.425296873982708,1.2718042652101114,18.258005410587025,15.959636454388644,45
5940,187.0,7.391129321080172,1.3928713113551328,18.258076384320198,17.08535461466075,45
5941,112.0,4.7218370972853805,6.4864531566874595,18.25824138602154,5.0,45
5942,84.0,0.819112241124551,9.408702096097985,18.258627032892832,6.279455885541287,45
5943,156.0,2.394012966115601,2.0659265502831694,18.258736506132294,18.889032143668167,45
5944,136.0,4.809241993803807,4.093684602638578,18.25879932802779,13.941307147220419,45
5945,153.0,4.737608863064389,9.540076899205491,18.259721723549642,11.621282508416687,45
5946,170.0,7.768887055655762,5.383166043215441,18.260291498963895,8.595464956201841,45
5947,46.0,7.923133259374322,4.216222678750576,18.260486552631072,18.041154568696253,45
5948,78.0,0.5934647542294968,9.890949445744212,18.26177363876859,5.985372986793011,45
5949,1.0,5.535279269969492,4.045840847908936,18.261888248422906,11.969192287873506,45
5950,156.0,5.240991851430827,2.1480792729199516,18.262292825294377,16.616397303361254,45
5951,156.0,5.917374212875784,4.447554804063248,18.262409784353935,18.50286730421856,45
5952,42.0,4.9865404090462935,3.2753028770951245,18.26347411901092,5.0,45
5953,102.0,2.0973252726833036,6.219556019838013,18.26352762753998,13.916682165870839,45
5954,83.0,5.341930009163555,2.0843466895894522,18.263796120327157,19.07763113554594,45
5955,77.0,9.015076153454496,3.1631242178177352,18.264214185697234,13.824779483326408,45
5956,178.0,6.823163798228023,5.052970388955752,18.26472338658063,12.71601411536481,45
5957,64.0,2.9632276146048597,4.583771464077431,18.264764291275885,13.32751250822204,45
5958,99.0,3.326622876911528,0.8699464731476125,18.265150489736385,17.556179696068813,45
5959,96.0,7.849408940633942,9.424149119587709,18.26521019150982,7.161333250267416,45
5960,177.0,8.601253422962108,7.71781779897129,18.265586652651226,11.385196752088056,45
5961,45.0,3.9112162773753734,3.8734153945864924,18.26622234760798,9.303954258439857,45
5962,192.0,4.787565854494193,2.501735650657876,18.266547088371237,5.0,45
5963,130.0,0.3545023695187921,8.034696409636672,18.26710281249273,13.974907312787101,45
5964,86.0,4.584952178625519,6.152169284706156,18.26746948205404,5.0,45
5965,5.0,2.839719934027353,5.097525070027689,18.26799981986282,8.86559389669513,45
5966,184.0,4.511013197023896,1.702027765196945,18.268175420343443,7.688346478283262,45
5967,196.0,1.2227251188894417,8.488255482246679,18.268892009798208,8.909363555145617,45
5968,15.0,3.8379485008778333,1.7959333981122139,18.269675642213176,5.303867818312671,45
5969,63.0,4.879233212276689,2.9507197797663087,18.270928239544276,18.762104979345086,45
5970,100.0,5.061048142747083,3.186939414019837,18.27113962559146,17.985273618728524,45
5971,83.0,4.236808334326603,7.630379038607416,18.271297463172274,18.496081865888105,45
5972,144.0,0.28628008589815845,2.7898618130898125,18.271321652759877,17.78378598711408,45
5973,144.0,4.160508081501579,9.900855442807112,18.271540214266526,17.570280159868243,45
5974,182.0,8.009573896934242,1.9216025218324095,18.272492342081126,14.174563349737785,45
5975,148.0,9.618052198709155,8.942308668532412,18.27281789483503,8.196933052198824,45
5976,61.0,3.84334951665776,1.3079626572320369,18.27499678639876,19.876999654336736,45
5977,68.0,9.438332547452585,1.56971548699678,18.275296228004894,17.657117967543225,45
5978,76.0,8.175789631315594,8.34342803321729,18.27533223841949,10.997669156662095,45
5979,46.0,8.306689589979186,6.976055867908827,18.276800350895222,19.672238576303087,45
5980,44.0,3.255726790386321,5.231181319941288,18.27895567067846,20.0,45
5981,102.0,6.426605072649831,1.4103581954443078,18.280119432243488,11.997202005139041,45
5982,9.0,8.090292375100663,9.382912951729814,18.28023866636158,5.0,45
5983,73.0,9.843284690600541,9.341065226769619,18.280241647783384,7.368178303959296,45
5984,73.0,9.053975206205351,7.419390049014282,18.280309887287856,5.0,45
5985,10.0,8.18411321951582,4.9827382877945485,18.28111746462058,11.165060570559646,45
5986,174.0,4.76414145080959,8.677934744794118,18.28115869885412,15.642872665575956,45
5987,185.0,6.4407079206799835,2.0434761325586894,18.281800795427138,6.701859265154257,45
5988,162.0,2.9369366292991597,6.987626275086946,18.282052847251986,17.158159737297602,45
5989,35.0,5.401608378787152,1.8569746242451535,18.282479980249626,9.509418872374463,45
5990,190.0,5.369427769650056,7.727958032369477,18.28453085957708,17.896777784069144,45
5991,113.0,2.6225001791893554,0.8634677775506727,18.284558735550835,10.366098906311725,45
5992,36.0,1.3279930412310048,4.084342378980015,18.28515708471511,7.660644727727444,45
5993,15.0,0.6255791559583113,4.391144595831435,18.28690093184644,5.970566882866146,45
5994,119.0,4.61923236506758,4.884895024693544,18.287076101444175,17.435229610744553,45
5995,24.0,4.542914434965356,4.349459956365206,18.288016185264667,16.527317766271693,45
5996,3.0,3.684012844368808,0.7018153006372063,18.288157253776077,12.052220317792317,45
5997,108.0,1.055077144086144,7.467583268026891,18.28969149167282,6.268219714376229,45
5998,144.0,9.235529670092873,8.216253145274301,18.29021410559259,15.430562303741958,45
5999,149.0,0.7629647108397131,5.812240418315894,18.290441584376307,13.599544969063372,45
6000,11.0,4.048298516019796,7.330921575882825,18.291302728202297,20.0,45
6001,33.0,2.1542642288539096,3.0126212980792557,18.29141639521547,5.528257245770444,45
6002,54.0,3.6564179977509372,0.34011209254917074,18.292372470209262,17.29041862274171,45
6003,143.0,7.667768345062004,7.6089073103639215,18.29253453923498,20.0,45
6004,18.0,9.240998141403463,8.437203949185761,18.292810758186903,16.524491613809673,45
6005,133.0,4.909867381721712,7.807630546162803,18.29362225750895,5.0,45
6006,103.0,8.611500785158102,8.034492193717552,18.294000757369048,6.9962648157037055,45
6007,183.0,8.759009248945572,3.6081171896117317,18.295621232022746,18.26419702836463,45
6008,182.0,6.577908793156187,2.196120898050772,18.29619837131395,11.307925012132376,45
6009,10.0,4.690765710630098,6.728502809700241,18.29687616850141,13.079289904151437,45
6010,55.0,2.953684174458593,6.3478479301490385,18.297683480150248,12.313087732546288,45
6011,193.0,7.541401829344593,0.8171201130735661,18.298844533216673,13.151818906705506,45
6012,175.0,8.639484072972976,4.24596679074246,18.299396063158305,6.787658887499116,45
6013,36.0,4.370646714255777,7.213474071655547,18.299958768936634,11.78389777850836,45
6014,143.0,8.851606759140292,1.8121982423608385,18.300759133524277,19.111831475743532,45
6015,96.0,0.5331340110120697,7.744868805118269,18.300948551330805,5.031978170053097,45
6016,140.0,1.4193635221813483,0.20914833099567764,18.301126369159334,5.0,45
6017,0.0,9.54679255576397,8.464457197238712,18.301162547019846,9.262913174377264,45
6018,181.0,7.964590664844105,2.5994291726869467,18.30116259620656,20.0,45
6019,100.0,3.8634210572828276,0.22872502837831266,18.301438505712255,18.849360991287224,45
6020,0.0,4.711971140515933,0.45188286048121196,18.30201357385203,8.214479800856317,45
6021,37.0,5.617716814339595,2.174883916766901,18.302572554204996,19.02823672806202,45
6022,71.0,1.4908338024503998,0.3783572923748413,18.305048575475233,11.347511524300518,45
6023,135.0,5.327694852023365,5.100273755007388,18.305379959035708,9.712376149990677,45
6024,72.0,1.4417350418972952,6.3549202124804625,18.30602717010927,6.756890773117392,45
6025,124.0,6.310051876392315,9.784315377541175,18.306043325582095,9.44795608946538,45
6026,182.0,5.9425939916829105,1.5494145352854716,18.306713540954874,11.839022373909625,45
6027,80.0,8.42050610486965,7.867113636571794,18.307064974529474,17.728462389286786,45
6028,7.0,1.748065244338488,3.408490916843163,18.30714284814359,15.97995944018761,45
6029,124.0,3.5901907986364434,4.901347975780447,18.30767988993244,10.068890405998355,45
6030,87.0,7.6034180393332615,7.165437561544412,18.308033978916683,16.841707448490368,45
6031,132.0,7.526302580059935,5.881067362172293,18.30894350728409,14.276069870523287,45
6032,40.0,2.8860428008991015,7.716264844886526,18.308999071303486,8.146246087238861,45
6033,61.0,4.811932268134206,8.528384584160534,18.30917068907548,17.41436546602655,45
6034,101.0,0.5752340644311726,7.565562934849605,18.310108864680892,15.931191885600802,45
6035,184.0,8.527337448300697,6.59193293793299,18.310168153134313,6.686769725375659,45
6036,150.0,5.415296219335746,6.1417138735064984,18.311586839716824,13.359484549158415,45
6037,153.0,1.2891408937917825,3.8706493329050873,18.311593793188546,9.415597817997778,45
6038,72.0,0.7191182589527867,5.524651665744178,18.312488213721295,7.056151498739712,45
6039,94.0,0.41316395167162456,0.5988020739054556,18.313378077140122,10.860850150934095,45
6040,187.0,8.367691511733996,6.356999441483905,18.316356026780433,19.32064891176225,45
6041,196.0,7.710526944379391,5.211177675544634,18.31647821707915,6.319150350650921,45
6042,36.0,1.0365202510101401,8.207885450337765,18.317079257956497,5.777811968318688,45
6043,167.0,5.981641540368875,6.324809661065655,18.31747854612049,5.239657681961097,45
6044,27.0,4.35872281424742,8.9979526125344,18.317890700492445,20.0,45
6045,144.0,5.836483265428065,6.284917023884552,18.31799365386329,16.89083639541431,45
6046,123.0,1.496480681025718,3.1171556799342017,18.318327289872173,15.062830900138877,45
6047,59.0,1.8842993801833352,0.7014081956761054,18.31867097716352,16.59721989996619,45
6048,76.0,2.7366523647522714,1.9915350725387082,18.319293128904622,11.175856982913318,45
6049,126.0,1.7252877769956376,9.7012705349912,18.320351382096522,10.543433363316383,45
6050,78.0,8.602147771551126,2.3886020511652073,18.320582807378265,6.49723350774227,45
6051,91.0,5.163490254400751,5.701027944655646,18.32082456480048,19.151356863413113,45
6052,138.0,1.494571609148747,5.319076503535289,18.32176756733226,5.0,45
6053,152.0,4.119041047935728,7.551548747996192,18.321976073942082,15.906027111415296,45
6054,118.0,6.375272498276152,1.2599332275927766,18.322087277010297,15.312482497364703,45
6055,139.0,5.4341519115199075,3.1526091297902825,18.322167082899632,17.1630371498039,45
6056,119.0,3.4733037594251437,9.939228589844205,18.32231712671186,12.208052755261173,45
6057,55.0,5.36708300639239,8.166504366235175,18.323075084822612,16.08177944415188,45
6058,33.0,8.78159172127483,8.260378099003624,18.323166264373867,5.0,45
6059,150.0,5.838742493133848,5.903417027966588,18.323303133806032,14.495989226970703,45
6060,10.0,9.402908299681346,8.514944495937362,18.323411653394544,11.36816798877529,45
6061,9.0,1.7485725147481002,5.017878733008514,18.325279759289344,5.0903065030618855,45
6062,47.0,4.400300693127935,0.2003815862086733,18.32566668360894,9.804024244961834,45
6063,129.0,7.8215065214703205,4.713887638418443,18.326144635267198,11.118012697617337,45
6064,16.0,0.2839098320898237,7.85637145599726,18.327117315251556,7.534931077050714,45
6065,123.0,0.18935417612639394,8.098498523349905,18.327120193447023,10.611132147986996,45
6066,97.0,3.432688177663501,5.6737899770787115,18.32726953579381,16.194861684243488,45
6067,181.0,0.09571219167320177,1.5029300229157194,18.32879289827148,18.044413584284825,45
6068,43.0,6.106336772932547,4.770652716716981,18.328868002371813,19.104212589341373,45
6069,189.0,4.26457163560387,8.136755441646669,18.32980732213459,9.052311287264573,45
6070,179.0,8.958899051158326,7.60502591515349,18.330721792500455,13.991399783685907,45
6071,39.0,1.7515795381938726,1.7230874403822238,18.330993254727264,6.069944703317523,45
6072,26.0,1.8396417341056293,9.114322696086901,18.332625430138496,13.342671854789558,45
6073,152.0,8.83823208567002,1.8187653899554779,18.333756903440715,17.33816481059539,45
6074,54.0,2.965760660430491,6.41162206043203,18.33539552342088,12.91053034395101,45
6075,174.0,0.1913444087854732,6.5598237264095705,18.3358303093204,9.569068594041813,45
6076,61.0,8.983368355371912,9.01051708548984,18.335845273722104,17.821144634106105,45
6077,160.0,9.91685460856987,3.124846552324547,18.337467983185416,11.754206832576688,45
6078,48.0,2.838542716165727,2.8522746881586514,18.33790846547098,19.17708987019607,45
6079,134.0,4.272072180188181,6.082807713874639,18.33793095193751,5.830489617687174,45
6080,68.0,3.469988299574538,8.99010562006553,18.338113184037056,20.0,45
6081,144.0,6.371797585475917,8.692553763658683,18.338140791604197,17.42479595137504,45
6082,46.0,1.5071521985948921,9.83553795981712,18.338397910533317,20.0,45
6083,1.0,9.906859528208491,3.545043539094163,18.338593684863397,10.052781024033937,45
6084,112.0,1.5502061629319708,1.40319872271352,18.338597265727465,9.128548957552379,45
6085,176.0,5.223151586336727,7.739126539637215,18.340200902014637,16.13284067278417,45
6086,160.0,8.968248363549145,4.895806104037988,18.340414378567957,7.0011694322835805,45
6087,26.0,4.613237084975723,4.876550240157556,18.340574508391242,20.0,45
6088,63.0,6.285888458391748,1.968730356696855,18.34086342321419,20.0,45
6089,133.0,0.08938503294808386,3.210061980830644,18.341100631166697,9.150481951427585,45
6090,173.0,7.820839844510241,6.975096138108866,18.341437791349207,5.0,45
6091,55.0,5.017776322847212,4.0792900595386605,18.341740809115954,12.281691785268372,45
6092,11.0,5.905214487053608,0.827581449309982,18.342357516438533,20.0,45
6093,67.0,5.197389861825677,0.6777592961634082,18.342807364377137,6.206706209750107,45
6094,155.0,4.9175606990855005,0.8747995280775378,18.343346816408925,5.0,45
6095,15.0,9.94835444751342,9.73990865032016,18.34424447776847,10.340037676869915,45
6096,160.0,7.719200266050015,4.006297733009594,18.34455655082143,13.721906020778269,45
6097,33.0,7.978637424736366,4.708740290229531,18.34490034874801,8.077674194431568,45
6098,199.0,8.280758582189403,7.562400890659248,18.344928051636693,5.666388411351935,45
6099,148.0,4.417732239005993,1.7987330164687754,18.3450179918311,8.190390139460332,45
6100,141.0,2.216012200830617,0.3474143320147438,18.34598894854384,12.488958291951972,45
6101,193.0,8.784242871525782,5.470424897437195,18.34667035250589,12.715052391306235,45
6102,19.0,3.1627147397772424,6.152108706520126,18.347077418513194,11.759165256459715,45
6103,163.0,8.92115560280702,3.0443326842306986,18.347671096517644,15.916406909469172,45
6104,190.0,0.41096380551927214,8.992606251530992,18.348571514197,20.0,45
6105,61.0,8.862598172467036,4.466633918877,18.348942980280462,19.02062987848987,45
6106,191.0,2.329759187722986,4.514376959179675,18.349463067783645,17.84295813534305,45
6107,48.0,7.521469056415741,2.6681414874158484,18.349539603288946,19.154270531626846,45
6108,18.0,3.3001059255387633,4.41797419861944,18.349569731865337,16.830197718761656,45
6109,136.0,7.769816399166084,7.099617122642988,18.350363560650493,16.01345331974778,45
6110,177.0,6.017813733560393,1.4807324123000998,18.350822767155982,12.128372797717772,45
6111,117.0,9.909723706649283,3.5609147913321983,18.35149826680084,14.13446609343144,45
6112,100.0,0.8475133730803741,1.671176816619362,18.352093731680526,20.0,45
6113,57.0,3.322325988385738,8.807998140446337,18.35367395444907,18.161094324577384,45
6114,63.0,5.901612742600921,5.74178005689557,18.35383771048069,20.0,45
6115,104.0,7.106288278073697,1.5059730400097804,18.354103607629213,10.32196740166808,45
6116,113.0,5.867710026453947,6.844178110941063,18.35430940361308,9.374585849430817,45
6117,51.0,9.207418825243838,6.4192373380121275,18.354767122289726,6.596882569586073,45
6118,135.0,7.867889272757193,9.548687229893941,18.355821429593952,8.624546263532782,45
6119,74.0,3.209786243327396,8.59390643386588,18.35615147314337,20.0,45
6120,171.0,3.478852848349666,7.20449719506216,18.356161773973426,10.016066612130443,45
6121,59.0,5.077378919135511,4.714936438829628,18.356349190396365,14.389312989978716,45
6122,34.0,3.228465291898984,3.55316771979564,18.35722643858748,13.778058221297773,45
6123,141.0,9.348848634303774,1.2413515699823774,18.35749710204285,14.401597801307727,45
6124,0.0,7.934533353363953,3.832768813037817,18.35753869207478,6.217645251829953,45
6125,158.0,1.007755122956181,3.038522543528761,18.358564771428448,15.2570804822548,45
6126,50.0,9.176668981384791,7.744186470009598,18.35952725460868,8.340398678130988,45
6127,198.0,4.3957444225241815,4.968681540315121,18.360208402181215,16.077386676457273,45
6128,79.0,2.7888353797119603,9.474960654406981,18.360341337240982,18.22633266896439,45
6129,108.0,4.993797331098336,0.8041837611340252,18.360879448053332,8.527158720150856,45
6130,129.0,1.5217611363174222,6.916912080143946,18.3613872827761,13.353394941755681,45
6131,36.0,2.415262060850454,6.196506251632563,18.36182206787901,10.280519954021603,45
6132,73.0,0.36897876175256195,6.340625826361444,18.362064713025433,5.0,45
6133,159.0,6.843401501031771,6.447278177077649,18.363918808849608,10.891239240701852,45
6134,144.0,3.939044228056022,6.408011962438604,18.366193363708554,19.968867170577557,45
6135,185.0,5.7670264268628575,9.379008581863692,18.36653120446801,5.0,45
6136,87.0,9.308717828381347,9.159673479101192,18.366635929703072,16.056537742625295,45
6137,126.0,8.183365878453305,3.142225168148649,18.36729215651137,11.410273183252261,45
6138,15.0,9.629838856008812,7.073306849843403,18.368650738830585,5.0,45
6139,186.0,5.703181380845246,8.087947570689781,18.368949152375713,7.521239931397182,45
6140,142.0,1.953376488156806,6.972442369649714,18.3717565933567,18.462287130047365,45
6141,12.0,9.96130646364962,8.69359436024224,18.372595690639514,17.553727030683284,45
6142,191.0,0.7924200400681625,1.205372603439896,18.373075312881156,18.620017117915555,45
6143,125.0,3.317045481548404,0.2633901749353029,18.37437274422573,17.612412594068257,45
6144,112.0,2.281193857390228,5.106518713321369,18.374909224900165,9.444375403024315,45
6145,180.0,2.984150871068066,2.2351824084023306,18.375187772959755,9.955336260067657,45
6146,193.0,9.11357023218258,9.408877961484478,18.375712568079045,12.017995675223887,45
6147,191.0,5.513398158275484,7.081652139361997,18.375841647796754,16.432381409857644,45
6148,95.0,8.073539441121918,1.3085432644910622,18.375885285050593,8.549618270498216,45
6149,47.0,8.264064689039326,1.1670572260842271,18.376235534066247,9.268310369051848,45
6150,73.0,2.9666699771547265,2.7018578576649475,18.37650551062533,5.940906358385893,45
6151,86.0,3.169250166415214,9.653744363851434,18.378712149156055,5.0,45
6152,160.0,5.399178981882117,2.49646312001903,18.379271122366557,9.139879661899798,45
6153,133.0,2.4006099733635033,8.162924042598455,18.382367502509645,10.374705154076967,45
6154,189.0,2.3114015848701364,1.3920245658451758,18.38285782156879,7.503371859929848,45
6155,32.0,5.566340725722068,4.214343516223982,18.38293514470198,20.0,45
6156,88.0,7.005753176010302,4.207781861441023,18.38296325743348,17.11009342178653,45
6157,100.0,4.66703246570153,5.629618562796114,18.382995975508848,18.637366709999213,45
6158,0.0,0.5447949088672077,0.8042326966945001,18.383322664653143,7.790722815678924,45
6159,47.0,8.378590119956973,2.3997590060035288,18.384058065071798,5.0,45
6160,129.0,9.141893924055745,5.529213625382823,18.384647680346923,15.27338932234584,45
6161,121.0,0.822511432742804,3.444956628377666,18.385057466590503,6.905920951510913,45
6162,49.0,6.302445701818144,9.427597847265307,18.385323368341577,17.2868195088468,45
6163,194.0,8.866451753179039,5.004180575609107,18.386048269530633,5.0,45
6164,91.0,0.4422300168573001,1.0872466603291542,18.38670671549727,20.0,45
6165,141.0,4.209431236583345,1.362134633699461,18.387488884057433,11.67416431818043,45
6166,102.0,4.3509257792425435,5.822970258211145,18.387647752693454,11.054124950312156,45
6167,151.0,0.9914137431947256,3.4918189111946765,18.387807528100414,13.968337481777878,45
6168,11.0,9.496855278207114,6.977286648424654,18.388926199353094,16.597199292476557,45
6169,178.0,4.743568553024238,0.8444423674337709,18.38923430705062,14.849378575075479,45
6170,8.0,6.343818513670577,1.6955066486173143,18.389274464796372,17.624163055960146,45
6171,195.0,8.112614791797332,8.081669925197914,18.3898171320672,6.29496293510161,45
6172,155.0,4.1891194575113815,3.8386784110584204,18.390129177538874,7.823553548043392,45
6173,57.0,3.8279907544054947,0.02792078239472806,18.390694894370093,20.0,45
6174,44.0,6.5181544813323296,3.6492131158407872,18.39093385816602,19.308448165342483,45
6175,51.0,8.015828246494834,7.56838028209624,18.392073595031718,5.0,45
6176,51.0,1.112370118201772,8.269814853852315,18.392438567217717,5.0,45
6177,52.0,6.836766019803885,2.1447222323209103,18.39269480824568,15.064263956612763,45
6178,13.0,8.18604334209632,1.4338341503964092,18.392902423682422,8.528185556783015,45
6179,34.0,5.1702014775966,4.463857398299799,18.394494458825097,15.278634720391484,45
6180,142.0,8.312125208057457,3.5270754761409306,18.394525159333075,14.490482383457614,45
6181,19.0,2.218429440539329,0.3426965294435036,18.39453368518656,11.74496957159766,45
6182,7.0,9.955155419605077,4.73070538642239,18.39515839628234,15.509602107040328,45
6183,112.0,7.423458159434863,2.5674756493686113,18.395359300312972,11.89167724406581,45
6184,90.0,0.19793254416408335,9.4278985423887,18.39561600401632,11.698323013329292,45
6185,35.0,2.4909353656517896,8.225048838053905,18.395659818638745,10.264017590887217,45
6186,67.0,5.986490042562098,5.429307239840149,18.396462473193715,6.565458565842812,45
6187,140.0,9.711926244543028,1.204386659356167,18.396476268999024,5.0,45
6188,57.0,9.243752038881606,0.6910078864715508,18.397884800125937,18.961573274005502,45
6189,104.0,7.259773988662549,0.7212490649743442,18.39788671678602,5.0,45
6190,173.0,1.251253784299855,0.39696209486937195,18.399668438482305,7.640906852013363,45
6191,51.0,3.4603224321170423,1.573726055311332,18.400900238435092,7.1416777525459025,45
6192,63.0,8.906583726078688,7.775249508900041,18.401036950771157,18.0073515238722,45
6193,171.0,4.071010137537614,8.398650434200675,18.40191630487762,10.288227329986274,45
6194,175.0,3.8273329156844147,1.732285504761284,18.401970650136082,5.99080332326959,45
6195,91.0,6.873717386847091,5.29786356482415,18.40257590614401,19.38905098969728,45
6196,193.0,5.633176467844675,7.503461310145504,18.402923611906743,14.004248119011972,45
6197,97.0,0.650614965109978,9.793350046453114,18.403023513334254,20.0,45
6198,166.0,4.1756430784905065,8.687349783115534,18.40327395678838,14.564234150355219,45
6199,122.0,4.114356270673873,0.7951029041740931,18.403863623603304,14.314899212608132,45
6200,76.0,4.4629455824520905,0.44080324138582205,18.404006493507225,5.0,45
6201,25.0,5.11925021338559,4.341138375585586,18.404076742601188,18.34636772345747,45
6202,20.0,0.34733236877718343,5.600232360909704,18.40466769018082,10.681786671618164,45
6203,79.0,5.758557393785333,2.2128163302214485,18.40469120878428,16.09783547365833,45
6204,138.0,5.413564591406672,6.08042714658387,18.405181589878048,7.531808685695806,45
6205,20.0,2.083400606962955,1.3149604927723757,18.405458385092295,14.185206978018718,45
6206,121.0,8.484517686047601,4.534971138552021,18.406038033156456,6.403770777481634,45
6207,185.0,2.802433929964514,1.0811425542469877,18.406385387103967,6.023652810996915,45
6208,134.0,9.909323978801911,3.3949735105135836,18.407185731377936,5.37019840550756,45
6209,112.0,5.18082436485278,0.32057778779904345,18.40736582089047,9.566236304848797,45
6210,18.0,4.954334247782609,3.720192164522701,18.407467176633364,16.598682844875952,45
6211,183.0,9.88246474567894,4.690657930981324,18.407492297947613,18.964952328460924,45
6212,126.0,9.837680344392414,3.817525879255208,18.40781301627695,10.834358503991735,45
6213,42.0,9.74667069176325,3.9116523252295954,18.407826807766927,8.39504626176056,45
6214,5.0,3.7148332218471958,9.053843554436384,18.408092975134686,6.302024852776702,45
6215,46.0,2.1134072633695755,8.640350520056263,18.40845491424842,16.48926250735999,45
6216,146.0,5.740064608606645,2.3673797545222106,18.408706255411165,10.684338746698792,45
6217,100.0,9.843515857275806,5.2975228696093914,18.408845192011626,17.23312656404956,45
6218,84.0,6.367207958839428,4.955067195173423,18.40910400927659,11.615944348286863,45
6219,182.0,2.2215819127937984,7.4184642768763265,18.40935447456684,12.970992353014404,45
6220,193.0,4.7642824053523425,5.313102423893735,18.40958153869646,13.44572609542412,45
6221,127.0,2.7371581782367893,8.792719114171426,18.410411630337183,9.818158505174887,45
6222,178.0,5.485867645183811,6.969845637682129,18.411291268213034,8.792444209837168,45
6223,101.0,5.874574385444131,2.0863029364848784,18.412801055498548,12.036007267441871,45
6224,138.0,5.12768640308113,0.035647550316522114,18.412995389696718,5.504501049125085,45
6225,109.0,6.314555367674959,0.543792671264911,18.41373063959984,14.577960875701079,45
6226,177.0,8.53598474565094,2.354221141446607,18.41414462025125,15.271366135806389,45
6227,115.0,3.927724962045982,3.688698076136945,18.41422678530282,11.518757176382227,45
6228,159.0,6.1543128833449,0.45661145517830737,18.414357634833014,12.24689728794031,45
6229,73.0,6.321961174159776,3.8971062694618652,18.414950913816256,5.0,45
6230,187.0,4.437729923703895,6.507941511563512,18.415024769203683,18.24948253788434,45
6231,76.0,7.52876437316287,4.4966385825028885,18.4163627237253,8.981658844928695,45
6232,45.0,1.6947549184997956,0.1800699032968922,18.416851238261295,9.20988287830459,45
6233,130.0,4.189417358894446,6.8517028502442106,18.41709825508618,15.706885979187456,45
6234,26.0,3.6550003162743416,1.475890414729747,18.417829922804913,19.312615498689492,45
6235,120.0,5.214538418828122,5.522659720690399,18.41800663304498,16.177324494602928,45
6236,184.0,9.669157313406076,3.6749894310333286,18.418041492249884,5.0,45
6237,123.0,7.228974596306105,0.4380007604925862,18.41898811993201,12.958295629820055,45
6238,119.0,6.462049003064708,2.749586242239288,18.41979614037962,12.663765060711977,45
6239,164.0,3.6631178351347238,6.9563003878338385,18.419876424938124,15.796832021812843,45
6240,24.0,8.884046462872108,0.9865774668530913,18.421057125668312,16.743349813889857,45
6241,9.0,9.887126137883723,3.650835298469132,18.42267869404329,5.0,45
6242,151.0,0.2699496476217689,2.522943129234685,18.422930823183314,13.332733403093918,45
6243,175.0,6.4352779793768455,0.3536881499690048,18.423366401437683,10.36902051190424,45
6244,95.0,3.9571546507859123,3.429756041674359,18.42344240764391,9.320454125793953,45
6245,139.0,0.3741144785555306,8.55318155245047,18.423445327943035,20.0,45
6246,150.0,3.1496792970103837,5.956003736465628,18.423623238921735,11.412011836865442,45
6247,146.0,6.3662580339626595,5.771169903311585,18.423770227172707,10.348361537108811,45
6248,136.0,3.8244144180352544,4.175359949048804,18.42417303408326,12.005984914437228,45
6249,193.0,0.1696496710025419,7.010014428045324,18.425881182362847,16.191342307943962,45
6250,90.0,1.5569355517293226,9.725176502564617,18.426560420899897,10.895849653709593,45
6251,26.0,9.703984833089404,4.560380015360261,18.426919764296954,20.0,45
6252,115.0,8.985068583831982,7.036330762948442,18.427774220628997,5.244059933818409,45
6253,145.0,4.844716128770613,8.562996167322737,18.428061209222342,13.625769978671517,45
6254,135.0,0.6342959732604414,0.6709229868405719,18.42810195151163,11.04552469886833,45
6255,150.0,8.389608326644769,1.8132359604617343,18.428381225606298,12.771286174128146,45
6256,41.0,3.2206317575427246,3.7070315536378096,18.42848488127249,17.987946932320416,45
6257,22.0,6.104075089729521,6.989654734107646,18.429010337804375,10.381215112857328,45
6258,42.0,0.4232082798427361,9.64047335762489,18.42982133952963,7.658107034031989,45
6259,59.0,0.056790625351375024,8.408654976200182,18.431682470298746,15.412217186121044,45
6260,118.0,3.3286260306393665,4.133486417031502,18.43349225653415,16.387248113903265,45
6261,136.0,8.454520921613856,9.524713006071439,18.433532317816027,15.561858481535877,45
6262,134.0,0.9183800151895116,9.193802535702474,18.434160486122188,10.24597518440443,45
6263,83.0,6.609954565914285,4.56739445679299,18.435241888610214,18.296591671490855,45
6264,161.0,2.20785056684192,7.647299389891245,18.43532129174412,7.891583787854351,45
6265,171.0,2.110102690779331,3.467291246846258,18.43537058340288,9.824093648854133,45
6266,147.0,3.8981146580855563,8.381051849331376,18.435528066176623,13.99471611778736,45
6267,84.0,8.46125986548245,7.344374078796595,18.435900713761832,12.073889796762362,45
6268,117.0,6.799059338768052,5.122354236940914,18.436193470449076,9.733242624309412,45
6269,21.0,1.0171444692194787,0.01369671119481386,18.43728581319069,8.93350129852733,45
6270,170.0,4.714245145580528,3.2692727940517674,18.43766251944977,11.271909976322855,45
6271,37.0,4.782197833203706,1.5368629043097115,18.437882670786706,14.154991324243671,45
6272,181.0,3.2939710268723177,6.896017983506722,18.438738798745273,18.29428636040814,45
6273,197.0,8.131446471722004,5.627996364791278,18.43897766479893,19.25438128576775,45
6274,172.0,2.332196564605493,7.280104945350767,18.43898407553294,5.755982840618013,45
6275,65.0,8.565471754365767,5.923216576298682,18.43913307904983,13.034823135222346,45
6276,183.0,7.231516059877334,7.072302179572338,18.43914391969814,19.191142736053543,45
6277,166.0,1.940929784961385,5.344471479745777,18.43966368236054,15.408121887961855,45
6278,11.0,1.711579622365812,5.061009888507981,18.43970832211033,19.54897477099888,45
6279,184.0,7.02123147889142,5.486662825182007,18.440568226961652,9.822627696957305,45
6280,128.0,3.4513149647279393,0.710663399776934,18.440734175706613,15.05453119321455,45
6281,167.0,6.945438466186822,1.2421209758795981,18.44135665205448,8.604223861263225,45
6282,81.0,4.86074060521,3.7848139808695223,18.44187684031317,18.676039454413228,45
6283,112.0,4.589410087890218,8.47842890889289,18.443020707985255,8.985308746233848,45
6284,16.0,5.386235654920078,6.473825473129939,18.443656424812175,5.790205048192976,45
6285,85.0,4.680659893526772,6.686307477945304,18.443939507211645,10.12256855375601,45
6286,29.0,3.238320969973717,6.9669340967205295,18.444093674228952,8.391084959204488,45
6287,161.0,2.3240636209139898,1.094153450149965,18.44443303172563,6.6186744535479445,45
6288,181.0,1.6642751720285864,2.101619804691819,18.447315301682092,16.96631919514483,45
6289,47.0,3.878621140656012,1.428176602200708,18.447372119473158,7.56009616635134,45
6290,119.0,5.618114559621122,9.14102420094161,18.44849191972884,10.091603956552525,45
6291,144.0,4.374206400107381,8.734219519460515,18.448745551411847,16.48584473766357,45
6292,31.0,2.526110695783139,4.347266585957984,18.449602323561233,5.0,45
6293,136.0,8.904416891599485,8.012123287111118,18.449857009466484,17.35079987857693,45
6294,7.0,7.966329488715274,1.2503678154392772,18.45060495702711,14.96973087153479,45
6295,145.0,6.379863724504522,8.175512898405987,18.4511390835306,14.248578949393435,45
6296,90.0,7.098514498098689,8.684773354970053,18.452632942208517,9.806875123785947,45
6297,187.0,1.2428722367120748,5.186834764842948,18.453382289146266,19.489953071446028,45
6298,190.0,8.909314488955628,8.319435395305138,18.45370540228115,20.0,45
6299,89.0,4.746803554735221,2.170642715146319,18.457164203950626,13.045845285110548,45
6300,93.0,7.818107338361971,9.492089863073982,18.457393524156096,16.307890298680867,45
6301,169.0,8.294760988410456,2.1399967741416193,18.45744580005187,16.024784200931272,45
6302,95.0,3.2324885566441885,1.4734438987681064,18.457585537718124,7.344630501101404,45
6303,29.0,9.428184864695785,1.7863016131073794,18.458302004559602,7.994916610840797,45
6304,19.0,8.511891287399997,6.54515628177051,18.459417144242977,14.509672003592797,45
6305,65.0,9.590930923410571,1.6822318879029774,18.45964400568647,16.17773600800858,45
6306,11.0,3.459269046027924,3.080428235540186,18.46024041842574,19.702317017114144,45
6307,131.0,9.3710257677581,0.007082061003101936,18.460255113962305,12.90731149228422,45
6308,101.0,1.1026285390554669,7.409054154641047,18.460533661906414,15.898069779419759,45
6309,186.0,8.70407290102308,6.794825593918636,18.460614025291378,8.092140973950752,45
6310,2.0,1.675788632235946,5.470798600128336,18.460959138205503,9.19671820814558,45
6311,123.0,8.83059670590898,9.962462561099985,18.462104982485588,13.568426332584094,45
6312,94.0,8.499884525352922,6.120467573636099,18.463162542099887,10.378090400211127,45
6313,171.0,9.221877339216588,7.593980389483716,18.463379247652316,10.076759363709957,45
6314,136.0,4.702306511516512,4.139495053897383,18.46425212880653,19.614610832786596,45
6315,150.0,0.5177683362962959,8.294074490487336,18.464276036265048,13.524813340648976,45
6316,43.0,2.1443959156325585,9.801058074424478,18.46435549272539,19.020143476567142,45
6317,61.0,0.14753460913559335,3.3973755898202427,18.464906487681805,14.756624303316995,45
6318,125.0,5.318184626330576,4.558819300488334,18.465732938808973,17.959441106129855,45
6319,56.0,2.4986971542577443,7.487880751283214,18.465809348239326,16.716370168269872,45
6320,52.0,6.920571548710033,4.607606846614418,18.465874582943616,13.28458514102961,45
6321,11.0,7.9151353881390465,7.298580624114432,18.46791200648736,17.73251722094733,45
6322,34.0,8.567690646256908,6.088549384353267,18.467991121694986,17.01811935179542,45
6323,33.0,0.6234431919088446,4.70393157115168,18.46825175742859,6.217705117652528,45
6324,9.0,2.641685198951672,5.439662349149889,18.46910861244382,5.0,45
6325,96.0,2.2985293373080493,5.5122927972718205,18.469206139279187,5.0,45
6326,1.0,5.442591012096749,6.3613068517412845,18.46972270158236,14.681122148545512,45
6327,168.0,6.289424024867766,9.70694381009293,18.470586446898633,13.98104189979842,45
6328,182.0,5.406248117973406,4.993405641541294,18.47058933618066,13.967636927496379,45
6329,159.0,0.14038917167213172,2.739797036244047,18.470639418735523,8.489201400100175,45
6330,104.0,2.0896941261575988,9.986017164717694,18.471372838264447,9.238599009845087,45
6331,90.0,2.1788071038117374,0.38674193696136006,18.471402925671768,7.812307432222736,45
6332,125.0,1.1718543413702631,8.230465395992677,18.471823192609822,15.912085848561182,45
6333,128.0,3.26834129427076,7.688117415554078,18.472228091968297,17.24929592293601,45
6334,104.0,9.110681995511465,1.8442075067875785,18.47291579003578,5.847331063561857,45
6335,173.0,7.953942519079669,7.838699966561087,18.473467341902285,5.0,45
6336,118.0,7.400418003878072,9.446253118392868,18.47373240627824,19.281541196127357,45
6337,60.0,3.8305551208080626,1.6421883124025793,18.47390202542865,8.750189405063772,45
6338,77.0,2.9595737320047633,5.672757698572044,18.47392387748632,10.920723084998002,45
6339,136.0,7.854735229339901,6.1541149541656335,18.474318195560304,12.361571403611567,45
6340,66.0,5.865500602711182,0.0263035820306301,18.474555831580787,9.433171405378523,45
6341,62.0,2.3422784503139162,8.412634560270817,18.474780450813494,8.607522295652082,45
6342,131.0,5.340063135258557,6.926741155481225,18.476026713419394,14.498695732644336,45
6343,152.0,2.9842952546220203,4.013781947299284,18.47642526220369,17.738228023202478,45
6344,34.0,6.274365066559733,6.9696668078221595,18.476466896018565,16.917105151979513,45
6345,185.0,7.5385697502217495,5.216796014129153,18.47758737212572,6.542305721130252,45
6346,71.0,4.895679976460119,5.301632739043748,18.477807857708566,7.985985177753894,45
6347,137.0,0.9812618711327348,8.688492015914965,18.47865752715883,18.959690739519935,45
6348,121.0,3.5363180194596366,2.2639310502720376,18.478796082984722,11.080525227243681,45
6349,19.0,1.2673063179794142,6.36166432903038,18.479611161611157,11.501359577197881,45
6350,97.0,8.749513999200131,4.1384157389516,18.481226476007265,17.55152997358049,45
6351,154.0,3.842765564163988,7.8781488298009785,18.481610661315134,10.047788689831123,45
6352,142.0,9.642408935724864,2.0814475389782983,18.481627169479104,13.589159548336944,45
6353,102.0,9.019367660701189,2.2395695336197328,18.482054269366493,12.97968730419856,45
6354,118.0,4.9864414750215404,8.802311481464377,18.482149083346187,13.58661309095697,45
6355,72.0,2.135571898133043,6.316715746525095,18.482699412866644,6.683287721020907,45
6356,138.0,7.2837572090678435,3.149632565649625,18.483034888950726,7.865873117897384,45
6357,99.0,7.398421789662738,7.494260152900298,18.483421579266953,17.981146984611453,45
6358,115.0,5.108975066781784,4.878129109373564,18.48381301634202,8.707307620598637,45
6359,32.0,6.55341296096433,1.8906960287926011,18.483835940831696,19.36821040648433,45
6360,25.0,9.802912884972494,9.778238232710452,18.48418353127109,17.587815343847602,45
6361,134.0,5.389954997549631,8.926821186053077,18.484209205533894,12.294929006982336,45
6362,164.0,9.632240151370134,5.998279796048349,18.48486349000937,18.609997465219486,45
6363,181.0,0.301705942440077,0.017162977563409676,18.485923527770325,19.69011181303466,45
6364,30.0,2.0509584805800243,7.738161481132507,18.48594323537357,11.733397952624939,45
6365,171.0,1.605588876649,6.814619634479463,18.486955047494334,10.494483111650299,45
6366,81.0,4.396033941807405,9.665484387169204,18.488139510292676,19.891774800457544,45
6367,21.0,9.256966253051806,8.841032479397331,18.488564855179362,10.132622039235187,45
6368,171.0,4.2671393981687125,8.752093853633209,18.488670885153592,12.156919164843167,45
6369,145.0,2.138227581904361,9.852013242242858,18.489457500794817,13.180376083942678,45
6370,39.0,5.91700410960189,7.71487674338594,18.48975460251536,5.993831779914032,45
6371,140.0,4.569554181914083,9.503203775181783,18.490308020019764,8.305387634657974,45
6372,185.0,8.705772504779631,0.5194730178797557,18.490425252945325,7.718404880983573,45
6373,36.0,4.1785945811458545,7.285180536398341,18.492259915967423,8.33265072561748,45
6374,68.0,3.584926476463781,5.162474796490289,18.493407740349788,18.70176277014719,45
6375,66.0,6.530906038361359,9.48418034596415,18.49434524145045,10.152262280414199,45
6376,187.0,1.2509517300750306,8.716845005012509,18.494382436033266,15.220960126714001,45
6377,180.0,7.192491233370183,8.16957938629498,18.494568342838424,12.485094639882464,45
6378,120.0,1.1349846690915477,3.625113455878849,18.49486299008088,16.89500384007158,45
6379,54.0,7.191554625952729,1.7150496431882578,18.495290988879937,11.39660195267863,45
6380,23.0,0.5851082921309958,0.3153373260100878,18.495766016597052,17.342786563971618,45
6381,95.0,2.082263573252808,8.409362646397616,18.49603599574924,5.0,45
6382,100.0,4.105100705377934,7.470509023042973,18.496135970455477,19.410484515679357,45
6383,165.0,5.485449931177554,5.235720111403708,18.496217673169877,17.484810617801443,45
6384,95.0,7.211352844797572,1.2102792959037645,18.49650804406626,11.675462745531744,45
6385,104.0,0.4429405673644471,4.966469839696313,18.497098485825404,6.5169750730362335,45
6386,113.0,2.4006280160390334,4.932025742693179,18.49745382174958,12.34750304593988,45
6387,85.0,3.854189834135008,2.7326078862272105,18.497462018807504,12.291415647084689,45
6388,128.0,6.566455140829906,9.217071849899563,18.497574602056076,15.252120967645292,45
6389,100.0,0.8825704933444478,7.66990464834794,18.49766963401551,16.39842479504965,45
6390,161.0,2.7279460673221556,6.914416917188727,18.500253269715635,8.748093160297724,45
6391,183.0,2.0401363136189232,4.0113281553405,18.500674461237132,16.20778987626805,45
6392,94.0,8.340962474377552,1.2135526111881867,18.500690260418025,9.28512296962272,45
6393,162.0,5.9951953337261,7.987854708761457,18.501028968184617,13.27388981619792,45
6394,34.0,4.287477428915506,7.810825336674311,18.503177016175933,13.994102370616352,45
6395,100.0,8.75014347363174,3.600847783506657,18.503435334489325,20.0,45
6396,127.0,0.5099616691166897,5.352795965817476,18.504216625721146,10.741007901236745,45
6397,85.0,4.801832840712112,3.7853573855098444,18.50427832171801,12.375405522390796,45
6398,175.0,7.860343026734359,2.6886292411188952,18.504657273187533,8.798525467547442,45
6399,195.0,3.9610698382856024,2.59161298006413,18.505361761307846,9.611807048766666,45
6400,83.0,3.165701305300568,6.618006999058109,18.505523738818695,17.78289851952116,45
6401,78.0,5.547236785334687,1.6192526266031726,18.50559117887385,5.0,45
6402,174.0,6.815946752772785,2.700112838058595,18.50573311210365,18.415794733902093,45
6403,151.0,2.2948919937014702,2.8659088990557335,18.506702131540948,10.695912997223527,45
6404,162.0,7.187398554862774,0.4532530863217743,18.50757120548533,16.212190621819417,45
6405,16.0,7.34481461052204,6.980035407882863,18.508930843120908,6.1425995879204764,45
6406,171.0,6.2217262756441905,8.948094168599477,18.50952629783125,7.234276981856825,45
6407,1.0,1.0368804859719982,1.7287275020088233,18.509885988417572,6.681156256012775,45
6408,3.0,5.0440102586381315,2.6432962355691325,18.51064756589539,11.38712989230424,45
6409,142.0,9.313631547190793,1.1699832768883034,18.51259560504869,18.1419699016711,45
6410,93.0,5.990605171641283,7.582850763911329,18.51287249008667,15.132313943098945,45
6411,39.0,7.247115157685488,8.434004928947234,18.513938457659712,5.544930860750798,45
6412,104.0,9.798743382097161,0.3788699270258533,18.514248292045952,6.012582468494414,45
6413,89.0,3.4027909653339075,0.6907808587695397,18.514336762919175,12.947826745665546,45
6414,25.0,4.254567760313054,3.814648400257188,18.516433039600642,18.531248015183728,45
6415,60.0,0.8554180311406523,1.1409280554434742,18.51795750738478,9.776223908076565,45
6416,102.0,6.044778181320027,2.3106123471947013,18.518592265315775,12.544269914545051,45
6417,157.0,7.946477174793508,8.245858333944202,18.518753306454688,9.449289358620943,45
6418,149.0,2.294552909471438,6.904956269957689,18.519099879721757,10.568084887951349,45
6419,187.0,8.40083955221962,9.789019954063022,18.519862554022815,17.4322899889032,45
6420,129.0,5.037584366170902,2.6327573225275023,18.520427015226417,10.180431084256343,45
6421,9.0,6.872734885761837,3.3506996458705807,18.520964986034443,5.0,45
6422,144.0,6.9082958088809665,2.0732851011423694,18.52132067706048,14.791455280241014,45
6423,31.0,2.8742335297154478,2.3483690888386874,18.521377196047354,7.264931749050444,45
6424,185.0,0.36796522273958354,0.5314901568340458,18.52143114885378,5.0,45
6425,148.0,0.7238758051110328,4.1309898167326695,18.52463446032776,5.0,45
6426,130.0,9.958680999223006,2.5125911190352976,18.525037614887964,12.98257719407577,45
6427,86.0,8.373350147041492,1.9046582788915334,18.52509659664136,9.622048497807736,45
6428,79.0,1.2989144643118067,0.15127087826946828,18.52557140315743,17.835672296565136,45
6429,3.0,5.776272065140042,0.3632302174522495,18.526127794373096,13.343725648370036,45
6430,187.0,1.390498139951667,4.787668881222493,18.52646031128996,15.312962134704716,45
6431,77.0,3.3873882552770143,4.670933934226921,18.52825455470558,14.451837250185143,45
6432,154.0,2.605266982882487,7.1808176737906635,18.528322548986605,5.844577301913642,45
6433,34.0,9.339917871951645,8.273926473486586,18.52928419800157,16.405627434127858,45
6434,139.0,5.22688249422181,5.899836921043273,18.52958092960862,20.0,45
6435,44.0,3.947457481930373,4.781150023345004,18.529927041218464,20.0,45
6436,69.0,9.886027474252286,8.843814053114157,18.530516421548782,19.60406033246331,45
6437,14.0,6.826191400026863,2.8442943313389057,18.53054902593914,16.73597030502685,45
6438,199.0,2.0663308861843332,6.036066556496119,18.5307319655265,7.302053392519808,45
6439,175.0,9.185625253872,9.579124783785918,18.5311556409746,8.73453784883086,45
6440,165.0,7.669720691648097,1.8881684920719743,18.532011543397736,15.36087960954099,45
6441,13.0,3.471159314796992,2.5180715214756266,18.53227261122693,10.5417484161768,45
6442,17.0,7.81169939146803,7.222837392876529,18.532633618338632,20.0,45
6443,148.0,4.13978124826072,0.10880112818823284,18.53347955385913,5.0,45
6444,153.0,1.043132011207234,1.1474800950700492,18.53355421603708,8.967257214162641,45
6445,193.0,4.540374730102287,8.758092959245722,18.533921050333195,11.610047361449878,45
6446,88.0,3.265786153565559,6.066073310719251,18.534569820256333,19.241620088868792,45
6447,46.0,2.008204515666981,6.501901238337432,18.535189896525438,13.677454684962855,45
6448,69.0,1.158450921570573,3.3342451276117435,18.538254622097785,18.14816707184535,45
6449,39.0,9.094921382218331,2.5837614431480658,18.53929273126035,5.303288164866813,45
6450,11.0,5.891442908479496,4.988090227902201,18.53934883417325,18.446731685239453,45
6451,180.0,6.424534204122149,6.039162954886297,18.540180979949348,10.239357039273756,45
6452,18.0,1.659480567614935,1.375168172928587,18.54018471226103,20.0,45
6453,168.0,3.740152289134424,2.007227196804343,18.540835700785294,16.595715624312746,45
6454,169.0,6.2243087844848475,9.717558537921311,18.541335339891393,12.17039465322096,45
6455,0.0,1.281380452908507,8.550109273574435,18.542947070847667,6.165810583397563,45
6456,98.0,3.459847140417367,5.853248692539038,18.543021247005186,7.349782862695758,45
6457,32.0,0.2564458220143273,9.877643491141077,18.543225036326746,19.17424348666095,45
6458,26.0,7.389492630968597,1.9301377119327878,18.543329382139273,18.572631649687573,45
6459,182.0,2.5630845101801567,3.4365776809963346,18.543435856786605,13.220815382382954,45
6460,142.0,8.935023559945575,2.38662747741028,18.543534086605234,15.286177455655958,45
6461,199.0,0.4817397742333873,6.6334929990055445,18.544421665039412,5.2632646082057235,45
6462,47.0,3.073420262617205,8.769261829390842,18.545416676009623,7.731150702683704,45
6463,132.0,1.676403304691858,3.773195353761396,18.546258324089372,11.117515208680546,45
6464,7.0,3.443564431082419,7.108911552269706,18.546300739038447,13.385894457599543,45
6465,115.0,2.0253041972801933,4.403899886650794,18.546809348020396,8.199532065125457,45
6466,108.0,4.496284753832604,4.375254027692387,18.54835196131383,8.031340519377826,45
6467,28.0,2.899147783531113,0.018123934538119002,18.54877143749364,14.023164758991726,45
6468,170.0,2.866996053641444,2.0981018977733115,18.549221649277737,12.19039776635683,45
6469,123.0,9.526175517984088,3.653457992623681,18.55010105558641,15.098851229598147,45
6470,115.0,8.745913605069672,9.226035032325111,18.550504109595963,10.746319056588517,45
6471,152.0,1.1801270421302457,4.045102519056054,18.551272883045108,14.630750236042674,45
6472,97.0,2.14586579279635,5.556303527540026,18.551655417178967,19.6383573877532,45
6473,191.0,2.749873331962748,4.457311477374176,18.551937235764438,16.164648198721334,45
6474,5.0,4.1516091556318315,1.5019011362626555,18.55196856936905,6.265846987932962,45
6475,144.0,8.52396170561594,0.4889778331779282,18.551987427838533,16.691721566144455,45
6476,175.0,9.169337886722348,8.950255234172642,18.552547938478153,8.597645549258086,45
6477,189.0,9.625795817735428,6.928863945079552,18.553261522202853,9.342727612747614,45
6478,71.0,5.074078069691568,6.082246568555076,18.55333211460197,9.069867684809084,45
6479,141.0,5.001481022022287,3.413826339672049,18.553872392961942,12.741614641252555,45
6480,89.0,9.418533870988043,6.858165691240349,18.554076257791603,10.057957720539786,45
6481,67.0,4.586557828766654,0.6017518398717969,18.554645788632953,6.6579523305248065,45
6482,116.0,1.6326222934297174,0.45015285347873246,18.555336221883458,11.894015625434417,45
6483,8.0,0.5726819166468122,8.115186866124906,18.555522133173156,11.64159869822354,45
6484,175.0,2.5209291655706756,5.994664890668177,18.556202028805348,11.14081702542412,45
6485,6.0,7.232688144571342,1.3832077835762346,18.556329231994876,14.54984955327465,45
6486,76.0,7.726316383337056,8.82338253379327,18.558160781870207,5.0,45
6487,109.0,0.03380468909316203,3.787598541202084,18.55854517579371,14.268756787822339,45
6488,41.0,3.6466254619424445,4.916579383346226,18.558628060925262,14.71781079373204,45
6489,187.0,7.425444902151445,3.000040316367636,18.5615468159256,18.456531452917513,45
6490,27.0,8.000876009861674,1.7430276633440045,18.56180653913549,17.750043709357197,45
6491,192.0,1.2618620265540048,0.7004321420764004,18.56229928931167,5.0,45
6492,108.0,9.88830531872069,7.079107226828931,18.563199908857428,6.940692028017812,45
6493,33.0,5.678325891051324,6.465586244696057,18.567211880121693,9.299037196517638,45
6494,3.0,2.18929466084955,9.643797397192534,18.56730495792105,13.324344435876156,45
6495,143.0,7.213019212370782,3.1492150968006483,18.56738068614922,18.922772470368557,45
6496,134.0,8.253316838683723,5.388663711522192,18.568153614979217,8.696910533786653,45
6497,9.0,7.75060082580827,1.5818428619914338,18.568207729728112,5.74404584808334,45
6498,170.0,9.829222960897368,1.781008458877097,18.56863866362029,10.350165643273154,45
6499,114.0,2.720425685242448,5.44688686854613,18.56885411370802,5.0,45
6500,72.0,5.180118880144132,5.014170210635028,18.56951119341675,5.0,45
6501,182.0,8.248692827397955,3.6015161712986044,18.570585242287766,12.355595585896365,45
6502,3.0,0.46688493932794617,7.9544982187515725,18.572929163519177,14.806379598403394,45
6503,30.0,0.16121882644064556,8.699802000990143,18.572969217645973,15.41525503850652,45
6504,198.0,2.2558212642569044,0.34044910267899464,18.57338192727274,10.234994083210426,45
6505,63.0,4.230474014254005,6.426208765553482,18.573450585960515,18.420643839310763,45
6506,176.0,9.43247985291488,6.652958346838904,18.57351620662938,16.73626051722514,45
6507,146.0,8.516330999216773,9.83744068549565,18.575299960340786,10.962652370497768,45
6508,155.0,1.6860423542182579,4.57177678623766,18.57569529890469,7.517835469436967,45
6509,97.0,5.08927014094605,2.130248442983552,18.575786841485815,19.234841947264343,45
6510,90.0,4.676318955269539,2.6067885940403848,18.57612245110505,8.865620087033273,45
6511,143.0,0.9935199866756084,0.697302506219537,18.576176674807115,20.0,45
6512,164.0,2.069988152980776,0.14817046462413663,18.57634810282881,19.140380546525154,45
6513,72.0,8.663018763116723,2.0246455034858224,18.57748694125369,5.935670263346764,45
6514,64.0,5.221807099800312,4.793250928165288,18.577729999675775,17.605516027985818,45
6515,140.0,0.8780117989925063,3.2692361275934823,18.57804637524051,6.283073637814975,45
6516,70.0,7.448968714299643,6.289222231895636,18.57811514614029,8.947487659038346,45
6517,116.0,5.390952386967243,7.1153000929150965,18.578781256927464,14.681930527240798,45
6518,78.0,7.16460348596816,3.084980373154964,18.578794409095764,7.015165992583343,45
6519,136.0,9.139995204779161,0.2992880225111305,18.57880618492127,16.965190714107614,45
6520,3.0,1.4479413808699981,2.5330350910849275,18.57907751705349,13.52445636499033,45
6521,197.0,2.3124989890319183,9.06165700920017,18.579376661641533,19.03330439418171,45
6522,51.0,7.135251531843512,5.651079702872137,18.579433882621323,7.561399642348262,45
6523,99.0,9.87315130569836,8.52394463692882,18.58002362677226,19.669048826433592,45
6524,102.0,3.586233250529718,6.218845006472828,18.580419829199073,10.084813169965127,45
6525,177.0,0.2256791768352151,6.947925338696837,18.581625693498413,13.541841294762548,45
6526,12.0,2.2636056735007717,6.030844173278737,18.581641321734107,17.921108270987787,45
6527,15.0,6.155792586722861,8.005054142712032,18.582237457362893,7.144143777558751,45
6528,77.0,9.09532450222566,4.7789440544933885,18.582302447843787,13.168053342179899,45
6529,93.0,5.698076037779537,7.604293598010697,18.582442130617217,15.358990788306748,45
6530,11.0,9.443654100145098,9.655047006737771,18.58265771269841,17.625015322897315,45
6531,10.0,6.804588500021253,8.636171170022067,18.58354794228957,8.239810675820415,45
6532,196.0,6.536173183268515,2.9669555558645166,18.58376358096995,9.441167588673059,45
6533,156.0,3.3380367317867385,3.5397110138089705,18.584199884692616,15.465940165759452,45
6534,106.0,1.769146066002123,7.2775397839780895,18.58432768059763,6.636272393165721,45
6535,82.0,6.81650068351753,9.038960459376595,18.585234439318484,11.070585442102566,45
6536,24.0,4.95319178844613,8.46784823076999,18.585483464317797,18.750181662964128,45
6537,67.0,3.4481103466490737,9.101185300440596,18.585523200096972,6.4329203035230496,45
6538,116.0,4.260480648574394,1.8382639377285492,18.58572554425215,9.924773666724045,45
6539,28.0,3.090080918239569,0.8886078916801832,18.585890885191294,11.36003247330352,45
6540,188.0,8.728684862716404,7.808230484565093,18.586175535552748,15.121781495336876,45
6541,46.0,2.3548448070187336,6.993393468275117,18.586323264336325,19.49035604051635,45
6542,191.0,1.499298509392426,2.9464469369901893,18.58675392798679,16.6562912371557,45
6543,117.0,6.1166242786889296,0.9495240128350646,18.58744860366143,10.823029382957426,45
6544,23.0,7.3423602365008005,9.01893747595618,18.5878982462274,18.516730240423964,45
6545,15.0,5.29739188008214,5.359721582608036,18.588889081602964,9.377728874768879,45
6546,186.0,4.479280274266044,4.642706898503088,18.588928468005605,6.43877253821695,45
6547,9.0,3.858845016644289,1.2755829253030615,18.58944094285305,8.32118323571651,45
6548,191.0,8.881550701023219,1.2221227130599088,18.589452356155533,17.149256032076632,45
6549,172.0,1.3150391193082744,3.000108855544118,18.590154932223,6.1452284006536555,45
6550,80.0,8.174322933235016,1.6784272585028737,18.5905918620743,18.89030440228243,45
6551,156.0,1.907570705974666,4.675127092293322,18.590701943727645,18.443035651761598,45
6552,23.0,4.4728827842314,4.491064433167545,18.59196130820582,15.06710100006741,45
6553,121.0,2.2790869805980174,0.3897596604023412,18.59205553575734,9.693076059066295,45
6554,190.0,4.763810644716702,8.757656105084642,18.592610673954546,14.93796397529003,45
6555,6.0,7.983415645540022,9.268132652109779,18.593098056888614,12.597067552123843,45
6556,150.0,9.088478840691755,1.1271427828667469,18.593658132571683,11.377136564141072,45
6557,77.0,7.820017988689676,9.532160672943888,18.593785346508334,14.596696284136339,45
6558,85.0,1.6021413519552419,1.9273412646185173,18.59515914151854,7.5300340925893385,45
6559,48.0,7.182509731693506,8.904988675808436,18.59541300340417,17.262273511534694,45
6560,82.0,2.08449687749218,1.7558185414201455,18.595695784974694,9.8982690833895,45
6561,42.0,5.956513005687412,1.7871363009470531,18.595911451908204,7.371687185345687,45
6562,146.0,5.878416657821813,7.232787995118204,18.596428661368524,14.229111375191003,45
6563,179.0,1.1617452237044268,8.095675306996444,18.597116639872798,15.499748846867426,45
6564,101.0,2.9126402759853507,6.836919469416829,18.59743577870548,14.844026795277001,45
6565,45.0,5.003112639258822,0.03148202778957776,18.597735602967397,7.85093100136696,45
6566,28.0,2.486836670637934,2.8239816975264365,18.597878359990908,11.70402866015602,45
6567,177.0,6.579829655429074,1.2914777514197229,18.59792042762306,11.54512425370438,45
6568,132.0,0.45196157696752115,8.59474352137045,18.598643677347994,11.508140993577145,45
6569,88.0,9.509748214929562,9.061565523978421,18.5988695032338,18.557378071202464,45
6570,66.0,7.093091137936446,3.59253180378225,18.600518888861906,8.021195378736353,45
6571,140.0,6.7410562117041595,5.180038430270293,18.600623029211704,5.0,45
6572,26.0,2.6484099803400243,6.792255218807519,18.603703282642577,20.0,45
6573,199.0,8.65238387566442,8.163651115031087,18.603833358678727,7.33431099783824,45
6574,64.0,6.006832308821931,6.586776146438371,18.604157365253293,16.286396830690176,45
6575,131.0,7.333476422050637,4.611866775063669,18.60496051289799,13.849744185842646,45
6576,185.0,6.09523436431167,8.7481452257297,18.605446821666323,6.2279372241896915,45
6577,192.0,7.124127404121214,2.288979765730219,18.60663077212504,9.130531256540706,45
6578,68.0,7.478564049424932,2.8269439063871307,18.607112724386134,19.153908097910925,45
6579,50.0,3.9694494489316376,9.694149259265311,18.607162304295127,15.840703921696733,45
6580,185.0,7.5223598157774205,9.998313187333345,18.607488177646847,5.486095767078033,45
6581,132.0,4.517913933108323,1.1929145908236516,18.608757805475523,12.735530867927837,45
6582,80.0,9.413507232198668,2.1416528461812643,18.608829811438937,19.74686639732672,45
6583,99.0,0.35890448146310816,4.211613518024536,18.610069813215812,19.030702845318718,45
6584,20.0,1.1816541997185925,8.883725313109966,18.61009468109904,12.220381475177833,45
6585,11.0,2.3435112971953997,8.877989693395797,18.610107428991753,16.66068080106639,45
6586,166.0,0.0689274273627627,9.954543644122579,18.610561219460003,18.17396389711983,45
6587,6.0,4.75726417773128,1.5060336204300184,18.610803290435,14.236114078747788,45
6588,188.0,7.179165342771132,4.853632731917861,18.610865496779134,15.93308229233412,45
6589,151.0,2.1381159057480725,9.353790625954097,18.611246273499294,16.92569744183455,45
6590,177.0,5.7620049616935995,0.9257039168709591,18.61140844023111,13.320990861181926,45
6591,152.0,6.563036282170529,4.712444747291428,18.611629430903555,15.272392183644676,45
6592,10.0,5.635693581579442,5.391241483976582,18.613236198164913,14.230919171577808,45
6593,191.0,6.7725819299561705,9.339852012340073,18.613352767638744,16.21849700259112,45
6594,119.0,2.9196218299831402,3.1517817744771426,18.61427750181919,11.968355209700455,45
6595,27.0,2.917623138748262,3.361859583687222,18.61505588071263,18.729967871531517,45
6596,112.0,3.0038625347735417,4.093286600849423,18.61575440824462,7.309869577286835,45
6597,183.0,0.18276464141310234,0.19349483884287033,18.61577323895451,19.76799224470319,45
6598,141.0,7.39239973431368,5.361165286604228,18.615850734653424,12.0506926239219,45
6599,199.0,9.537772132480425,5.050284083621698,18.616380666078854,6.165448495231596,45
6600,14.0,9.412669281281582,9.572767180753456,18.61722085547227,19.18640310476557,45
6601,139.0,6.2152881735843835,4.143931302229912,18.618015370726162,18.932783141270594,45
6602,199.0,6.417090688953843,8.722852091274783,18.618601941889878,6.67179825213094,45
6603,161.0,2.524630909441802,5.813276010750644,18.619273985941927,7.411926768823936,45
6604,177.0,9.064448417268519,0.45171885126505384,18.619483286922915,12.5299016338896,45
6605,149.0,9.293499125660167,7.607679981465143,18.619593556372315,12.394980335146574,45
6606,198.0,0.31529671912852053,2.7115607932808397,18.620047761366138,12.434393220434494,45
6607,86.0,3.8723029790477135,9.293976515571535,18.620685875243375,5.618491326801624,45
6608,120.0,8.519117463213332,7.654333823347907,18.620994462715608,18.426496991406296,45
6609,128.0,7.8590009636972455,0.35202497795645105,18.621367375628992,14.301238503709115,45
6610,26.0,3.925648270307401,9.508010002842704,18.62137991506627,18.260590515209344,45
6611,79.0,3.677943463765001,2.828413116929104,18.622294152554232,18.317896797668404,45
6612,79.0,3.985204129926908,4.333781834356808,18.622399515640435,19.20142052067553,45
6613,174.0,6.271758705139531,8.675541933148395,18.623219954105704,16.57525265429355,45
6614,44.0,7.928045008504389,0.6314428333222577,18.62462284793314,20.0,45
6615,89.0,0.6550917341147622,0.4063498365114815,18.625698819389974,10.790719090122476,45
6616,146.0,0.9661083693871797,2.2935080898313887,18.625771200330867,11.639045733580124,45
6617,152.0,8.988730769309964,2.002786237299945,18.626211766818322,12.023497780606895,45
6618,6.0,2.495382421691763,5.616053692068298,18.62751868934362,12.349488330477818,45
6619,60.0,7.690797231107926,5.883389337522971,18.62890744612974,7.529478605299062,45
6620,21.0,8.259729846793963,7.945840150052467,18.629918763334828,8.577517868824959,45
6621,58.0,7.872144801536947,0.6021344617059854,18.630136288623756,6.642573923120891,45
6622,57.0,6.964710235548248,5.54957315877388,18.630396347149205,20.0,45
6623,6.0,5.646115349848225,3.7262025107869245,18.630537371605463,13.180127091994326,45
6624,94.0,5.2718065062221875,6.890285964634723,18.63081302852976,12.879734945488718,45
6625,151.0,0.10288624296051596,6.5944573668730175,18.631607308301362,15.925256021249876,45
6626,162.0,9.742268368983705,5.267407042619689,18.63187064565664,14.115855586720462,45
6627,114.0,0.5050804677222731,6.112765830661566,18.634950696992306,5.0,45
6628,153.0,4.313834141955857,8.970328196377668,18.63496304254704,8.460253853798301,45
6629,172.0,5.541135525872804,3.4617657084070554,18.635845799326365,5.0,45
6630,55.0,7.2027881841616,5.497641407563197,18.635860879337372,15.080068637255293,45
6631,106.0,7.3788819184161705,5.276170217278548,18.636334857530052,7.746751355698037,45
6632,165.0,0.5423708877390121,7.856295828211107,18.63714771963936,19.04147579836558,45
6633,12.0,3.08210091365009,3.472452627957221,18.63733752186964,15.200349965846172,45
6634,69.0,2.1204708471424327,4.562384243449003,18.637497440256233,17.837214847892902,45
6635,128.0,1.243278101484654,0.9846762859084013,18.639553968285966,18.0672222623708,45
6636,80.0,1.5639126052775354,3.439959102135133,18.639739281742507,19.847621975510755,45
6637,107.0,1.390771829619557,5.315347368026463,18.640096475957357,7.911788803778267,45
6638,65.0,7.361656050283192,9.352513679431235,18.64010420436032,16.618624625811254,45
6639,112.0,9.827215822713216,0.4845682065178025,18.640619194421284,7.520714489699264,45
6640,41.0,8.218323316682081,0.1374341536485535,18.64065850263927,20.0,45
6641,9.0,3.76820676889819,2.720916345699611,18.641219854469696,6.775338040120933,45
6642,46.0,8.259589346989895,6.97418515414104,18.642850188204235,20.0,45
6643,4.0,2.6344587454504174,2.8911666123639623,18.643043721661805,18.525521792546197,45
6644,34.0,5.835371078352136,0.9851726297308983,18.643386028076886,16.090280613003873,45
6645,27.0,0.6763797290024154,9.846202023925146,18.64360399930114,16.20732643700816,45
6646,150.0,1.705292762587075,2.9370407765079696,18.646786583732876,14.13484069622401,45
6647,86.0,0.9895220014115025,4.640161646208508,18.646898609952032,5.0,45
6648,41.0,0.8103110957801674,8.671273830352563,18.64691834907209,20.0,45
6649,72.0,3.0770327299212497,0.2004233770041286,18.647861743397357,5.0,45
6650,65.0,8.56931414811984,4.97689855477267,18.648026465048474,18.008285792510307,45
6651,120.0,1.3582373980593143,8.115557611652797,18.648585419886402,15.582281694734823,45
6652,189.0,5.51623705320333,7.5243924054654165,18.648701344320145,6.67076891774128,45
6653,142.0,2.39627978103918,5.468561087689784,18.649026619331615,16.374821448163747,45
6654,78.0,4.390594063171548,2.5192555963553787,18.6497159508914,7.364194228736069,45
6655,67.0,0.37918938482738196,1.5270344791900836,18.650413895840945,6.218303207926049,45
6656,194.0,2.2614419326398583,4.021043341170895,18.65225247163302,9.860911344533687,45
6657,13.0,5.839289768666562,6.3356788522393614,18.652524104295544,7.030084764514764,45
6658,50.0,8.065698912805917,9.63021987728105,18.65260301921876,10.614086592646514,45
6659,86.0,0.08706199486955946,7.977672529055005,18.653473073377196,5.0,45
6660,199.0,7.390625237018742,6.983616211557877,18.65353139606435,7.828562461951032,45
6661,48.0,5.333735485490369,1.0543704251214925,18.654461499543324,19.304052412535572,45
6662,66.0,2.253659307523257,8.357406942938233,18.655269671237207,7.032523179406136,45
6663,12.0,8.533321828885137,1.6324726322393956,18.65532139465887,20.0,45
6664,193.0,3.5526489193152857,0.299850165200064,18.65544722768592,12.243120395076398,45
6665,89.0,0.6340699093150404,8.631865213579848,18.65750305559253,10.230745279418105,45
6666,184.0,2.8141767280698424,8.798225367722,18.658341653061537,7.057540670163535,45
6667,42.0,2.791397526813962,2.8750784348263525,18.661488759636292,11.499141839534587,45
6668,53.0,4.202383241091522,2.031233736235467,18.661605058598273,13.137493729392675,45
6669,96.0,9.878636981639579,1.8122360940082627,18.662315836314523,9.44299427683642,45
6670,136.0,9.91823495566776,9.55307465870836,18.662370878740006,11.382966424559093,45
6671,8.0,6.1131144984242045,4.580407890349235,18.663204857638565,14.769233999502235,45
6672,146.0,5.764221383803791,1.861494396228941,18.663395241694296,12.78726115056642,45
6673,154.0,5.658333124646825,5.383064903387927,18.664938910594458,6.668404517350222,45
6674,179.0,5.9163752597073955,9.89718081833754,18.66516935521457,17.42479841078002,45
6675,158.0,2.8846189382469136,0.4902967421812998,18.666324264360547,16.586885707562278,45
6676,0.0,6.046157006149505,5.023930104410894,18.666454716021555,6.93393979517388,45
6677,84.0,9.826347930886229,3.472734045923962,18.66698293701112,6.706055020464712,45
6678,186.0,4.653753335023763,1.132139663311189,18.668936613562536,5.309639739342881,45
6679,65.0,6.341733233886787,7.899262477501527,18.66945435410821,15.204050054706013,45
6680,34.0,1.3531281886287228,7.9827468115365825,18.66983764544551,11.45430529715759,45
6681,185.0,1.8018334362732613,3.497327810695573,18.67085177645722,5.066410182672287,45
6682,21.0,9.212463861110514,2.762879978632985,18.67174527497042,7.146883565544991,45
6683,143.0,1.8239444660798854,2.104328340810755,18.67384361337637,18.38712070359059,45
6684,94.0,7.915530115032727,4.77245638390396,18.67415050411947,7.32049189652723,45
6685,50.0,2.9156190971956897,0.702882638270087,18.67425015610425,11.89497748366646,45
6686,118.0,1.8514202574569083,8.501761932985959,18.674812089373336,16.40710452335868,45
6687,3.0,3.324124329642437,0.23694766058181438,18.674980635075222,11.722070221451741,45
6688,161.0,5.240489287058553,7.6774915944028415,18.675808668713138,7.692588075276375,45
6689,126.0,7.817512949915718,3.8447971984064377,18.67599951512499,11.146799997741233,45
6690,170.0,1.6054412679583063,8.284552567265223,18.676685505523956,11.575741099076954,45
6691,194.0,2.7541761128381848,7.607433369553062,18.676859632596027,5.0,45
6692,113.0,8.47078853808263,3.183336934224487,18.677017667394715,9.012285956559829,45
6693,127.0,9.511455681494358,3.8562969590010354,18.67753928659065,5.725372121105923,45
6694,121.0,1.9137603676747883,4.826539489371538,18.677793837575553,8.07714935399119,45
6695,115.0,0.7332503301092752,6.2832553779845295,18.67890872857491,13.21731913088309,45
6696,120.0,6.789851559537629,5.090199446862135,18.679311285889252,13.461297394169955,45
6697,4.0,8.17830738816207,5.2367013008250405,18.680372169728624,20.0,45
6698,72.0,4.002731555530104,6.097530487071474,18.68073626625914,8.220159982875892,45
6699,77.0,1.0672566952832552,9.825277589701336,18.681822731542475,12.21376400095197,45
6700,187.0,5.679481306713345,3.5914832262532648,18.682037663706105,15.814612397710395,45
6701,82.0,2.216529552412192,5.264154971449862,18.68244322355158,9.261572558211899,45
6702,99.0,1.0493976474988576,7.3534947095930026,18.682510288600383,18.505981631984092,45
6703,113.0,0.34782747065574604,8.415294590437338,18.686246976090274,6.878262818078186,45
6704,40.0,3.6646269047869326,1.3636204489152148,18.686487561562643,8.879273345099513,45
6705,95.0,9.333665491956323,1.2389583080892819,18.687811182977818,8.612159114282107,45
6706,193.0,9.064432242122313,6.531398393695,18.6878699708283,10.809770469548974,45
6707,129.0,9.318293011680614,7.817035378356319,18.688403159869647,15.871055493610465,45
6708,110.0,5.4462375003750365,0.5086914011534693,18.689166913268615,15.877060043493328,45
6709,54.0,5.644529800370972,7.487884854968997,18.689239951277663,16.224770614379022,45
6710,35.0,8.047271715216603,3.2854525137250565,18.68951773180662,6.198213677937341,45
6711,119.0,0.19530745274956685,3.921766353033358,18.689907390475987,16.23193531523669,45
6712,124.0,1.905371204414904,1.0492869356110734,18.69003889689731,10.95741075602594,45
6713,103.0,3.81047833095343,0.5335577808377823,18.690469872351386,8.064311852549444,45
6714,5.0,6.382877007117502,0.9051916362920964,18.690517969760318,8.860669802933707,45
6715,131.0,1.907174190829669,2.394317707890897,18.690790571343392,10.435552220874424,45
6716,64.0,7.50209777967914,1.9697083714826458,18.690877635585082,16.52133887058764,45
6717,170.0,2.4326828792880137,4.501841473787041,18.691423697516942,12.701735264146471,45
6718,109.0,6.41324349258211,2.663527463409726,18.691444535651854,14.156366899694403,45
6719,81.0,9.657832552602018,4.073882862479438,18.691667556773883,20.0,45
6720,104.0,2.2742715550657646,4.758299431645692,18.691809636119935,6.160954617102522,45
6721,9.0,1.8337687427663074,4.259499193876957,18.692085253951184,5.0,45
6722,141.0,2.7442005272594647,3.668046853753796,18.693500524112068,10.824787403800439,45
6723,16.0,2.9701368587745938,2.0074024624364117,18.694202216783417,5.0,45
6724,73.0,1.6316830349825295,7.017545383655306,18.694264028011514,7.892946965063038,45
6725,114.0,8.693827503152008,2.5624992190981386,18.695094327416925,5.0,45
6726,113.0,2.0247943985405548,7.703371653358073,18.695106398335433,16.10504873671895,45
6727,75.0,7.392174174664894,9.662659567326525,18.69517613251807,8.288755071369676,45
6728,146.0,8.86904384653678,4.2495359193786,18.695329889717396,10.276279959597318,45
6729,61.0,3.4057174192995063,8.318842193270925,18.696355051141893,15.59251047683792,45
6730,95.0,3.0028884565385514,9.783036202495957,18.696451301782698,5.663358817412886,45
6731,68.0,4.653689763081646,0.43927303610969304,18.69645936186366,16.571004388044962,45
6732,189.0,5.584442739313834,5.326474779550196,18.69753547430479,6.256264452509674,45
6733,178.0,2.862910054802734,6.089180226130352,18.69785703860211,9.103500872321304,45
6734,173.0,0.60051250535606,4.813211827505287,18.697976482291708,6.284114458646138,45
6735,19.0,7.412598412865537,8.614808837212264,18.69837538408453,8.436636564185694,45
6736,147.0,8.585893191831488,7.488281835850277,18.699174370235433,10.869796473452645,45
6737,160.0,1.3170919773312995,9.47344231903699,18.699678210696533,11.175611502515203,45
6738,87.0,7.096986368343744,6.748942476569559,18.699762951986024,12.952614496921594,45
6739,150.0,2.1591609172502846,0.07310645695287499,18.69977403908863,12.296658208850122,45
6740,149.0,5.63611803250296,3.7175330145124965,18.701017563838256,14.41884333148095,45
6741,132.0,7.067806742984265,4.946528273312765,18.70117749619965,12.713879022705463,45
6742,27.0,8.188968312176394,1.7292449392747011,18.701622674929496,13.297542380049585,45
6743,194.0,9.920471234979331,4.3283993776450895,18.701651970398125,6.580825715221605,45
6744,18.0,0.37960694246528814,8.547820523637306,18.701868730613377,19.737220579377976,45
6745,64.0,4.705856515505227,1.6134592481514798,18.70222657632869,18.596138495026015,45
6746,184.0,3.820412217612943,9.295787158155258,18.703254437932287,7.023834860140497,45
6747,97.0,4.635343781630348,0.8543200431090237,18.70344501225466,18.841446599485685,45
6748,123.0,3.7530203620122773,4.369789552935811,18.704381834124426,14.134596304647381,45
6749,122.0,2.7539875747588027,7.671040657074072,18.704919238509383,15.482736878147644,45
6750,99.0,3.1849536659589073,3.135184301626813,18.705048473385823,19.00092599487373,45
6751,125.0,7.88349559287096,3.167428108520901,18.705736408185842,16.898376937063922,45
6752,196.0,2.1174319932179686,7.1524554383284835,18.707080598954146,7.954207704467101,45
6753,39.0,7.047930079820119,4.421802555022493,18.707469735816346,5.0,45
6754,122.0,0.9954956673654669,7.334590483822618,18.707526403292988,16.15161833436635,45
6755,31.0,9.83473219860711,8.854422539532896,18.70786669584368,9.948801624532088,45
6756,111.0,2.1942254162336914,3.994419530510335,18.708351837590882,9.577935804905577,45
6757,151.0,3.456409596168659,8.776397635856176,18.708359245057835,10.120164356404715,45
6758,54.0,4.918319880511613,2.966832096481694,18.70838210449977,10.185189927127176,45
6759,186.0,1.029402185959305,7.533166884070374,18.70849380589227,11.265596228919016,45
6760,157.0,9.322296904990822,2.890597432059463,18.708773072356855,10.626318830075697,45
6761,162.0,8.404968730739755,8.82100721806646,18.708838120108453,15.633922476964425,45
6762,151.0,8.85572197876194,0.29171763423279207,18.709228188068327,10.729162334187189,45
6763,57.0,9.292883069351799,1.3535765925540744,18.70925256349333,20.0,45
6764,187.0,1.2925262995321307,5.662629585054814,18.709279605738857,20.0,45
6765,2.0,7.995538071449389,5.661798303301318,18.713335112135645,10.928134985681663,45
6766,136.0,6.047342138993422,8.3957822751109,18.71334900873323,14.532033396140639,45
6767,144.0,4.337532485406709,6.200628083546562,18.714185619357536,14.518036245880767,45
6768,5.0,2.1927016497190985,2.43424067195532,18.715060268070637,7.771002332564425,45
6769,64.0,1.8281275080678239,1.600620755949096,18.715251945942732,20.0,45
6770,149.0,2.467212168074507,6.416947058017131,18.715437568217443,9.362911448007448,45
6771,40.0,2.450275629733901,1.859129362492632,18.715642004425817,5.0,45
6772,58.0,3.604293095120823,6.491812193185408,18.716284212568993,5.698230978367212,45
6773,35.0,4.486779337285698,1.411912819562925,18.71639134224585,9.918399168157258,45
6774,28.0,0.8388144748525073,7.520933221797597,18.716976235672785,10.051581714864138,45
6775,96.0,0.2928640450252018,5.692318617226789,18.71850221643856,8.486793171519299,45
6776,34.0,3.9662406208282066,0.316672307263276,18.718918849227162,14.690275893171044,45
6777,170.0,8.130803954834096,6.606687957998677,18.71902918991744,13.13798279877125,45
6778,10.0,8.461524437415656,8.543966643062522,18.719257172531954,11.483794248793991,45
6779,197.0,7.599464059783394,7.999982556362378,18.719296254175298,16.60102463744053,45
6780,183.0,8.572382167711037,9.983468409061157,18.719406943288092,20.0,45
6781,139.0,2.5129984668016547,5.954551877860334,18.72012069064363,20.0,45
6782,85.0,7.345992377319396,2.746784754896896,18.721308115022495,9.3967385819219,45
6783,72.0,9.183524917390006,5.416805844305528,18.721823691426838,8.46182542060731,45
6784,154.0,7.279573038436483,3.356193434790794,18.723044062972285,10.371968619997437,45
6785,100.0,7.432968902773425,9.204588986899616,18.723291327263876,19.36957318130472,45
6786,68.0,8.54883006628134,1.4637683759414888,18.72373503434117,15.688630928147349,45
6787,1.0,6.855146423443878,3.5851823777615364,18.724376570415316,9.766882173872148,45
6788,177.0,0.5512818847293643,4.1616674960418445,18.725253388702082,13.703159293216522,45
6789,162.0,9.085596440291628,1.6483930681409964,18.726836688031522,14.109118857748976,45
6790,106.0,0.48803542448819903,5.712975158416396,18.72722164542921,11.714429382330252,45
6791,88.0,2.4330301520041706,9.496431154787686,18.72751770332774,16.933963526512162,45
6792,6.0,0.9158939935590682,3.86757338217931,18.72768275605292,11.410046509921347,45
6793,83.0,2.517336560066129,2.0234799300314,18.72771994643998,13.626042029687639,45
6794,161.0,6.524554238716556,1.9811948318666828,18.728656318034698,5.0,45
6795,70.0,5.859740932754091,8.424878559316786,18.729428695433448,5.0,45
6796,19.0,5.071129373486559,4.805988928486064,18.729657789598317,12.312269626493775,45
6797,103.0,3.2682260559247522,8.162058292123044,18.730024067500203,10.386571082041627,45
6798,128.0,9.638290426003435,7.756014040221038,18.73035076270114,16.630414247928314,45
6799,158.0,6.40143044740331,1.794268436357721,18.730496969868963,16.039785077026696,45
6800,175.0,5.028493350454115,7.366840226333809,18.730756425186406,10.190217843777255,45
6801,123.0,7.4657764744758115,4.2531863916988,18.732041855232943,16.667743877687858,45
6802,149.0,3.1352399181623425,8.276086981362003,18.732476440731602,8.124312918830698,45
6803,55.0,8.121814514361915,9.736122659883046,18.732514220886852,12.59767622523455,45
6804,128.0,3.1021981791908315,1.79152610058529,18.73400995095246,13.264945438269086,45
6805,57.0,1.408906243931396,8.638619713579953,18.73451731196893,18.140760211669477,45
6806,192.0,7.626416068033857,3.2564073210132003,18.734828597351115,9.725846927107256,45
6807,55.0,5.770582708250011,0.008725578125903244,18.736130140331653,14.782103383400626,45
6808,169.0,8.085240139188901,8.955267449956105,18.73614709355437,16.52653088957414,45
6809,86.0,0.4637635365675363,1.3789117919537042,18.73663292686654,5.0,45
6810,113.0,8.478017167978946,8.976435270904581,18.738399442394815,7.552215720783673,45
6811,91.0,2.041168992466267,2.439505536157265,18.7386665128902,17.062586276132325,45
6812,38.0,6.260817302849815,7.27471221205334,18.740026814482135,16.41802528066278,45
6813,165.0,9.952289257384756,6.658338038175092,18.740234049718744,13.665802475393178,45
6814,181.0,8.068859837913422,0.29912030796838684,18.74101106888492,18.42699844818322,45
6815,5.0,0.33449034190878857,9.426338313999592,18.7416704201185,8.57996185337921,45
6816,74.0,8.485123080206684,8.702050214580797,18.742455157833597,19.58788213940426,45
6817,66.0,1.967522576652706,0.35110369164783606,18.743707884602802,12.738774548421695,45
6818,44.0,8.325718615812844,9.674406733677335,18.74523988495939,20.0,45
6819,54.0,2.420122683296789,4.62554482979551,18.74533527147097,9.533683609317787,45
6820,172.0,5.7232723492723725,0.3159993408001105,18.74543466707891,7.627944387181037,45
6821,95.0,2.1335250647509643,0.20301890090891672,18.74547028124985,7.3306140606494985,45
6822,162.0,1.1713682606041431,5.747039121429321,18.74582893966715,18.1220091397045,45
6823,124.0,7.536770368365956,5.5684660071752345,18.74639622973495,10.677299502616016,45
6824,150.0,0.46658078964354477,5.117258588595027,18.74643765386009,7.515562813632712,45
6825,22.0,4.293048387340947,9.90309789277693,18.74660449206624,9.364200936885753,45
6826,92.0,3.061328833294964,6.525160712932019,18.74709880223289,7.0166433061283,45
6827,189.0,0.09427148243593142,0.11832681416528601,18.747196140616445,5.802000060510545,45
6828,101.0,2.7422481660055364,2.6546444932398727,18.74770641855987,14.362226518591354,45
6829,77.0,4.605740836098966,1.3581409940801303,18.74884498914396,9.602428116167752,45
6830,110.0,2.7986897152042136,5.383322562598209,18.749612606966625,18.88729008114656,45
6831,29.0,7.696727690606186,7.171843434380811,18.750000433727013,8.539820948927652,45
6832,67.0,1.7741315602910024,3.5932464413911527,18.750816914963714,9.70172929776881,45
6833,192.0,1.992340334148739,8.77723322132937,18.751027232838833,9.64997722765121,45
6834,49.0,5.376581341470882,0.6659669495375886,18.751856889806724,15.178326912509176,45
6835,86.0,4.969804599549507,9.19204736966626,18.75214641195727,5.0,45
6836,136.0,9.53499460963593,7.356149866256436,18.752514979834526,12.585557853587224,45
6837,75.0,9.08144372562899,3.100832150637972,18.75311312779258,6.933626796145088,45
6838,176.0,5.347553602285747,0.33765284306772725,18.753192003374718,14.105534685986179,45
6839,142.0,8.074043514237498,2.3945608553108197,18.75527544500637,15.908845351553724,45
6840,159.0,7.098298460546136,6.878424488764078,18.755457291590837,10.955694500015579,45
6841,37.0,5.102855414405925,3.287149866388732,18.75569638650332,14.182026368630074,45
6842,10.0,9.412132376500699,7.578703548616824,18.756542877969068,11.220017738330524,45
6843,40.0,5.708337663416274,9.184440464019852,18.756789406838696,5.752015751652495,45
6844,47.0,9.721345346956245,6.591134336498721,18.757027025722856,7.626027552342915,45
6845,99.0,1.671999822447755,4.706613944326762,18.757089953627847,19.937598862394548,45
6846,115.0,6.4374996868814875,9.56484569855202,18.757246138884174,10.551788439995141,45
6847,131.0,1.303742366021926,0.8974779437028302,18.75898755415093,12.694180078959794,45
6848,107.0,9.951534380570008,8.979253838031928,18.759918695739564,8.841617043347192,45
6849,165.0,2.057568602249712,0.8565236319623171,18.76002065297034,19.496538664569837,45
6850,190.0,9.568220167587763,2.8006780019933952,18.760216787499637,20.0,45
6851,80.0,4.22048527675337,9.248633493213541,18.76108285766136,20.0,45
6852,16.0,7.202996697185768,7.553172319736116,18.76113442556959,7.978350555446308,45
6853,112.0,2.456431890731119,1.4596824307427858,18.7615622533171,11.29183551619771,45
6854,149.0,4.372260161469981,9.981245190278408,18.76208143972812,11.925046820856712,45
6855,126.0,0.5617129512540242,7.580298631846682,18.762209591865442,11.759894524542917,45
6856,45.0,0.6656217029875666,9.470496757047055,18.762920012294416,9.679421190318468,45
6857,97.0,7.873975953966012,1.0511133524177119,18.762929995243088,18.20091882220845,45
6858,56.0,3.3702498496134723,2.2380276527749654,18.76295376508175,18.81323691401615,45
6859,86.0,7.681177254890672,0.7452494388579123,18.76317637378161,5.0,45
6860,71.0,3.405929847184362,8.364125340085607,18.76348236629137,9.544324297212471,45
6861,33.0,3.40916069239547,7.390846927570865,18.764242854168657,5.0,45
6862,124.0,2.9752150759896603,3.686285993525642,18.76425475246189,6.800922817419884,45
6863,18.0,9.87164051333927,3.704811776497281,18.764475918930565,18.494944461830595,45
6864,5.0,0.26110235486305977,9.081978890347997,18.76504864096696,12.045914590589843,45
6865,106.0,5.051564885213881,0.39039507115592786,18.765909729787595,10.090723034739119,45
6866,140.0,4.41003817746717,4.805129013562709,18.76599292333445,5.970192899608234,45
6867,168.0,0.016275701903131212,7.680675160518147,18.76638557043993,12.756015751581755,45
6868,101.0,3.0767437672293507,7.217964475205391,18.76806414687851,18.48808893336802,45
6869,24.0,6.857638917927177,3.6599174199392595,18.768128440353237,17.41055934213199,45
6870,30.0,5.611745292023493,1.6897360922478644,18.768402024291895,15.674919407626007,45
6871,4.0,9.72330723685358,4.984152867767553,18.768818828868238,20.0,45
6872,2.0,4.8154170845956745,7.592983820165605,18.76905884890281,6.068204303545747,45
6873,124.0,8.76845832545316,3.154678685644212,18.769246342473878,8.98182766754805,45
6874,186.0,4.826367415561337,5.715760811861253,18.76962798134617,5.372632402297877,45
6875,18.0,2.061513136870742,5.410509142716895,18.769681617825547,12.702082305698292,45
6876,112.0,5.143614727662008,1.161749835467174,18.769816344541706,9.209570217759033,45
6877,151.0,4.501257954279576,8.152606687343361,18.769953698450514,9.378873914116433,45
6878,23.0,6.4996004548171324,4.425124929882939,18.770996662694742,16.741330150362543,45
6879,108.0,9.401406591397143,3.1086223277172875,18.7711364311964,9.680415232063158,45
6880,29.0,4.4070703324862,2.1711274654955313,18.773295528618,6.450425082752412,45
6881,116.0,6.383054965880087,9.702261809457527,18.773674703772635,9.245337113991521,45
6882,108.0,9.347337737018538,1.8221779526900284,18.77446699054594,7.623951839857382,45
6883,176.0,8.472881180643704,6.928335523079028,18.774565839955372,17.87772109887696,45
6884,179.0,1.9417102957741261,6.534217837378402,18.774809739166873,17.275853252743282,45
6885,186.0,2.5547546197949633,2.8112129639097185,18.77525226375201,5.8418391220581505,45
6886,83.0,3.775481650547381,2.0640771022073934,18.775798236439556,17.23861122904566,45
6887,124.0,6.721819659232785,6.185506407577828,18.77717586913127,6.4035689039019275,45
6888,57.0,8.255896781596789,4.886837760393789,18.77790662051612,19.410500794939487,45
6889,28.0,7.679409322815422,7.170581251923094,18.778779314410873,9.95501502972704,45
6890,13.0,6.3307010899191685,9.09584043043547,18.77925208623362,9.646092381993927,45
6891,96.0,6.793839301609718,3.196854108297005,18.780635405299186,5.958488381003559,45
6892,46.0,0.15196873022377377,0.03437750426293684,18.781231362515832,18.068566686701235,45
6893,59.0,6.5023016120172406,1.4594183580455544,18.781837898622896,17.342623356865868,45
6894,9.0,8.75395946806438,6.820520629575765,18.782400731477402,6.352348673459242,45
6895,151.0,0.9657425553246313,7.748480334016134,18.78247903675264,13.955075079192937,45
6896,42.0,3.4772853905764345,1.1289280096528354,18.782528259657713,7.826269044680463,45
6897,45.0,3.1122844617501833,1.8796709992497596,18.782821771103276,5.0,45
6898,111.0,3.57807450167401,5.060492113911284,18.783304660933137,10.979287130871251,45
6899,132.0,2.727806229853027,5.824050430661483,18.783496811027614,10.488793966301422,45
6900,161.0,2.8781469104401216,3.393271016825943,18.784798234301753,7.191758846252023,45
6901,18.0,8.155265916908597,0.8438916597323265,18.7851804378723,15.238152133321623,45
6902,13.0,0.23225204265160504,1.9335227144125122,18.786189106268022,10.733170054380555,45
6903,118.0,2.5616887075940884,2.11312208131916,18.78640789649988,14.335756045288349,45
6904,116.0,2.079383444790172,4.1612812897435845,18.786943737247114,7.941607215413742,45
6905,157.0,3.82853916342744,6.649823027639192,18.787090152940813,10.955060185100189,45
6906,77.0,5.3294093242183,8.964107553091026,18.787261686215743,15.109557179288565,45
6907,166.0,1.9742131853085643,3.80520472681799,18.78765030663359,18.71043304711077,45
6908,59.0,0.6547913314741116,6.336205287851278,18.787828048218035,15.142579629112493,45
6909,176.0,6.7337824832493425,0.20727784302182473,18.78929750956539,17.994868895763513,45
6910,78.0,8.35288753383645,5.206931648210727,18.790370735849354,5.580620248031359,45
6911,160.0,0.5719530835695974,8.321893673215472,18.790670328604406,10.291646252752939,45
6912,46.0,7.547282090618376,6.724535039573865,18.790928551095867,17.825362065598398,45
6913,183.0,6.21423222473238,0.8657219025643437,18.791622816409994,20.0,45
6914,185.0,5.460450986381561,7.069654703588821,18.79193952424278,5.0,45
6915,118.0,6.165811129293513,6.693006313183777,18.793431668372733,19.459675639307584,45
6916,140.0,4.600436563766783,5.558086920513566,18.793998918307466,5.0,45
6917,129.0,1.2751911340194844,7.133252942615788,18.794060047268985,12.861356210941226,45
6918,10.0,0.008104470869035874,6.358191589221671,18.794218955866064,9.167809378982115,45
6919,175.0,5.106838500438239,4.009020525609626,18.79506711556683,6.9547976192062055,45
6920,52.0,3.4875988045614035,6.041882512670349,18.795327175965525,14.097632476170256,45
6921,83.0,1.2419836638693083,8.519196171586426,18.79563601265986,19.42669754445047,45
6922,69.0,9.405706215541453,5.933757036447746,18.79661427831992,20.0,45
6923,15.0,3.7374169055698756,9.090485010491268,18.797458300963232,7.053097816879693,45
6924,45.0,3.628879507102533,0.8208987183091243,18.798824277743968,8.471652249608647,45
6925,69.0,5.685734016273843,2.7033800313214673,18.799128710839597,18.55494264549823,45
6926,9.0,0.19275846755393178,1.7769295918259842,18.799390528615213,5.0,45
6927,90.0,8.289468328822329,8.604782496055124,18.800434618091245,12.43287137027642,45
6928,199.0,6.103467157302607,0.9915172292157703,18.800925321112153,6.483391283395613,45
6929,6.0,8.946106966482203,8.0455696158721,18.8015232640939,14.030904328876215,45
6930,0.0,9.980350156910031,8.858547817712978,18.80155601272337,7.680061019828679,45
6931,153.0,2.6421578615303973,1.0578623436071921,18.80187949640689,10.71017513876869,45
6932,76.0,1.4183844464535877,2.8535582205642065,18.80270023522608,8.733728184739585,45
6933,177.0,7.596756923982174,8.229994802102778,18.802831794409585,10.873738765830876,45
6934,63.0,8.7285582006679,3.397208570342017,18.803714084373382,18.49250085525579,45
6935,85.0,7.787680162855719,1.799038334742995,18.80426151131028,11.479134838219421,45
6936,128.0,1.9729789447273172,8.235124481326503,18.8050269929993,14.116741247970353,45
6937,132.0,9.618741071985596,4.867077773576813,18.805329075085844,11.46174829516546,45
6938,110.0,9.563439859237466,5.570401559292054,18.805704567306886,14.776684355800949,45
6939,26.0,9.407653053229003,8.34000354055903,18.806318442466782,12.605562070532276,45
6940,34.0,7.395263929694877,1.8015308005863173,18.80767923003588,17.848700410810576,45
6941,154.0,2.892478426597499,4.418779684229363,18.808052207195253,5.0,45
6942,172.0,1.1818597216122295,1.1227834815649163,18.808357151071675,8.246164908628717,45
6943,168.0,9.87865778603582,9.87729446526484,18.8086852519624,12.91411838462162,45
6944,73.0,0.688249498695378,9.397781208449404,18.808882372070535,5.0,45
6945,103.0,9.868976711763379,9.405629598651293,18.809768765177118,7.186707441961566,45
6946,56.0,8.754972627825765,3.6752009056988912,18.810515792419046,16.5565257769479,45
6947,59.0,4.964359843278485,2.860399194676898,18.811072525551204,14.995809151973873,45
6948,108.0,2.9256780223468795,6.999507724779797,18.811264366368583,5.0,45
6949,119.0,5.0879516215800225,7.042777293606237,18.81171986779729,16.06741078559336,45
6950,119.0,6.186055919288922,0.752305502346241,18.81220042402355,12.801458983620638,45
6951,198.0,1.401256212942904,2.1301105526003616,18.812481744121285,10.281452295761916,45
6952,131.0,0.9654984203605588,7.242610749346628,18.812603696259405,12.203712706117175,45
6953,16.0,5.462522112752001,1.5808451474375307,18.812861014059834,5.0,45
6954,187.0,4.621684924995937,2.4534537318152916,18.813620630503873,15.897531022341736,45
6955,95.0,1.4499695603144602,2.6820261167236237,18.813727076260736,7.055792572379744,45
6956,172.0,8.126684149714656,5.454821108914886,18.814241894169196,6.721876497818215,45
6957,187.0,7.2998885638044015,5.0381912854714495,18.814639485299878,14.15210417585337,45
6958,188.0,4.631165479851221,2.758990329992348,18.815450323733877,13.835202400156296,45
6959,96.0,2.0868926946413557,7.500574355421744,18.815562052051895,5.764429491990278,45
6960,1.0,4.674199361361428,7.204429990775939,18.816496066884373,11.692700722450281,45
6961,5.0,6.943714815333498,8.351525571889214,18.817681972094714,7.4822718011422165,45
6962,136.0,6.666041782237816,1.2324844587637485,18.817997010494594,14.346055381958006,45
6963,140.0,4.529228835628867,8.67597921215195,18.81826246970053,5.0,45
6964,89.0,3.633727676533185,2.077947232960271,18.81846452390078,15.660528556332057,45
6965,144.0,8.34788404580431,1.2160483425989077,18.819528219559338,14.484412283173308,45
6966,55.0,6.89879755800351,1.348482572938453,18.821406260998337,11.357710163519139,45
6967,143.0,6.999858265982331,5.112747229178395,18.821933468161063,17.332525686759556,45
6968,169.0,1.9944344429632332,4.428660720908964,18.822122201928153,14.703592589911398,45
6969,79.0,8.535242298891719,9.935573092939325,18.822207322615885,19.346862958668307,45
6970,49.0,0.41858287953912,3.323681271959246,18.822551854281432,17.272066431651286,45
6971,12.0,5.2839547120963,5.198403720897657,18.822974871623668,18.2206669516214,45
6972,151.0,5.683479326356473,7.1389535836137075,18.82301459568152,14.83952299926393,45
6973,140.0,9.382221200794161,0.13582957877020685,18.825239126706236,6.905540367950179,45
6974,29.0,9.466612912703294,3.674680789351492,18.82564839801309,7.211337695566709,45
6975,111.0,9.141624305131055,1.80401383389027,18.825673754120707,12.231502060901054,45
6976,50.0,2.949393682175306,2.7767503517299073,18.827933037882886,11.535217283382902,45
6977,127.0,8.706930051364214,6.789410363579619,18.82860216525925,5.560675223785115,45
6978,197.0,5.423987569753451,4.091704621408523,18.831015442623865,17.38424463718553,45
6979,131.0,1.2738078656362928,4.580819619543592,18.831278230964763,12.890230813170087,45
6980,161.0,0.3264180255866722,4.549199152867132,18.831698452057935,5.0,45
6981,190.0,4.378738374647532,7.375959230458211,18.831932408784436,19.63898879991389,45
6982,55.0,6.017771558011328,4.488572963541419,18.831957859966174,12.861200774878293,45
6983,71.0,7.758873761787207,8.452859834315579,18.833360128736473,7.090440883579852,45
6984,195.0,3.879681776945243,6.628902118670857,18.8347465903426,5.340974764576719,45
6985,92.0,0.7754990582115728,3.036569978188556,18.835660191770927,12.91469525163972,45
6986,54.0,3.962419999333333,0.6835805866571365,18.83598864747899,16.249578165246692,45
6987,135.0,4.742965322872205,9.986221457669881,18.83667191764622,5.0,45
6988,136.0,5.817768892841193,8.938205418838528,18.837133176762308,16.653354068515732,45
6989,48.0,3.7145249233289634,3.772541557349495,18.837424644466246,16.342968197785083,45
6990,100.0,8.211224127114026,5.856478700993161,18.83750615743157,20.0,45
6991,98.0,1.544248112833323,6.6244461471246545,18.839822502697455,6.77871584469553,45
6992,25.0,6.682659238795059,6.583831933771341,18.841109081517416,20.0,45
6993,32.0,1.8756930132050953,1.340956184843044,18.84166128065199,18.730011937424173,45
6994,104.0,5.386169380378211,5.020585392478443,18.841843175086478,6.811403515051885,45
6995,134.0,3.291791276202237,3.2008257676082916,18.84191746901805,8.319552931241319,45
6996,21.0,0.495498370799653,7.019310424438764,18.841930482731478,10.317811159549425,45
6997,172.0,4.3427746292550715,4.925577632143935,18.842958383650192,7.239353927340336,45
6998,12.0,1.781181061599798,4.527072388912102,18.84306474739543,18.28067666446996,45
6999,193.0,3.004552600154906,3.712260462369609,18.84395574072427,11.125920652147949,45
7000,180.0,9.806727341158386,4.147475934757276,18.844762211730103,12.768947721237293,45
7001,85.0,0.7450022905530196,7.194664422438343,18.845283764839643,10.089290591501586,45
7002,57.0,4.331866857249215,3.768820869317363,18.84549959076973,18.48159494846478,45
7003,162.0,9.523823525272505,2.4463379225512902,18.845886451315266,16.368555653713415,45
7004,164.0,6.619122336922288,1.8671319325805602,18.846630682855658,18.29447537149194,45
7005,23.0,6.426332464886779,2.0765846412018774,18.84718573681509,17.992996342259126,45
7006,185.0,3.288150254971487,9.283073762634135,18.84722428303702,5.0,45
7007,167.0,6.349113203019504,9.135904905004542,18.847275635815784,5.531063094425171,45
7008,117.0,3.2354145058335684,6.166534232475291,18.84773435763512,10.64974786977785,45
7009,178.0,8.116473222352136,2.673984097925576,18.848163787129483,13.712747433178253,45
7010,105.0,7.397818319424406,4.241550562287088,18.84893395047456,13.045717301005563,45
7011,116.0,5.563639066369808,8.25736173631435,18.849060143463984,11.859835076206778,45
7012,161.0,3.2928280106933028,4.450645422977523,18.850788989113923,5.419975617385008,45
7013,86.0,4.3583431551472485,4.206440715387658,18.851237152413063,5.0,45
7014,52.0,5.516952610535341,0.9673531920987877,18.851367555421405,15.094362451658514,45
7015,114.0,8.449231475691436,1.4037616674276976,18.851963788332682,5.3056706388652355,45
7016,47.0,1.4489575351543027,3.200499706223625,18.8520670208785,9.247427942872404,45
7017,183.0,1.928626303658495,5.677736669745367,18.852213248005274,19.09210681163398,45
7018,44.0,3.2702533831394343,0.053471875430601834,18.853186157310866,20.0,45
7019,114.0,7.214930854168543,0.41526597982794233,18.85381273104335,8.71440934379531,45
7020,163.0,3.8012243023578685,2.1214412676695584,18.85396821107284,15.54311739557365,45
7021,103.0,0.3889935508464415,1.8568393785575832,18.854935997820807,7.634337542506599,45
7022,14.0,9.807150690469811,7.6786905105825625,18.85525626322445,15.707026132060413,45
7023,175.0,5.156537444187627,6.266153268814936,18.855502862911987,6.644083081087446,45
7024,99.0,2.8598619412914505,3.6016624204406975,18.85583658730194,19.25038811634475,45
7025,35.0,6.341519245304044,7.20324408034855,18.859191080947205,7.689037236951981,45
7026,19.0,9.197263502031882,9.877331085229983,18.859270895998147,12.918748897489719,45
7027,42.0,1.3055237070184833,8.698928375567315,18.860255232499394,9.02535720542998,45
7028,141.0,1.3179747041798628,0.8803608081172609,18.86058859632424,13.968333572803559,45
7029,180.0,4.119916507093207,9.644362433869333,18.86180766623327,13.696273872487243,45
7030,98.0,6.98697203622836,4.740580014361514,18.862070542126226,5.0,45
7031,190.0,2.373814932084618,8.090412282265614,18.863409996482396,15.621086781667787,45
7032,122.0,7.56203992315402,4.395367685921786,18.864111817975044,14.48002037173437,45
7033,14.0,3.84012890160621,9.298435371536865,18.86456245152313,18.64667399510923,45
7034,37.0,7.037452767461922,7.551293407533422,18.864976348427472,10.359086958506529,45
7035,100.0,2.7627560729898324,2.8358632407731044,18.865100677178127,17.705943950735747,45
7036,171.0,4.957560526185107,8.246808188081259,18.865310574490174,10.654084565236104,45
7037,18.0,0.5635902303948614,7.9864402962903736,18.86556747819298,14.09141462932585,45
7038,1.0,9.34520361842699,0.04288702757951235,18.866122111054317,11.847788227806909,45
7039,29.0,1.8423225305998314,4.512645030884103,18.866221427793167,10.033048908834166,45
7040,16.0,6.014648188513477,9.4674443385966,18.86646771934953,7.1156244646206845,45
7041,147.0,1.69228201695091,5.911941441266418,18.8668478722902,12.56156365020219,45
7042,95.0,0.11758399400503161,7.241844991944807,18.86716546419367,8.18688377128968,45
7043,151.0,9.735594399719393,2.4689631417966096,18.867170319833757,13.837821664249056,45
7044,92.0,1.1997140827656927,3.333572550780027,18.86735015894473,11.967348585098643,45
7045,98.0,5.544488344061174,2.8228925814075856,18.867719151262435,5.463643745562683,45
7046,24.0,8.424034375786873,8.618636788196724,18.870105096107185,19.483231099552867,45
7047,165.0,7.285166243343449,7.103525766383085,18.870123984573137,19.738005598160573,45
7048,184.0,0.43326070451384924,8.362200857944545,18.871181808710173,6.6569160330122035,45
7049,59.0,7.833609371171298,1.5164037427289867,18.87153682197728,14.40780037552302,45
7050,105.0,5.162118899219694,3.2476775088619125,18.871616476252914,17.270399394799515,45
7051,54.0,3.7705928612309556,4.326908550844451,18.871789107130354,11.968713308043457,45
7052,138.0,6.174712972808798,0.9258699767782219,18.872291260864664,6.113288432322335,45
7053,130.0,1.2807079901621576,5.261390417760028,18.874293211206695,15.794128500613688,45
7054,66.0,0.3487290665049181,9.353518652069221,18.875295628001645,10.015847150632014,45
7055,21.0,9.34274835857182,6.6919903140650705,18.875349776782436,10.424434748827315,45
7056,20.0,5.034780359638578,7.849219742826068,18.87546021583594,10.242244858633649,45
7057,73.0,6.220927047582295,9.038009154460063,18.875571185931296,6.815462409096926,45
7058,134.0,4.274431604065866,9.444823135011832,18.875911533600117,8.719560748066474,45
7059,86.0,4.386852999145358,0.4978458284107956,18.876055608721163,5.0,45
7060,197.0,5.976443302129226,5.536111415719134,18.87770267466933,18.240298840715766,45
7061,159.0,6.809407794789526,1.2931986717484756,18.87838959451501,8.306767538260596,45
7062,140.0,9.107576016793752,4.8262881972421265,18.878565398162493,7.621682234027927,45
7063,189.0,0.5854177345405465,2.470971229783779,18.879836640227342,7.636160033562066,45
7064,182.0,6.215048826536037,3.648306230370346,18.88067871152374,12.883910593506357,45
7065,71.0,5.320212427854949,9.901173272493365,18.88143251744577,10.277904249975357,45
7066,172.0,0.3885269278813752,5.659410643768616,18.88180896701198,5.0,45
7067,17.0,4.24689010660107,0.21684861846444248,18.881936425137557,18.36500215934781,45
7068,41.0,9.524846780863014,3.2528782233106313,18.88363671878901,20.0,45
7069,111.0,6.969397551849924,7.209729215852323,18.884728360094456,14.267774689526751,45
7070,62.0,5.063974451457036,3.0194977643382748,18.885437468603076,8.378478681513048,45
7071,126.0,3.6457121051393138,3.036171977864215,18.885575811336764,8.362575732104784,45
7072,71.0,1.9550118667867389,9.26112944558266,18.88622727541441,10.748685571342987,45
7073,24.0,1.6323642680186246,2.2501522327137558,18.886252443505434,15.793852464669826,45
7074,72.0,5.38027285271577,6.088150800881589,18.887145842646436,6.7399699623197025,45
7075,145.0,2.3751688317722266,9.042003011880533,18.88975109812028,11.94688136363005,45
7076,88.0,8.23853554562451,6.799907706550377,18.890431220622613,16.176943831178345,45
7077,157.0,7.156134783525574,9.531906854155975,18.891470980748444,5.0,45
7078,168.0,4.209141028180735,0.17288390713187218,18.891775003294942,17.902740994084787,45
7079,154.0,8.804074759575837,1.037457840286078,18.8919449587711,6.5345997886464815,45
7080,28.0,8.720111796387982,6.558707397318059,18.894333133394376,12.844966210240809,45
7081,109.0,6.72827226991345,0.3842894086583626,18.89492220966762,14.746851388295356,45
7082,127.0,0.9840834994811898,7.527925194438117,18.89560513931951,7.712596349122693,45
7083,73.0,9.032945679694606,3.5617718598605963,18.896775233940133,10.576352692866392,45
7084,139.0,3.0051200143085355,0.898440384624406,18.89727942453123,11.198115980318185,45
7085,165.0,4.432124686524004,4.061548457187484,18.897421216472296,20.0,45
7086,88.0,9.22597190493416,7.738413350275868,18.898111118978242,15.014436392081437,45
7087,23.0,2.077653005236153,1.870979752411397,18.89820702792388,19.201928399205777,45
7088,80.0,2.8009283391395745,2.1458438478718067,18.899479270002587,19.974510503539065,45
7089,178.0,5.114014237606473,5.3452706140223905,18.900483945458927,13.050465593242535,45
7090,64.0,5.02014446856275,6.379738132062331,18.900544738155162,15.842972993314469,45
7091,71.0,2.3018812195344953,2.102076368531006,18.90131186373919,10.651739533542079,45
7092,29.0,2.4212336107882737,6.229055861021001,18.901322935522067,8.947812539600733,45
7093,62.0,4.997198010875094,6.678459916490458,18.902175944966583,12.304972513736882,45
7094,42.0,6.160681445334437,1.7330015630239026,18.902841766326336,9.876714723040868,45
7095,114.0,1.0347160358867213,2.929982873665724,18.903993337706737,8.592572082500158,45
7096,24.0,0.029645468319050572,0.11300355097774384,18.90455632720812,15.413468960059271,45
7097,25.0,9.62207444488209,0.050717376497401156,18.904850292394965,20.0,45
7098,40.0,0.809226144344678,8.170531870014422,18.905593427495653,5.0,45
7099,193.0,4.998456027793813,8.210514152415886,18.905666067411524,13.604445141899012,45
7100,125.0,7.384913599537073,2.6776611850428633,18.906662026290526,20.0,45
7101,28.0,1.6321070995268128,9.940889139269911,18.907522458043154,14.910306974116631,45
7102,169.0,8.320828028753478,5.710571599554512,18.907567204044863,16.35702504539512,45
7103,154.0,5.4584886433264055,6.169748780783754,18.90758508080733,8.158560497153513,45
7104,25.0,6.4675971972271915,1.6913636981996727,18.908570671080916,15.585942216435495,45
7105,50.0,6.158610572350285,9.007805446071686,18.9089325227272,11.425884568934835,45
7106,65.0,3.6190581169507663,5.6156732424601845,18.908997935521484,15.73831857591875,45
7107,58.0,7.100796140678752,1.367039520008827,18.90904614245678,8.738092195479819,45
7108,155.0,8.7700509223486,5.285618609150584,18.909635182100043,5.061885158915357,45
7109,188.0,8.210111007883965,6.026259569318646,18.910999609885067,11.018469354555078,45
7110,65.0,6.919548409757176,8.02158538985863,18.91111821570676,15.774288175381743,45
7111,132.0,4.988229319933414,7.852892169401323,18.91158096175772,13.155006592036928,45
7112,175.0,5.873632128707969,9.923154022018227,18.911783895941987,11.39687063868131,45
7113,199.0,8.07786867079894,1.225143524038531,18.912123012978633,7.127838947382367,45
7114,12.0,8.92009171422666,0.7473818769409502,18.91265796623701,19.586385337836813,45
7115,176.0,3.1854045624632645,4.857376095150411,18.912768753449082,20.0,45
7116,2.0,3.5336761708859488,1.684241043445548,18.91331969329474,9.539399586356826,45
7117,11.0,4.320809451563531,4.000956089040018,18.91364494786358,18.322206037866458,45
7118,18.0,5.692789268853339,6.765780473994508,18.91365624711816,20.0,45
7119,6.0,2.65318407250159,6.764203281364858,18.9139240600048,10.71211673587421,45
7120,141.0,8.216492541461726,0.5466500627774773,18.91397531758828,10.40404537622032,45
7121,60.0,0.30723789776571864,5.787321955212392,18.914536908620207,11.787006681069865,45
7122,58.0,4.025443948778285,3.021424859296782,18.914785769181183,5.0,45
7123,125.0,1.3126635112459895,8.397415618981244,18.91490463944467,17.791433376746244,45
7124,161.0,4.532509561550716,9.880494294094651,18.915920643426645,6.828232414082361,45
7125,46.0,2.6527379412429255,0.518698224610864,18.916127002400433,17.232111030877398,45
7126,95.0,4.6284716232823495,9.522421173730322,18.916556735824607,7.283718841940422,45
7127,64.0,5.0587308392189225,0.9741197686033021,18.916978475576563,18.738743357778045,45
7128,0.0,7.927396840642914,1.8463206421288902,18.919022885351122,6.0700440397865645,45
7129,78.0,3.076443133967107,8.244663778339925,18.91959006768375,5.4862458987262865,45
7130,170.0,3.20196635512778,6.297523152110285,18.92023387472349,10.630716669968931,45
7131,65.0,6.292518871897574,8.778303936024596,18.92027928634787,14.032046044988373,45
7132,170.0,5.235912811148954,2.7143078098578544,18.92038982077347,10.242642575503808,45
7133,95.0,1.1400596503365756,9.723973811439837,18.920629704831512,9.15818702875373,45
7134,105.0,3.9923725180732097,2.3113663997470137,18.921222087474334,14.738352893315449,45
7135,92.0,6.13518186545752,9.968844392341122,18.921998371409156,11.032232732177441,45
7136,79.0,3.5168164831788284,7.809686042579368,18.922817413488403,17.31611824070629,45
7137,170.0,7.674140287452334,6.912685901174219,18.92354414320896,9.56546439391093,45
7138,15.0,8.98142119256471,3.597865511261565,18.92410283456781,5.29935328319972,45
7139,116.0,1.8078434278190036,9.898677754747077,18.925093145692117,10.700071658470241,45
7140,73.0,7.227505153695296,0.06925354715853538,18.92577180407089,7.097618480934548,45
7141,86.0,3.9456124376774673,0.4660763759988029,18.926845154990907,5.0,45
7142,82.0,1.0755836059503987,8.770162835563939,18.92833942582986,9.365123606848234,45
7143,142.0,1.4225856887305033,9.443261995457409,18.92956523642373,17.006372191952725,45
7144,168.0,9.944266373763387,4.384532669648302,18.93005196619383,13.189685247756321,45
7145,33.0,5.192577510993544,7.70172124680791,18.930375524904683,5.0,45
7146,24.0,5.163629158062054,8.427398693039024,18.931348787139466,19.04135878586027,45
7147,137.0,8.649718345079956,2.402368219294347,18.9320421138604,17.04542717201117,45
7148,118.0,0.7804207794081208,9.369945165101642,18.93297656842681,17.593826304461487,45
7149,82.0,8.490938684319273,5.808975441083306,18.93330455452677,10.1102506359127,45
7150,19.0,5.3457270346679,0.4427256447055128,18.93468228525495,12.841828985618537,45
7151,192.0,6.815496708799952,4.3187331877501,18.935605687222548,8.538481079866612,45
7152,0.0,8.427866771553829,0.34102359785098013,18.936268259653364,11.971244391896054,45
7153,166.0,8.890775995993769,9.517899194679718,18.93684073395052,18.623392548425883,45
7154,25.0,5.542653882280072,3.8794831881233827,18.937900906358955,20.0,45
7155,80.0,5.7915762791149215,1.1453731637961895,18.94068053589706,16.293868746674686,45
7156,97.0,1.9584278905771624,4.266367211653924,18.940774577442646,18.074800967697033,45
7157,0.0,6.892109699192151,9.645507890507378,18.940871375097863,11.67453909134792,45
7158,100.0,8.156050594068805,9.017723157625925,18.942153944435372,20.0,45
7159,76.0,5.18889089033459,4.69225786702382,18.942390808330334,9.00356192687207,45
7160,55.0,6.761597054636507,3.826672427844815,18.942413093414192,13.88965518914839,45
7161,11.0,5.328928005062453,9.595589837983567,18.942427423446624,20.0,45
7162,61.0,9.56365223030448,8.903384236786438,18.943397540745224,15.615683764873774,45
7163,97.0,3.6708795637024574,7.595474083951754,18.944088172440505,20.0,45
7164,188.0,8.22501915410475,4.894454247028933,18.944159291191802,14.565261208234853,45
7165,76.0,6.410216359645034,6.900966110247114,18.945349351961006,7.405691455946068,45
7166,154.0,7.680621825127302,8.044439487600082,18.945428962084243,5.0,45
7167,114.0,9.066265657553721,7.038686541253535,18.946167408955578,6.882197906881714,45
7168,82.0,6.971586590946589,7.736706861106582,18.947012058674296,9.817908290827877,45
7169,126.0,6.010271721512663,1.5523198628663404,18.947307141998124,9.335972247800298,45
7170,13.0,9.58720421728816,7.993439945232687,18.9477495686143,9.768801166970336,45
7171,147.0,9.602439334483366,2.560615861493638,18.948088504285337,10.451237052645066,45
7172,150.0,2.5891743146068,3.0709640874815713,18.948822929116417,14.994914124967497,45
7173,130.0,5.422543808046081,2.7259257265982884,18.949040548913512,14.259000638961998,45
7174,152.0,3.5977889750727843,3.541602036156979,18.949722928913857,16.8234081181408,45
7175,0.0,7.791620012242321,4.926553894287827,18.950007811126937,7.654313529233526,45
7176,192.0,1.1560074734259174,6.906658644055712,18.95004414437157,6.583918292915414,45
7177,103.0,6.249241314635218,7.35124012679692,18.950654000312213,7.769485334771947,45
7178,94.0,1.3178531909832925,9.387503251827516,18.951102505764094,13.839222128298193,45
7179,20.0,6.018566617370736,1.6435215235611844,18.952590653490176,9.452188077015768,45
7180,130.0,5.267752233049898,7.164344107278674,18.953228685035235,13.526014004217148,45
7181,87.0,7.898125164270182,9.902970516167178,18.95363677333304,14.130456864203808,45
7182,88.0,2.5045206503708526,3.753030921318782,18.95428579980765,14.579380202325384,45
7183,120.0,2.8510654142079375,6.030768968879645,18.95432689103568,18.160845210091505,45
7184,199.0,5.475545372947518,1.596841695504858,18.954487089782063,5.0,45
7185,123.0,1.2691598159151707,9.235492330653955,18.956354611758897,15.633648838506083,45
7186,77.0,9.342391205368411,6.653918118143971,18.95703796011819,11.484575030763976,45
7187,37.0,8.686359926559922,2.6813863478816247,18.957616583025843,13.384712823249117,45
7188,69.0,4.007972851593137,8.852021058741588,18.958308185931358,20.0,45
7189,66.0,9.89870683163845,2.8073474217542915,18.959238455730446,10.578649206339394,45
7190,54.0,7.339891700312091,1.8073332934882735,18.959286186553275,11.76468452630282,45
7191,75.0,8.133770318512335,7.570373561858398,18.959905805672676,8.423133039875937,45
7192,93.0,0.16095596965781667,7.927932603669441,18.960113983452235,15.147571875442253,45
7193,90.0,0.1343335588477912,4.9520563363029435,18.963541431577667,13.617511257847434,45
7194,43.0,7.619294994178737,1.7324505224788567,18.964007033664764,16.76309112736205,45
7195,2.0,9.62349497040731,1.6500745482334611,18.9640871056302,12.702075731578356,45
7196,38.0,9.284567021337388,9.698703011639235,18.964648985071925,14.873708365595528,45
7197,64.0,4.689245122945129,7.8934510844437025,18.96556948605595,20.0,45
7198,130.0,1.70865073321666,3.850850711947266,18.965910661862218,12.203591390471196,45
7199,151.0,6.540945027685155,3.922651082708489,18.96628145326803,10.953665378954405,45
7200,115.0,3.366407425584784,8.82407184170477,18.967627044983068,11.023031761965301,45
7201,45.0,8.319544071100527,0.7367308326130084,18.96953924178105,6.227809427036176,45
7202,125.0,9.63167048665393,1.2274619333791081,18.97015564698972,15.022634580781974,45
7203,87.0,2.680840425788543,2.215333936717312,18.970339838345648,15.12891857255467,45
7204,47.0,6.754192512098534,6.3134209856270305,18.971165537193308,7.561058316962955,45
7205,137.0,7.359417622528003,3.6734724725328114,18.97125601461254,11.63023737879604,45
7206,71.0,2.878002554391088,6.62766643221193,18.97169098699278,10.431665046344364,45
7207,157.0,0.9164897942748673,1.5018875125217135,18.971804775527175,10.52537979129577,45
7208,46.0,9.228119153767448,3.886087250628083,18.97212396398835,19.918745492095166,45
7209,158.0,8.701364221226434,7.3005914103510605,18.972292109543645,16.354982219577185,45
7210,193.0,7.387660102630493,7.964696911098173,18.972406168157075,19.126211612748467,45
7211,43.0,7.3663975279020635,0.6127285154727358,18.97253830304217,15.42658502593919,45
7212,60.0,9.866367801502973,9.848912027058507,18.972899819295932,11.059073922589738,45
7213,156.0,9.197660294922702,9.57584143724915,18.97345920090075,18.46673692049232,45
7214,95.0,9.165657028400407,7.712285249341566,18.97353219711247,10.458481242176635,45
7215,94.0,5.911070435525248,0.8424985262169937,18.97406289294486,16.688046216552546,45
7216,139.0,9.090175007895109,2.5291502119682887,18.97605683645684,19.484601584535834,45
7217,154.0,1.523870156317566,8.585340534202894,18.977022998457198,8.0412504762513,45
7218,134.0,6.716442796727581,7.184672288046224,18.977268014649873,7.57534800785874,45
7219,147.0,1.718413527100473,9.536449213713658,18.977435283222786,11.326661793997928,45
7220,137.0,5.2033061346028635,2.8377651594873954,18.977743229237696,14.08863640397453,45
7221,60.0,6.377399831569459,4.408630303761253,18.977763577400026,9.890503145205725,45
7222,106.0,7.3027183102656315,9.354856241717242,18.977929916652226,12.003484005712764,45
7223,35.0,6.210754166268484,5.869301951676923,18.97880459792211,7.312425951676821,45
7224,61.0,7.690507867047598,4.455214022818273,18.97930449276708,19.743188364827983,45
7225,71.0,2.645568183351321,8.142320622927388,18.979321843052503,7.029733066754424,45
7226,108.0,1.1014102503223233,8.835860597078991,18.980330001143436,7.63231115404581,45
7227,8.0,7.681325858105479,9.703500824841994,18.980876132860452,14.533754326017347,45
7228,140.0,9.116097596692946,9.898725697492836,18.982309922674858,7.029819943177517,45
7229,125.0,6.503514091969272,2.3894486532437567,18.983430628093814,18.557998700179766,45
7230,129.0,8.44609922802784,4.0371356389937105,18.98387432842186,10.445297584694787,45
7231,59.0,9.300175172525583,2.1678248670353186,18.98407347130297,14.715990526733199,45
7232,73.0,0.9670970402171231,0.558412174256413,18.98438174126986,11.25254080378405,45
7233,17.0,4.5657006802620845,7.42220929101136,18.984419061185054,20.0,45
7234,18.0,6.440691785150184,7.416715212328665,18.984683623559953,17.359941474831793,45
7235,165.0,4.468545816805582,2.867936461682193,18.98952222774895,17.472646942471854,45
7236,184.0,9.675355506815261,1.3873956660645637,18.989782284171152,11.12725996856458,45
7237,81.0,9.23193397479389,8.525590216611223,18.98989387811838,18.580134842004497,45
7238,66.0,7.339180380779768,3.0702966058018344,18.99006933935628,8.255913472158987,45
7239,161.0,9.034163375468998,6.117268711483419,18.990262228425795,5.355184352850998,45
7240,156.0,0.11899976584023753,3.8149773443665778,18.99133729650663,13.725390796461769,45
7241,154.0,0.7145044990061888,9.891085724980394,18.991939068494183,8.667174775177358,45
7242,125.0,5.109458067443404,0.5587744724596788,18.992022157532503,15.024325030126233,45
7243,19.0,2.63907132970594,1.0539874686430417,18.99254820068987,11.477528623281437,45
7244,153.0,9.72851794927161,7.061826284813188,18.992597852318347,10.72596310046256,45
7245,128.0,7.350816013517626,9.559828049176664,18.993112071769705,16.699685410044154,45
7246,189.0,7.374049408607416,3.3984145310481084,18.99336318366872,7.650355839709082,45
7247,169.0,0.9286797400874891,7.362610760106546,18.994196981881366,14.903847684791653,45
7248,97.0,1.2871234727210734,5.147359771018955,18.994434224224662,20.0,45
7249,13.0,7.032722274596633,2.7511061392699174,18.994545813626658,6.480741368528514,45
7250,95.0,7.378842771016445,8.806813047434476,18.994546770653024,9.60339509524286,45
7251,104.0,9.129328409779557,7.661399916282177,18.994890437167008,11.847332284587676,45
7252,97.0,2.818444986563511,9.320129912766037,18.995193293449148,19.55548495869588,45
7253,54.0,3.1352367252600577,8.186491554404796,18.996904842810537,13.537729818824811,45
7254,185.0,2.1243584751713716,1.2791188692431332,18.996913077073813,8.273410906014233,45
7255,61.0,7.303198900003603,2.451379055291988,18.99695630354073,15.22647999416484,45
7256,37.0,8.13720089821609,8.692024680654617,18.997034544364457,16.503945010898818,45
7257,126.0,7.532380663522064,8.411057628104194,18.997368922192347,10.428627251501613,45
7258,169.0,3.5532656273294148,9.001860712581113,18.99781296730007,16.871553460636655,45
7259,137.0,4.342875237741977,6.498865461339069,18.997883012332693,16.01941933413371,45
7260,61.0,0.5067715979008691,2.034729897009001,18.99800336615996,19.954294991766655,45
7261,26.0,4.237128572095889,5.748666399084968,18.998209173237594,19.901507609450338,45
7262,104.0,6.449550750930727,5.12042643020653,18.998264744777952,5.129599462395301,45
7263,72.0,1.5947296508299869,4.600880879941748,18.998517455175516,9.65935410061682,45
7264,47.0,4.71665996356935,5.036786464191012,18.998803151946426,7.386817587824288,45
7265,170.0,6.102274963468211,3.43130505848793,18.99887466733771,10.136405023727708,45
7266,107.0,7.8334797313546725,8.018850832568265,18.99979980436382,5.0,45
7267,92.0,1.6439023781843587,2.285633916920774,18.999885185700442,10.693200736872138,45
7268,57.0,5.383306182832632,4.786261881556772,18.999945524690645,19.660345755235696,45
7269,57.0,7.466386398040859,0.7975089370615818,19.00013410559789,17.08427434452137,45
7270,160.0,2.1756566445810446,8.179320218774086,19.000340945706295,8.424390858416368,45
7271,70.0,5.502745671301673,7.216927614127105,19.00110895424367,8.777435003804413,45
7272,135.0,1.463726264005084,3.757511845615448,19.00155288301821,10.00767859028764,45
7273,11.0,7.8822414303275785,0.9973616866687551,19.001776422041978,18.428705797999626,45
7274,149.0,5.796530784043182,8.144216978183337,19.00299255591782,11.252835400499837,45
7275,42.0,8.179267363373711,1.0909765649607917,19.0031104736641,6.507922824519779,45
7276,116.0,6.761619048270159,9.021366649167144,19.003129529047786,11.459892612982678,45
7277,40.0,3.076365718411258,8.770801479959655,19.00326195366126,8.874826580773284,45
7278,42.0,1.5452761140823412,1.79632684972717,19.003447177418373,7.1086174068881,45
7279,77.0,3.7411508199127974,4.79778267808978,19.003969309839473,10.378285196607253,45
7280,158.0,7.240544498903586,4.0323658252988785,19.004088991106208,16.132422294623822,45
7281,80.0,3.3282062688907765,1.4121356289142406,19.004237468900115,18.446320835105507,45
7282,91.0,9.198243412155595,8.59149431165945,19.004827511863063,13.98270544570766,45
7283,25.0,8.232219546624808,8.495477804883542,19.00617913166529,19.300878051616753,45
7284,159.0,5.396971360509019,6.44052000009694,19.007803102032018,7.0788789986664575,45
7285,75.0,6.285986592300256,4.53641507007895,19.007989162578795,7.9914924734964,45
7286,11.0,0.08592554090386062,8.7226366760115,19.00808015870082,17.787550042723126,45
7287,70.0,5.185451341659922,7.282920817482831,19.00827062186466,7.413116965475312,45
7288,151.0,4.467687531112024,7.05902014370345,19.009967501132415,16.270213717569582,45
7289,159.0,4.627559270145863,0.6443767481342522,19.01162759607994,6.834014551876731,45
7290,64.0,8.858081661621881,8.503283810042204,19.01228630966097,20.0,45
7291,186.0,3.731928942041949,7.01325005744379,19.012950326829234,6.210566614116458,45
7292,117.0,3.5435873635572923,2.838727515127216,19.013766927417294,11.398407273291314,45
7293,92.0,5.939712020662204,5.4155279583256135,19.01430147468777,9.072744969033243,45
7294,179.0,9.116615094836739,3.317467255764318,19.015363889102716,14.931816342436353,45
7295,164.0,4.333482361881832,5.2862525040946124,19.016461246426033,16.69449854594049,45
7296,31.0,2.0890437243567037,2.704181903953903,19.01701624659844,11.26360935619725,45
7297,146.0,4.0265515303304795,6.8287764407574025,19.01808832685092,12.562593343462433,45
7298,120.0,2.0053630990800206,9.928796351976526,19.018259177095043,20.0,45
7299,76.0,2.5275967868270266,4.719402093682784,19.018555689257276,8.299863940602005,45
7300,112.0,7.348576081278219,4.397075997516566,19.018636676188315,5.92693276436737,45
7301,192.0,6.315809370574522,0.41010549903370164,19.01879184452137,8.53998239974064,45
7302,154.0,0.4455805235149457,0.22734039922783666,19.01884920344773,8.755103189391411,45
7303,89.0,0.515235801316678,8.61227373420061,19.018964983394056,9.203549099275996,45
7304,46.0,2.8351119455874505,2.329130990460122,19.01939672375532,20.0,45
7305,22.0,4.7947208026436705,0.5336728260566459,19.02011406427503,11.614031535742939,45
7306,48.0,0.7166871677739606,1.6078348946383525,19.02117497571328,20.0,45
7307,123.0,5.006043145338479,1.2174156049481255,19.02124945219574,15.812944289841214,45
7308,185.0,8.298332608483097,0.11092776569627816,19.022004532715812,5.0,45
7309,77.0,9.377866381857299,1.3100213150016193,19.02359470823778,10.104110416389151,45
7310,144.0,4.62493422144383,2.260881559895572,19.02368773243929,15.056363724162251,45
7311,60.0,9.95778236919221,1.7009232443086941,19.02471242140442,12.82411495690813,45
7312,83.0,9.714692371501252,4.478013086822643,19.02802213573462,17.85321326019364,45
7313,66.0,1.7759627536913947,4.033404646428108,19.02814843038347,7.726986591905111,45
7314,95.0,2.997118317481513,5.312711113400872,19.029010004551104,9.647113084191476,45
7315,77.0,8.56765946519586,2.083778394621285,19.029304077376636,8.747052795381258,45
7316,39.0,8.473321379664329,6.185519715804705,19.02966418064486,5.168767103334555,45
7317,34.0,2.4650640174961733,9.270031172350372,19.029945814380234,15.89909994197896,45
7318,44.0,4.8973794482107325,8.529051268852344,19.030037789367775,18.842613576728244,45
7319,58.0,7.011374210148787,3.9588110915351526,19.030804543857464,5.42817343076415,45
7320,54.0,6.119482073284283,6.492838557600033,19.03081266767907,13.906497869023136,45
7321,120.0,6.2360070962713205,9.183661505872463,19.031659528862033,18.84760720176828,45
7322,55.0,5.69272809900136,9.725574470665842,19.03206098337753,12.218048183124923,45
7323,169.0,0.7598415806552516,6.530615822448217,19.03342908684559,13.867558595036979,45
7324,97.0,4.234845073466214,5.607226676514605,19.033515054345266,19.068336064462294,45
7325,164.0,0.6854474298274771,6.254840169663377,19.033707934132117,15.676479371199882,45
7326,171.0,5.488744803596966,0.3144598673569077,19.03416970109661,10.17978117461308,45
7327,193.0,1.6794886366806672,9.121068403608966,19.034183870586475,13.13233611315381,45
7328,75.0,1.3533008238371003,2.9483720328383667,19.035779407553402,11.025357251474956,45
7329,186.0,6.86578491726218,4.891903316992467,19.037896739142287,7.077633841367954,45
7330,159.0,0.6962974302737968,3.318387788463654,19.037907136924666,10.984439232017676,45
7331,126.0,8.84400485860931,6.016732898455791,19.038248030960833,8.791702689656944,45
7332,189.0,2.362587602244867,9.019710699164461,19.038405712492462,8.561132055044743,45
7333,116.0,8.242375163338414,6.395823696109467,19.03843078168595,12.703621421221882,45
7334,80.0,5.940504826068478,4.346851578741698,19.038511226868884,20.0,45
7335,124.0,2.3038356475784747,7.616801456418179,19.038809987217,8.367068839741988,45
7336,77.0,3.036138945232417,4.2923914104976415,19.039565446588984,11.64415432279217,45
7337,165.0,0.8911232579868344,9.87177309162086,19.039801457717864,20.0,45
7338,37.0,0.27885528599934095,7.627289150413087,19.04008264897323,17.926399615229784,45
7339,98.0,3.0994051765241015,3.4059140792295475,19.040604993050525,5.0,45
7340,84.0,2.5539246111496072,6.218322225601536,19.043363645688142,7.381246958849964,45
7341,136.0,4.663920923238779,9.097557801887334,19.043367178739228,16.785210196478246,45
7342,108.0,6.9492505818084025,9.126682464127953,19.04438600860623,5.516357975751391,45
7343,179.0,1.4433722683679007,8.610280249550073,19.04521842454063,13.813781911009013,45
7344,30.0,2.346773234754289,9.867463296787019,19.045367213036982,17.39439757000195,45
7345,168.0,3.3258309193743383,2.6896473268496934,19.045956406830623,15.667133395987076,45
7346,148.0,5.1875697452789815,9.234020596471339,19.04605911022452,6.591733624897412,45
7347,65.0,0.47934346256127025,1.1181029346417914,19.046972852083506,17.369404370651928,45
7348,190.0,1.231081895061542,2.639307906220508,19.047473899561762,18.84119670953894,45
7349,198.0,2.4613448181599775,3.7210324534146313,19.047489928145204,14.431947613977398,45
7350,70.0,2.5951027459695606,5.86986053053499,19.04827641914059,9.881651923576921,45
7351,178.0,5.622205317297981,5.469912438603752,19.050413103909335,14.716409277229985,45
7352,130.0,8.563872446710644,7.6090205933564,19.051042532126356,15.361742060357502,45
7353,68.0,8.316450002257037,4.737399075840227,19.052257510582585,19.923466650574383,45
7354,144.0,0.8930883503343634,3.8446204893110236,19.052346390207312,15.316803319382956,45
7355,37.0,3.5003113361523566,3.7924617269861516,19.054352065920902,11.185590436535755,45
7356,99.0,6.856308882250284,8.149033388721117,19.05444299082953,20.0,45
7357,130.0,4.087677246141217,2.580480554602833,19.055343767462624,13.42630378478589,45
7358,13.0,7.1513884157721925,0.6398630258694227,19.056905142406478,10.090914115096155,45
7359,139.0,6.043080022257036,5.8218680474826225,19.057084937615812,18.55453405421617,45
7360,161.0,4.899227030585926,2.9886648484712106,19.05727045968168,6.939839241950554,45
7361,192.0,0.5312528603262856,8.824024575923508,19.057304693640628,5.728602276693471,45
7362,170.0,3.7983471542180682,6.80742914947248,19.05792926381985,11.996397214556497,45
7363,8.0,1.1572935483144042,0.7924188742208604,19.058053839290174,11.6292184690448,45
7364,114.0,2.098066632975939,4.656099028020676,19.058798080865216,5.0,45
7365,16.0,8.8018005663092,8.84584080411691,19.05881295137388,5.0,45
7366,48.0,2.5016056987677713,5.138690783457829,19.060367080710975,18.590675994208084,45
7367,31.0,8.193286486267741,3.277912020699767,19.060724977794195,6.9449601060162705,45
7368,113.0,6.654360057237939,1.7461613120316555,19.060967945460156,9.654305671797012,45
7369,124.0,8.063829069566168,2.0225901390273315,19.061518667931104,8.707305176738524,45
7370,155.0,0.2986535921921418,7.235696048475489,19.062226117834427,5.0,45
7371,152.0,5.4468721247646155,5.66001458541183,19.062247290979126,15.887970019792236,45
7372,12.0,6.900912503625212,6.213612092270434,19.064041877046805,15.657424707236402,45
7373,198.0,6.633046176613462,5.404577852417657,19.064585455678802,8.497119021420541,45
7374,172.0,0.028799481173851227,5.209585023409659,19.06517320746433,5.0,45
7375,96.0,1.8714897283967302,3.48713139300588,19.067049291732737,5.563917609665216,45
7376,35.0,6.02661531058941,7.44854069362624,19.067335981890064,5.634126280625406,45
7377,129.0,0.9333687815517355,4.520259346305842,19.06774033602727,16.177041668877266,45
7378,175.0,7.723483654668898,3.1507376572504775,19.067930857763198,9.923690533046797,45
7379,30.0,8.990604959099752,9.56196715244446,19.068487973531965,16.03917589125678,45
7380,96.0,6.049728451066557,1.3443254092272328,19.068787830180746,7.881088503847982,45
7381,4.0,1.404230086042012,9.53315664932765,19.068889318039698,16.84102437599802,45
7382,116.0,1.5059360052797344,2.9048117948506222,19.069305902646363,13.247453251078639,45
7383,56.0,9.232610242949974,0.7313646452764355,19.069494914623625,20.0,45
7384,46.0,5.350106749412287,7.038236398861675,19.070250338227112,18.206869217065357,45
7385,100.0,2.937573636246966,7.597272652196711,19.070480312049582,20.0,45
7386,42.0,4.974731006455544,8.544295044031701,19.070636554813795,5.0,45
7387,57.0,6.995668010775827,8.576146430507293,19.07101497550165,20.0,45
7388,169.0,2.1869326799645297,5.797486671842562,19.071128139966845,18.854067649924797,45
7389,4.0,3.463149143816623,6.7846839956885905,19.071797731607617,20.0,45
7390,152.0,1.916279211578581,8.149606454871929,19.072050901288925,18.021697907189555,45
7391,41.0,2.6117694257836477,7.326935859111595,19.07205558030715,19.44367482998073,45
7392,74.0,3.910374230929955,2.813976291386192,19.07213112611432,18.528223293226926,45
7393,64.0,5.099424592000831,8.537304383483761,19.072198989582184,20.0,45
7394,184.0,3.4486619559900946,7.851185806189195,19.073294804119953,7.604574427207447,45
7395,81.0,5.644775811890766,5.81610826895166,19.073478039368354,18.37242927296591,45
7396,23.0,9.609268552903249,2.6228443731253535,19.07480307779456,19.794565427660558,45
7397,124.0,2.4679322335810805,3.8068400249721623,19.074807306232206,11.848510667533535,45
7398,68.0,9.302222967450893,6.851934043951636,19.075802842337637,15.550458011765606,45
7399,188.0,2.009522198605891,1.9227126730334032,19.07601123499464,12.443740140172284,45
7400,22.0,3.843476904557812,2.493347131728237,19.07734571641038,10.65493713887279,45
7401,20.0,8.342224148811654,7.795523805034251,19.079316276855902,10.089333545757704,45
7402,142.0,0.8163290190103156,9.17113773672204,19.07931697161672,15.186434340492859,45
7403,114.0,9.832149950969276,6.140782093659661,19.081741830908207,11.946618020896878,45
7404,84.0,9.850917940458618,8.427421437701357,19.081770076399494,12.268311927799049,45
7405,165.0,0.035807675759023105,7.884262488750096,19.08213755355981,19.179772288365037,45
7406,55.0,2.1703717507603537,7.773010965053851,19.082998606995574,17.60731944854221,45
7407,155.0,2.3178356249225205,7.351427709203412,19.083131912097297,5.0,45
7408,3.0,6.149862813289011,8.4776839881734,19.083213164747413,10.14997936712241,45
7409,159.0,7.505401067202869,1.7750882624590292,19.08326780244759,8.816976375246075,45
7410,186.0,7.263411578066069,2.1191084072849242,19.08388906640125,6.244067933735974,45
7411,46.0,2.7734054709979414,0.030511029233275533,19.084396683294422,16.947637280339386,45
7412,54.0,7.062173533801337,7.1881531266888725,19.084698314049227,12.4127592743102,45
7413,147.0,1.4030319823765736,2.302653042911712,19.084955959180682,11.877162317072486,45
7414,42.0,4.577222179244953,5.452692984246189,19.085485887726513,5.956409309083448,45
7415,88.0,7.0152778124753095,6.632810482513189,19.085494870969615,14.355854528295808,45
7416,99.0,8.477165091493234,4.2173565270044024,19.085929965458092,15.740153449877672,45
7417,12.0,9.526532351818938,0.5055886634426743,19.086105256502165,17.233901116777194,45
7418,20.0,1.6040269057736667,0.8452943912666933,19.087923460419177,13.120639473847897,45
7419,189.0,9.674688399832753,4.871226327951296,19.08826924846063,5.653279862953254,45
7420,168.0,0.7997138144290428,6.919740461583919,19.088602605913547,13.703494343764001,45
7421,74.0,5.50543407413032,8.717976094188538,19.08882637997233,20.0,45
7422,179.0,6.301359279378347,4.094734245855294,19.088929743550352,16.14573632809644,45
7423,189.0,6.346990261103556,8.72069071718799,19.0891012404799,9.821948172835555,45
7424,83.0,4.700501849458133,3.258982463575207,19.089550280088265,19.453760365326605,45
7425,165.0,2.2819646707532018,8.216627398030084,19.08978261747301,15.876750610069452,45
7426,169.0,1.0616480860200184,0.29373333951511094,19.090345300325236,15.482603854392408,45
7427,193.0,7.552790990529702,5.001186130152075,19.09152487731984,12.206177569454704,45
7428,7.0,2.132367719271512,8.947294939877883,19.091968935820724,14.751702978725781,45
7429,3.0,0.3229350746988602,8.340730990432718,19.092819334027524,15.903156478495031,45
7430,32.0,7.593987953247905,9.451053631666452,19.092895500245476,20.0,45
7431,177.0,9.462406760251397,3.698511096249588,19.093733914608755,11.924563360588847,45
7432,55.0,2.9843355545431227,9.365569695055177,19.093990623456325,10.422189161244974,45
7433,36.0,3.076085192089061,4.262704807672013,19.09409755179265,6.375311661502378,45
7434,158.0,5.447505590574053,7.169296269529294,19.09422041327142,15.555109917364002,45
7435,93.0,0.837739984133471,7.632342358956455,19.095704182747596,13.927889955164176,45
7436,12.0,3.4748500815001124,5.248446821638851,19.09593997330805,16.928740753726103,45
7437,121.0,3.9000512556346445,8.634973843299766,19.09595292862386,10.151681847156295,45
7438,46.0,7.815945718942407,7.328673860931802,19.096609304399557,16.31944796870799,45
7439,34.0,7.5158810289183995,2.302324552747179,19.09688201704959,16.075504187913115,45
7440,77.0,1.6440969473997713,9.484522055753118,19.09691676750488,12.829574718689654,45
7441,164.0,2.185158109135722,4.458293245888499,19.097851230962174,20.0,45
7442,84.0,3.7865520271606448,5.317588377317433,19.098197323242005,9.881904635426807,45
7443,153.0,6.946811520083138,4.99532011688821,19.09820331515508,10.910032351062592,45
7444,94.0,3.9853008912677454,6.618523665173077,19.09822013291845,9.46783593869668,45
7445,197.0,1.2261175908840383,9.549476369716889,19.099071763033965,18.819156320545925,45
7446,52.0,4.845679191677328,3.768663530013651,19.09963140652622,14.961542793410382,45
7447,194.0,7.234991385869885,3.940637494812218,19.10032386749119,5.0,45
7448,140.0,3.7054833418692446,3.24674273417593,19.100902361095393,6.445461367769029,45
7449,182.0,7.007439222328325,4.92284176925908,19.100903689596457,13.725671077131146,45
7450,29.0,0.47844190530357045,4.263198498732147,19.101096708490502,6.996926207321666,45
7451,64.0,5.023013519238796,4.345967408325081,19.101100214429334,16.248836238564632,45
7452,129.0,4.2598151105796305,0.7224807954588053,19.10136738448236,12.598680251346178,45
7453,110.0,1.725425257636093,2.5118134425244,19.102022570996688,15.759513554716584,45
7454,174.0,7.609068569537822,1.8124201400907192,19.102312833706513,16.718351164784817,45
7455,107.0,4.375320678339396,1.3006579679923014,19.102971887311277,6.44389930821092,45
7456,157.0,4.940564937980847,3.1641612311112355,19.103002142453285,9.391889839895773,45
7457,33.0,5.194596651003151,4.886543304569797,19.103065831302168,5.0,45
7458,68.0,5.837577825044918,3.201306593601223,19.103385808610323,15.731271992586873,45
7459,29.0,9.194549382706377,5.138920967074812,19.10378311290937,12.313609647296403,45
7460,119.0,4.179726084710915,9.884772503451602,19.10410478239182,13.308000337670153,45
7461,25.0,2.690408485259029,4.304008716450283,19.10425065577929,14.366741234268233,45
7462,182.0,3.539420922201969,2.151897459015828,19.106175082246565,14.738853571289829,45
7463,180.0,8.701407057474004,3.43723340728935,19.106666201685357,14.600142064563734,45
7464,124.0,9.344344946218937,0.7503556290024427,19.10721287472464,9.945603469795794,45
7465,55.0,4.5218541962572445,2.8362866377540974,19.107373235095196,13.55832013050756,45
7466,61.0,2.9656311778805655,9.174636503233799,19.1086241208053,18.27378331475219,45
7467,87.0,5.577200852427562,5.211251826959571,19.10866491652717,20.0,45
7468,109.0,4.867741601292482,6.105209406112829,19.10882727110051,13.623289681171029,45
7469,107.0,4.038307927501162,0.5507645074173062,19.108894160771328,6.7188470336008805,45
7470,28.0,2.659647052269923,6.684523122055884,19.10903260255149,12.209584505908785,45
7471,136.0,1.8265446175078615,9.434711601511173,19.10974768644965,17.636770515626935,45
7472,113.0,3.147914377361375,6.3379604522780255,19.110738559884,7.886452884971422,45
7473,23.0,7.5550363426422305,1.9290298822242613,19.110972858440604,19.0759186222132,45
7474,11.0,9.415105797539006,1.0266736774462892,19.112172426677603,19.168301934352822,45
7475,129.0,5.373261820130883,0.45232856211420036,19.112937362642576,13.10816062800462,45
7476,82.0,6.050251066388663,9.419058206488701,19.113192948110125,11.67640049060148,45
7477,52.0,9.178165018645588,9.080401945431396,19.11375162615665,11.23723929173108,45
7478,121.0,1.0395594965125465,4.371468377601534,19.114316031861158,9.543059617535901,45
7479,32.0,8.419626380379118,7.351613882231158,19.114667242081996,20.0,45
7480,154.0,1.4033830198818853,7.282017909462609,19.115114592855694,6.039813842360926,45
7481,73.0,9.358695517375788,1.3834248808837912,19.115337144397557,8.86344369249153,45
7482,156.0,1.5456346182047997,5.156344706119111,19.115349492070884,17.629776350113314,45
7483,185.0,2.833549546598302,7.680320827428763,19.11644903874908,9.691015979636692,45
7484,181.0,2.7679079943689278,7.868919822959855,19.11685606407623,20.0,45
7485,122.0,0.29781433877515306,2.2686882322277158,19.117682885203838,13.02661376355901,45
7486,59.0,1.4195773657962818,3.118968672304636,19.118273402078245,12.145535762729333,45
7487,87.0,0.2108109952099324,0.6428149150332318,19.11842132625928,13.61620964222074,45
7488,179.0,3.3018547685682575,4.429324040974013,19.118755945850932,18.291546685645745,45
7489,52.0,9.02892334659278,8.892827965614398,19.11906053220409,13.503988669012214,45
7490,170.0,4.785240018717324,8.111804263457168,19.12117356586159,10.321902055766046,45
7491,85.0,5.51195730590837,1.2881497931543362,19.122526266309894,11.762901161764482,45
7492,139.0,8.685795707982859,2.682806417908603,19.122533523074694,18.76936240021376,45
7493,110.0,6.001995608358435,5.590081863465114,19.12310365036249,12.417013199956388,45
7494,176.0,1.2956836019848639,8.199458090392607,19.12343073523366,16.56932478008157,45
7495,112.0,1.0985332479677279,8.449541071462027,19.12373981325309,8.098499424667079,45
7496,8.0,9.997522309574157,8.623225414030845,19.12412458240724,14.237247992449795,45
7497,122.0,3.9921451157922663,6.310103939653421,19.12500092555833,10.935793572333635,45
7498,45.0,1.1543776303298037,6.608038758319999,19.125090131727937,10.734677735378874,45
7499,120.0,6.907749515759818,1.4130897189066849,19.12569501743313,16.57836651930228,45
7500,31.0,9.408574188305897,7.49258845816954,19.127202438959536,5.653663956265726,45
7501,53.0,1.9143116564577012,7.776770633924739,19.127495949057646,10.089353286463377,45
7502,37.0,9.991308758364061,3.821296333963625,19.127775274936308,13.441282789347829,45
7503,52.0,7.143899445061038,5.320509368143052,19.128157134651595,13.229022419252509,45
7504,197.0,4.680671673625957,5.856357291894931,19.128466714521707,18.689784295880578,45
7505,125.0,1.583937029844661,0.7721515309439764,19.12913425100635,17.30379424552351,45
7506,174.0,3.2735196637821895,0.4920997005779759,19.129310960062597,12.649481994241262,45
7507,83.0,0.2613985664825136,2.5778842562093973,19.129428258531775,16.437995882499695,45
7508,164.0,8.582572471935613,1.3103479482499436,19.129534109840776,15.088311039123461,45
7509,59.0,7.668068515710596,1.6342001311992538,19.13185187839131,15.897201266977968,45
7510,101.0,5.8061705550879905,6.406760622369953,19.132097539988493,19.263521126915453,45
7511,197.0,8.617029528901156,1.420285248490737,19.132099960524364,17.58738027684656,45
7512,79.0,5.127395525784784,4.807135032718179,19.132724607609713,20.0,45
7513,5.0,0.8186432968529644,0.20660267446522718,19.13519003318144,9.970711399816643,45
7514,162.0,2.3986459866727214,2.407799041537033,19.135305476204948,15.483975401266212,45
7515,40.0,3.4056774861057804,0.77217235493929,19.13569598507179,7.202749193632734,45
7516,172.0,1.9045716827712644,9.087096911000721,19.13576529447094,6.292340097306921,45
7517,170.0,5.554494819227455,2.464927915767877,19.136676339056937,10.225053674798252,45
7518,169.0,5.660500056724631,4.036829300104757,19.137506001233902,14.949785984328196,45
7519,101.0,7.91163365234069,5.134470674111404,19.1376319472478,14.839858371740577,45
7520,155.0,2.4662054144389822,6.701102594882595,19.137828235961173,5.0,45
7521,85.0,1.6007936745797635,4.428507338129081,19.138609786553232,10.53205807952938,45
7522,13.0,4.074813482115031,8.554765514742673,19.138933489600603,13.832764943314242,45
7523,84.0,4.38886652316171,3.012159975557865,19.139823867618006,10.346920773715361,45
7524,186.0,0.33741947387208926,3.6745445132029175,19.140115425354985,6.443839458746673,45
7525,97.0,3.388386606575362,8.950509201298846,19.14213770540482,20.0,45
7526,92.0,8.492502753829264,1.9539767128461871,19.142211713546786,11.954218787382947,45
7527,57.0,2.973549685746222,6.13728118653688,19.143253301924734,17.34101225469034,45
7528,155.0,7.796626476036559,2.854209585772244,19.143551209548235,5.373057353331169,45
7529,148.0,7.0472215770022775,7.928907651082477,19.14442178692029,5.16144767179052,45
7530,75.0,6.379093427927587,0.47481868882464084,19.14530160036925,8.137663985091372,45
7531,147.0,4.1966901840110395,8.637584357941456,19.145451704492903,11.755751635321849,45
7532,126.0,2.3225116120967035,3.646710568737367,19.145526756419237,11.457192358686305,45
7533,150.0,3.5013761441331592,2.539405893195755,19.14624682479338,13.269674397994606,45
7534,36.0,7.091090021909335,0.3510905126791486,19.1493342632692,5.46443794836618,45
7535,125.0,4.866382697453126,6.171819910319083,19.149415551829055,20.0,45
7536,44.0,7.012126831590033,8.21633298618895,19.149870789721785,20.0,45
7537,159.0,6.4983284706405655,7.734305088642886,19.15062171333648,11.74490833574757,45
7538,188.0,6.8784951985580465,3.714664875183167,19.150799534642154,13.398719170823023,45
7539,157.0,2.0939661853965164,3.530822308672853,19.150809733901443,11.024956814241612,45
7540,59.0,3.9969252823020796,4.259186166667036,19.150853353498633,10.880019803385192,45
7541,15.0,2.1650126821720272,8.858798974964765,19.152235708826552,8.343965979667201,45
7542,184.0,3.2255405700893136,8.5596623028903,19.15287438332203,9.165535863687902,45
7543,48.0,6.492762286958548,4.53399212147037,19.154075644830467,15.964837455126764,45
7544,104.0,0.9684824986311891,4.4036820042360105,19.15417482815775,6.5612337892890675,45
7545,109.0,4.7991052849206195,9.560878618188266,19.1553200100676,12.51981295868029,45
7546,77.0,8.504225061183096,1.002700479319082,19.155632664508282,9.686686685547409,45
7547,24.0,3.597310741503713,3.0447951901819827,19.15591523547633,18.59032900483383,45
7548,153.0,0.17878802330998034,7.887040045253503,19.156059226805272,10.838470015998885,45
7549,110.0,2.663945867913571,1.2000543154907206,19.156727245156503,14.524518244578505,45
7550,116.0,9.289918956112903,1.153076761242945,19.15680052812973,11.316995216578945,45
7551,96.0,7.038132429104996,8.864357936624375,19.156807187544278,8.321894336220053,45
7552,124.0,5.752808915870917,1.5244969740680714,19.1573003632157,11.7719472511982,45
7553,50.0,6.555637713652582,4.09321511798737,19.158237255553686,11.361914802736878,45
7554,175.0,6.407110551843594,6.664200030428144,19.158508863569125,8.630863506814629,45
7555,141.0,9.462852624718431,8.99220873725538,19.158679038010746,11.927392140767658,45
7556,197.0,1.5356328824938725,0.673378872334911,19.159429826136844,20.0,45
7557,142.0,2.5865257548217837,7.727861447505168,19.159691382546526,16.842102613104007,45
7558,58.0,7.90104208421211,2.6949066781672593,19.159826988496686,7.436402870709662,45
7559,83.0,8.097772527999778,4.568371664059479,19.16007563239932,17.966845955853543,45
7560,42.0,0.9872340981853334,3.3221489497981107,19.160367727946866,6.860672567473703,45
7561,185.0,3.6962305176242403,9.899370944376974,19.160861312298934,8.736707767695615,45
7562,157.0,3.4740301840117285,2.209986019213953,19.161528118404185,7.326966414080936,45
7563,24.0,9.983099563941764,2.5760273302685732,19.161959502537492,18.48181762697158,45
7564,166.0,2.0522056941870384,5.715564656701822,19.162614808712625,15.691797958790987,45
7565,1.0,7.769656454806623,0.7011202473026712,19.162886961598907,10.051343367181568,45
7566,54.0,0.14745514460629106,7.554116114616857,19.163236805056165,12.72251523734307,45
7567,64.0,2.2433039098565564,6.392557420746283,19.16348859234042,18.09401961098374,45
7568,73.0,4.913667306122531,3.135825218563897,19.164125658378296,5.251796956793877,45
7569,27.0,6.8304923900395496,4.697888151068483,19.165010558113313,19.9275795114127,45
7570,57.0,1.300309176192459,2.680039479156756,19.166278002402567,17.550188381667862,45
7571,56.0,9.148270247442534,3.7410325101026087,19.16688295116603,20.0,45
7572,176.0,0.9151195523738642,0.3559991298457299,19.16746636372165,13.084147287786113,45
7573,146.0,5.804708493856463,6.817061138907085,19.167558355907417,9.606964591939516,45
7574,29.0,3.1775223944799826,6.242514724903185,19.167737172087513,10.717865179708259,45
7575,178.0,5.130043943900414,9.857673452535337,19.168020345768692,14.519531264113757,45
7576,97.0,2.397083453457749,3.085818901226971,19.17093065463774,19.418425067190032,45
7577,185.0,5.708831682419766,0.3463572594915343,19.171068088289694,7.119782590765077,45
7578,188.0,9.921791308323943,8.40780518947853,19.17120865873167,9.962155555240354,45
7579,100.0,2.3098821461208088,2.957171478225058,19.17171830621446,18.85343699601988,45
7580,157.0,0.19678364273467364,8.314476676241915,19.171874525718064,7.4046300393894215,45
7581,93.0,3.7960531515987284,7.408658295749664,19.171888002480443,10.207050422286859,45
7582,94.0,8.427247976696563,2.3745345732825527,19.173105503336256,12.238935531839257,45
7583,7.0,6.8003637825654115,6.146099910789216,19.17532009423011,13.415942195516692,45
7584,34.0,4.422307180246658,2.838012948767852,19.175722871369345,12.940253734248547,45
7585,85.0,9.939909986211763,7.701925422608521,19.175847823511553,9.600985772976673,45
7586,74.0,7.915318194336264,0.1156132010208677,19.175950662750935,19.699540216086135,45
7587,166.0,5.7345220937241095,2.949039760148894,19.17662969771535,13.592893070909792,45
7588,47.0,8.783545072314064,7.257498218146665,19.17731490550107,5.009353991425245,45
7589,18.0,0.9184286820498855,2.1647865682185663,19.17804876523303,15.484190833963417,45
7590,35.0,2.5689322835089348,2.3774218242080947,19.178545961061623,11.649048854133712,45
7591,126.0,0.7369846457348228,8.574202117664125,19.178592486237044,13.230615131371827,45
7592,8.0,6.899042586040282,0.6929072493369126,19.178633921983554,16.22818847292698,45
7593,151.0,2.8257163014953712,2.968950020534672,19.179270876062958,11.766811167158778,45
7594,29.0,3.0735049637966174,7.802628243179292,19.179588302364678,6.939532390238873,45
7595,18.0,8.934268808373485,1.066408187261827,19.17987439201838,18.061910304361895,45
7596,100.0,9.698888252946599,1.8079714340483033,19.18030388188177,20.0,45
7597,194.0,7.353771763427658,4.67084663927484,19.180822892524446,5.252310136451182,45
7598,142.0,8.22195995226765,6.823984298751875,19.181923945801195,17.050093413849154,45
7599,171.0,5.856755329866922,5.2123821010405305,19.18203531590216,10.599057532628334,45
7600,159.0,9.357604480692672,0.9945323610426848,19.182290374669414,12.182956478403709,45
7601,138.0,6.535945173349046,6.635485742079565,19.182326005052705,8.016919694038103,45
7602,47.0,1.588752004777877,8.08215036262046,19.18236286870584,10.178218518435749,45
7603,86.0,4.561439515090397,3.0381985800478564,19.182845546413038,5.0,45
7604,60.0,2.1483037349746272,9.389449307002756,19.186200148842836,11.813945169688921,45
7605,198.0,0.4427226180624988,8.023855585696074,19.186328856599395,12.640546550791983,45
7606,91.0,4.728567237956195,3.7376211263678814,19.18637597857119,14.132760625512189,45
7607,119.0,4.421247357118618,6.312510489729758,19.186571795535638,12.140996231177565,45
7608,179.0,1.1622365525292,9.149229974755626,19.187087942983464,15.396650985860902,45
7609,111.0,8.657660532215287,9.48884400289526,19.187104771751066,11.075298439278795,45
7610,169.0,3.1904855364745552,8.39991061130286,19.18725781909351,17.706253138033684,45
7611,4.0,7.031254266423536,6.293514544638996,19.18759325950111,16.24924952208216,45
7612,13.0,9.431928899047087,3.3137287319993156,19.187828040462197,11.836691805158402,45
7613,9.0,6.631055002136872,7.4926056069452365,19.188671242562418,7.045477593455502,45
7614,150.0,3.54305174718239,2.428070020810206,19.18896112041171,15.132879503653065,45
7615,21.0,6.025712332676777,1.3638574362577494,19.18990656354932,7.683137340892014,45
7616,126.0,4.116550455822729,4.857716204532778,19.18994847081892,13.447203195453376,45
7617,91.0,5.637391303752118,7.820510034103551,19.190421107950378,17.93591441977483,45
7618,129.0,5.551473934582213,4.503536081375823,19.190553500198277,12.94832160217543,45
7619,145.0,9.529949936684794,1.0991872622553656,19.1919161231953,15.888833727280131,45
7620,126.0,5.2750327539530115,4.612915959244017,19.191970528465674,12.794235948582521,45
7621,152.0,8.519002857293334,9.80900047940369,19.193461016141562,11.69986741981619,45
7622,101.0,9.780880075975832,0.5570304674632387,19.19380569763748,17.183820643233872,45
7623,128.0,0.8678941332769852,2.0994287742418383,19.193808837446397,14.171638031609698,45
7624,132.0,9.224522159175857,2.6128288577524525,19.19484124522763,11.796323503301561,45
7625,187.0,3.512005375742712,1.3591111673060818,19.19639928980061,15.91420404221877,45
7626,4.0,4.814960093632,3.9051363532266725,19.1964668441588,20.0,45
7627,15.0,8.411822214858699,0.5045311262505325,19.197163047080743,9.184271799339545,45
7628,31.0,4.527191176908608,4.615237517731824,19.19817348562802,10.481881692658837,45
7629,91.0,0.4118127615875178,0.46970371650907117,19.19828531925317,17.105548507425457,45
7630,12.0,3.7313053374235228,0.34692184984777663,19.19906228765972,14.40757924764446,45
7631,32.0,1.370947798535107,4.170280672000663,19.199873622404873,19.254544143152668,45
7632,93.0,3.808884563237452,9.852737054142118,19.200069824033847,12.51528932833091,45
7633,26.0,2.0044121105642954,8.782284458278488,19.20068635545041,17.232367616008936,45
7634,150.0,7.305931415886754,1.652919762185563,19.20196410408872,13.147905253920273,45
7635,190.0,0.42657906720581784,8.961562423126118,19.203147116189914,17.66696512344553,45
7636,27.0,1.1924606571089436,7.805288456318466,19.203803538665543,15.26336655918588,45
7637,11.0,3.923289616687465,1.178311429737905,19.20382778338645,17.445302243155677,45
7638,66.0,6.527897507983714,3.9860792044162583,19.20475814851673,10.596192748925068,45
7639,163.0,3.380216772720682,8.874908251659644,19.20537473415999,13.757643288329913,45
7640,14.0,1.7949707205331067,5.766346426824969,19.20572991467561,20.0,45
7641,87.0,4.597496265170642,9.178048836993431,19.20604862138873,17.34030302982276,45
7642,198.0,9.284009702249964,6.829557315638784,19.206055962061704,10.155037499628481,45
7643,19.0,6.314971682257399,4.3561121595654075,19.206151940843938,13.627231008287065,45
7644,21.0,4.044912351341415,4.609859077823657,19.206499761105647,9.327152296048096,45
7645,105.0,2.7651413537660585,1.5760756429117628,19.20711829037482,10.463443602150841,45
7646,75.0,9.28926261375165,4.563718285243851,19.207458347703795,8.439024044368935,45
7647,139.0,2.0337745920416395,3.484457130493548,19.208508367019313,16.257654954862247,45
7648,191.0,0.9514304312287236,3.4275890666579425,19.209271752362046,15.928059590971209,45
7649,22.0,3.0886818905486746,3.3062256787020528,19.209950002111686,11.38132809269675,45
7650,88.0,1.4881878364755063,1.434944880728174,19.210037298885453,16.479475893415504,45
7651,117.0,1.9208658596051364,7.72466890707746,19.210676997802153,12.963795521163638,45
7652,32.0,9.165605490855185,6.98837105247886,19.21151222666389,18.744944379664837,45
7653,129.0,4.828798495490627,9.900094157846905,19.211943476989745,15.050557312250875,45
7654,81.0,1.9383566135185049,5.72850511877117,19.212686656801363,17.864039144527247,45
7655,69.0,8.247144317460068,1.8500450283385472,19.212977098557207,16.178366421737703,45
7656,152.0,7.964317985012745,8.201401786080039,19.213258842321668,14.019031802881171,45
7657,112.0,0.6250327733434036,9.673058998757007,19.214516363604538,7.750568181357096,45
7658,39.0,4.835460063837368,9.787867402332079,19.215639736741977,5.029889048595819,45
7659,113.0,8.699737669656148,9.010181629474431,19.215891715667446,5.4850464163242085,45
7660,101.0,1.4765426187810748,2.3059705478547086,19.216723416311005,15.927442820759744,45
7661,145.0,3.66721599664848,3.7817495968099224,19.216976884522445,12.603934933053326,45
7662,162.0,7.558050558484318,3.703451839154903,19.217038495692595,17.529083248297116,45
7663,87.0,4.305999454894447,9.169137389595404,19.217538140570586,12.593701188711103,45
7664,109.0,2.107149882202002,8.281213461656236,19.218154790707615,15.712631638353763,45
7665,102.0,6.314163853966814,5.583343387984856,19.21830680059382,17.205937523873086,45
7666,72.0,5.6727614520502,1.937166736328988,19.21848121368989,8.174474072824713,45
7667,156.0,3.8541667835819435,6.948613012790274,19.21867205603778,20.0,45
7668,60.0,6.909078016153959,9.500463080638774,19.219720494843077,10.800454817471708,45
7669,92.0,4.008740126693157,2.830391797540479,19.221374805515413,13.095454071935055,45
7670,36.0,1.0119142636995193,2.410992345614753,19.222232374285497,5.0,45
7671,142.0,7.056338797012782,1.9692999017803192,19.22245716413699,17.726883805674166,45
7672,113.0,6.727712668658937,0.9453770958581953,19.2231976574621,8.054344924941343,45
7673,32.0,2.362025972050855,9.126863685127253,19.22396596610325,20.0,45
7674,158.0,1.5800627783399834,9.300458878555407,19.225083718376503,17.27340857345777,45
7675,50.0,8.730462743486733,5.727980826348215,19.225778945833035,9.6746201975268,45
7676,55.0,7.589885745560298,5.97598690950054,19.226343464308435,14.534158216339447,45
7677,150.0,9.092781306896976,4.374703869643328,19.226413149903678,12.456236765345206,45
7678,98.0,9.240753615900182,6.014260305637565,19.226421270788478,9.360389488481605,45
7679,194.0,2.069903109598389,7.142645762340863,19.227614117240485,9.859238006354982,45
7680,104.0,7.186027443067806,9.165431850231405,19.227762342743553,6.549093511154413,45
7681,51.0,6.682157127197883,9.370378718676752,19.22817552363197,5.998401440434033,45
7682,185.0,1.8471767887639456,3.6714020925945032,19.229292922087588,6.363458007323816,45
7683,160.0,2.7815440936927116,8.250789823386754,19.22956043684463,9.423244201091068,45
7684,129.0,4.691002738025,0.10685071042197292,19.230908550105475,14.360097218969926,45
7685,61.0,9.599843950300176,5.353166019467847,19.231002161872343,17.041547641862998,45
7686,44.0,2.9340904885975383,1.3120469028617887,19.23273428472108,19.003335725294097,45
7687,65.0,9.058282805851158,6.476733060319608,19.232749322089624,13.122254750903538,45
7688,1.0,7.997421440466644,3.478445286166961,19.234522552182987,11.901765960399812,45
7689,2.0,5.5925715781020235,5.643852259327584,19.234930280094932,7.946574922529832,45
7690,19.0,8.873886260985156,2.05477065710972,19.23506225100228,11.39198917378918,45
7691,97.0,4.1328057560339095,9.233592720407271,19.23539412825726,20.0,45
7692,143.0,8.119253730380171,7.757664409267361,19.23564360149695,20.0,45
7693,82.0,9.361269435307644,8.660785194623314,19.235705966603852,12.803768582813852,45
7694,93.0,2.6637685800229316,3.7637498387327772,19.23575571218249,11.820596764439754,45
7695,111.0,3.3414703634045164,5.0562152424845594,19.236074062129273,11.728195610985061,45
7696,12.0,5.390787497558121,1.3962135774734685,19.237985681045238,20.0,45
7697,85.0,0.06542473764604595,5.62280602922315,19.23798927570131,9.476745116467262,45
7698,59.0,8.800925386560133,3.914985308062997,19.239201231384236,12.238415154626912,45
7699,177.0,8.936241241401842,9.998179441584153,19.239336403020147,8.392302631114152,45
7700,69.0,7.320311359833182,3.6799862394825364,19.239564627409475,17.081839518206596,45
7701,148.0,9.150751110730118,5.2610401270836205,19.239617462551486,5.0,45
7702,125.0,8.461713745999116,8.679379998234566,19.239839562135547,15.608554798259995,45
7703,44.0,2.928973302630966,9.194652474201128,19.23990737462445,17.909930635708502,45
7704,184.0,1.6008813161220226,9.31557240318369,19.241551230468563,7.160406192197468,45
7705,38.0,8.984957033905678,9.830460943692316,19.24174984032977,18.82930145020116,45
7706,161.0,3.705898180428715,6.911657400566417,19.24237847013454,5.490628240358048,45
7707,10.0,2.561053495214476,3.4749886602027913,19.244770815869387,13.118886488043184,45
7708,7.0,5.370871450308451,9.99272951542101,19.244777757439444,14.465079743372492,45
7709,74.0,0.491743404664462,2.859015272739953,19.24493964053528,20.0,45
7710,145.0,9.52398579749172,5.523628518335263,19.24525369749974,7.825360187336552,45
7711,146.0,5.734860821408575,6.327417809799828,19.245495394241058,14.709241707370193,45
7712,30.0,9.419278948493101,1.4907098437699773,19.24577743742836,16.168736954141373,45
7713,146.0,4.443923063074269,7.296547685778375,19.24610685633899,11.421675423421295,45
7714,96.0,3.9465573440305404,4.286219798463823,19.24630335169156,6.513570445290065,45
7715,111.0,7.946485934168029,9.838416836764111,19.246405580096077,10.446759925389745,45
7716,114.0,7.911191245565713,8.581423303678445,19.2470288870775,8.883110181440479,45
7717,22.0,3.7064604591788375,6.809661759364046,19.247161591980806,11.148394171213564,45
7718,8.0,9.340310797082731,8.511086980947487,19.248176643634174,13.357501504822146,45
7719,17.0,7.307613136069561,5.1594339538137755,19.248303649122807,19.995126134910194,45
7720,74.0,2.4971868484673276,9.673822084299191,19.248910370866618,20.0,45
7721,167.0,6.732337849900634,1.8721676775504037,19.249367419166557,5.70880012597167,45
7722,26.0,6.077963621677791,6.795455410030209,19.2495752632884,19.738381113590844,45
7723,193.0,6.490644064935836,4.308398100652298,19.250027614315158,14.174614922056126,45
7724,94.0,3.361537277786839,3.674449250335985,19.25078085182563,8.113191809168871,45
7725,160.0,5.111295551542567,4.305265204071711,19.250987752425083,8.996841308697165,45
7726,143.0,3.7339261770614076,6.5550870315909595,19.251811510385625,16.849280085459856,45
7727,17.0,3.9291997455539396,0.7488142113571306,19.253100662604492,20.0,45
7728,114.0,4.409838063123913,3.7160845445067348,19.25317511239092,9.623888220514111,45
7729,128.0,5.451051752517486,0.3658036696983158,19.253324934101073,13.917106230838218,45
7730,125.0,5.491008385552327,3.730180755064405,19.253635254405662,19.752127495309004,45
7731,95.0,1.482423754341221,7.129181452940373,19.253832272972826,8.865289851753541,45
7732,3.0,7.490495440334062,5.566359937876021,19.254178428628446,8.276986236436462,45
7733,39.0,9.782008978226113,6.131879439286561,19.255016234068485,5.0,45
7734,33.0,9.009611947257156,9.30482437621423,19.255878447188678,5.0,45
7735,198.0,9.659328739922111,2.316470164910782,19.25679003755266,11.950252451134787,45
7736,1.0,3.14008954703867,3.8790237819845306,19.257159867915234,11.71884016430103,45
7737,195.0,7.119103157675111,0.14441172398682256,19.257196095076157,10.400220760032445,45
7738,99.0,3.0303682174931668,0.9358641621776509,19.258144743981852,20.0,45
7739,154.0,6.962529149775763,5.401398128864518,19.25885727194597,10.05370985640827,45
7740,21.0,0.4529078358813998,1.5479751033928346,19.2598264050269,9.285618120099238,45
7741,111.0,9.733038968595064,7.555053964985289,19.259979259272427,14.698687139365656,45
7742,86.0,1.4300680600815308,7.41878867160276,19.26066886741733,8.186608471036157,45
7743,186.0,3.050679751871167,4.1377282766671675,19.261395268820173,5.0,45
7744,85.0,1.0643141965147063,8.276807581905715,19.26190067116559,12.630281260512021,45
7745,139.0,9.842085477683888,4.897227561069251,19.262292714179456,18.036020449559764,45
7746,0.0,2.3509645386906053,1.3555427537017672,19.262600332776685,6.0824682101914345,45
7747,182.0,4.8996906456317255,6.734487526091241,19.264252153980394,14.71699114506471,45
7748,68.0,2.300963094252826,1.1734997898245048,19.265827977917386,15.728819852391842,45
7749,196.0,3.8768860738190836,2.2592558958317523,19.26610821138691,6.577699873381414,45
7750,115.0,0.22654862753301974,6.05564899456545,19.26639586251206,10.96627116995038,45
7751,135.0,8.47550772472739,0.1476072473073542,19.26660017744738,7.441058567142778,45
7752,16.0,0.6183667028616102,3.912505553426594,19.268283078421963,5.0,45
7753,135.0,1.2157964265077403,8.246744895328678,19.268698960709813,5.0,45
7754,39.0,7.394270121465931,5.953583046822817,19.270195432952846,5.0,45
7755,67.0,1.8346196048569097,9.861587034123518,19.270235254636276,5.4956813709462535,45
7756,9.0,6.575117240968774,8.94890107921972,19.27041755351958,5.6993035048052265,45
7757,148.0,9.329978513967589,0.7465029020259217,19.27069310407812,7.349313124398188,45
7758,142.0,6.529280137466938,6.874895639613843,19.271333987279654,18.527651389903706,45
7759,69.0,8.170678266085456,1.7077222302610662,19.272439379646794,17.324292325845608,45
7760,196.0,9.93158294640358,9.691260166039505,19.272929734556946,9.331438442193868,45
7761,144.0,4.618753780536854,5.301964308172103,19.27298546199806,20.0,45
7762,196.0,1.0672379577302038,2.9409839134307445,19.27307726387281,10.357568728073304,45
7763,23.0,5.0065627185153385,3.1057158169587264,19.273189944232193,16.27706795916573,45
7764,122.0,6.3298645410519425,5.037420797160789,19.273472059272795,14.558131748230457,45
7765,164.0,3.354301743717877,6.081956039269121,19.2741709608934,17.57142459848436,45
7766,122.0,3.454879674850093,0.36963263986107275,19.27445035737812,19.182990779449522,45
7767,78.0,1.6900701686010244,0.38243612686141293,19.27488094647426,6.949777918382198,45
7768,87.0,4.388697519219786,9.041411982312127,19.275480548208506,17.934049332795016,45
7769,60.0,2.1024051328035567,7.5436219582791235,19.275879961790615,10.978963753796764,45
7770,53.0,4.658835804187498,6.490873265010883,19.276608601288707,11.481009152388857,45
7771,180.0,9.951642948857398,2.3404194599230213,19.27773215388721,13.745009505814517,45
7772,6.0,3.3253499639687534,5.911131471555265,19.27778320997788,12.77472031135,45
7773,79.0,8.206348158486637,8.485851301002711,19.277916997451882,17.337422220328357,45
7774,38.0,2.5353792864040647,9.869176491252277,19.277955968171455,17.191831500873313,45
7775,22.0,1.785548432330335,1.9310661073959523,19.278012300963507,12.574340848087454,45
7776,185.0,1.4967402031830312,8.485464216354357,19.279029213571654,6.882762389155397,45
7777,71.0,0.3208646065975129,6.835491680488789,19.279036446605993,9.59409829702925,45
7778,166.0,8.90726892995932,4.721730069920856,19.279704042371165,17.380113360214843,45
7779,166.0,8.756954125989546,8.390635422413181,19.279834518436935,18.047040826834163,45
7780,183.0,3.672572112938112,5.51451154305333,19.281118680725754,18.430576313197168,45
7781,91.0,0.4364764441543578,0.634724429348672,19.281210593206687,11.285968691449671,45
7782,3.0,2.608466975603033,7.4932278944631205,19.281559162216922,12.269798023513333,45
7783,95.0,4.517620101749209,8.439754547136024,19.281688213873217,5.872165367022429,45
7784,70.0,0.9356952570324262,0.9877743904789393,19.281988411909584,5.0,45
7785,98.0,8.557433854786556,1.5042432546647544,19.282466698414765,8.917438769941086,45
7786,87.0,0.7019678834590437,4.4142322958198035,19.282701664339022,14.959703419389323,45
7787,139.0,3.6811040840783082,6.955300587628178,19.282784502341983,18.003301884874563,45
7788,173.0,8.759638952056786,3.62447946966332,19.283343606378047,7.062741558130798,45
7789,143.0,8.724936831669275,9.05024338735043,19.28376874066401,20.0,45
7790,28.0,8.503234512903708,3.7798178664195303,19.28514151064995,15.398822104379843,45
7791,76.0,2.8525618997989954,1.689847042939585,19.28601673018543,5.358499310989569,45
7792,78.0,6.3562506375916765,9.419097149090277,19.28628846198066,5.0,45
7793,129.0,7.195660744903342,3.5883630914932563,19.286497732743964,10.83786855611304,45
7794,56.0,8.17380700275933,0.7357712402401984,19.286874661247982,18.845223686688872,45
7795,83.0,2.8339105270101195,5.052596768465978,19.287904846805745,15.62595714387283,45
7796,197.0,3.6417641087879704,9.212628032605284,19.288255669204272,17.711500772500695,45
7797,114.0,4.371620741809562,7.656991529733711,19.28941947558203,8.698497421482184,45
7798,147.0,1.2239243017990187,5.714560805892019,19.289723436898765,11.65723720614771,45
7799,51.0,3.448462170173705,1.8991825382351546,19.29036209135079,7.344007908682722,45
7800,183.0,1.6606603591690106,8.6555136941545,19.291013772408053,16.670737060496016,45
7801,128.0,8.918518389680246,2.9136580570216584,19.29163219533514,16.248910344653513,45
7802,92.0,0.838936565575511,7.3747443862848785,19.293770647416146,11.397213785287361,45
7803,108.0,3.147679681805806,2.024707250772151,19.298318843810303,5.753010759731818,45
7804,45.0,7.239949631448694,7.795458003667167,19.298352758864148,5.5782079622653935,45
7805,177.0,6.349602695447233,2.7688761693084016,19.29838321001329,12.844505535326324,45
7806,165.0,0.8115107983800618,2.438990129387343,19.30029505909463,19.711532312688757,45
7807,140.0,8.200351462044363,7.283512490062121,19.30050770575277,6.624617937596617,45
7808,156.0,7.594863352687909,2.174761699333818,19.300561785798408,20.0,45
7809,86.0,0.9798860614154536,0.22455681055802312,19.300574541727354,5.342373330827824,45
7810,161.0,2.189666089408293,1.8092281451692094,19.30098160406943,8.052507975198445,45
7811,38.0,4.325571690540732,6.038590686315528,19.301170693466602,18.163360385217914,45
7812,76.0,5.616653823771726,7.569950814404183,19.30144075049741,5.0,45
7813,3.0,9.930257448812657,2.297453981642257,19.302822735495155,11.723625562482852,45
7814,15.0,3.1280044110022134,0.9030790762885199,19.303576220770037,9.050471762304685,45
7815,161.0,1.5946685943127459,2.9931860752264594,19.30371785941535,5.979098871222066,45
7816,120.0,1.6358999598185087,5.316830481135179,19.30399871907055,14.200963711707267,45
7817,162.0,3.339500323419564,6.891514097243435,19.30573291607134,15.842610694253024,45
7818,124.0,1.899482000970607,8.546858887004406,19.3059375633992,9.160255940091249,45
7819,117.0,1.8662558044425748,0.5918568072298058,19.306228966285715,12.371999669497042,45
7820,28.0,5.514539522664452,4.9017069111844975,19.30650332761934,12.145304106504,45
7821,23.0,4.016456063191573,5.061882801450938,19.30696241832682,19.05238016017375,45
7822,1.0,9.451002025813438,5.078656283332058,19.30749889712601,11.33199889613207,45
7823,147.0,2.276553214875711,1.03587665961265,19.310243243036084,7.7873599675178875,45
7824,44.0,9.076663211942027,1.954346802907393,19.31046747452952,17.86144421985677,45
7825,195.0,4.947201637557297,0.5153778563396638,19.312002484425154,7.6048265090840435,45
7826,16.0,4.271991839131896,4.593031784711139,19.31216653815637,5.0,45
7827,93.0,4.346127754908223,2.782807436221122,19.312266141282933,16.529888275497438,45
7828,170.0,3.4381540839554834,2.0802070216113746,19.313994595773462,10.450625809335802,45
7829,168.0,4.540159759797414,8.591962118691056,19.31533228934473,12.094390402035645,45
7830,17.0,8.646773052601073,0.5282861275969386,19.315369970362788,17.294757251676323,45
7831,45.0,0.044095989617776166,7.799650742627435,19.315727835743747,6.424522860729885,45
7832,169.0,8.014671462138262,3.0232369070617104,19.31616652164559,17.874122220596444,45
7833,69.0,3.888248802458433,0.3784342102077498,19.316221687212177,15.073162464481733,45
7834,70.0,2.3865695627070527,2.4436298750412533,19.316599102435998,8.508657457212871,45
7835,143.0,4.618254874466245,5.028204423299762,19.317031874174646,18.86705224456773,45
7836,23.0,8.131040418425528,4.733532393622194,19.318383313249477,18.549053534939663,45
7837,8.0,0.7051807543770394,7.477041522008886,19.31868966142264,13.486123446338642,45
7838,144.0,1.617294752195786,9.872599757454935,19.319090751799855,13.931240913602126,45
7839,70.0,6.502185943659832,9.975258322238082,19.31924154373331,7.906793653196015,45
7840,80.0,2.7707480486946103,9.423204558332058,19.32068356566031,20.0,45
7841,106.0,9.197193310782971,0.601245096802917,19.321220902115737,10.935751092076892,45
7842,34.0,4.372746482222583,4.020798544321092,19.321485800886727,13.259870296816537,45
7843,68.0,0.655784912664108,5.496201169756079,19.323136123926705,17.79010053968134,45
7844,52.0,4.7892487343489965,2.184942023870071,19.323649682736473,11.708068922326786,45
7845,60.0,0.8119641764612806,2.682423206757627,19.3253347161762,10.398744173738612,45
7846,178.0,5.746940444675501,2.285015629291347,19.325383058834955,15.771679054301414,45
7847,166.0,9.581958336907732,6.785324207481471,19.325645965284842,14.924739017978233,45
7848,163.0,1.025033916938235,2.3294892906927034,19.325657289616423,11.534144515522225,45
7849,38.0,6.06444381344194,1.9683092685801107,19.326450968210224,14.492782396868066,45
7850,131.0,4.442166875356443,7.986861333835974,19.32688843980587,11.200293845047726,45
7851,180.0,2.8661725315451236,9.610054221294401,19.32767680542665,13.401927498135084,45
7852,156.0,9.38925935534004,9.839536123938018,19.32781147377265,18.716735696446747,45
7853,40.0,4.467450627213914,9.969648042706865,19.3283179412427,8.275308205877922,45
7854,113.0,3.681358078438776,3.3457957012573534,19.328774146384255,5.0,45
7855,129.0,1.215941465027337,7.196912889089386,19.329576966637788,16.537111147710736,45
7856,85.0,9.046796551355179,3.6650244456368988,19.330354779726775,12.23360347280017,45
7857,106.0,1.5816362469901535,2.6360314037194343,19.331384912302465,8.6625168048812,45
7858,114.0,5.240939389963009,7.276967803441181,19.33189726312949,7.62560896487598,45
7859,86.0,9.942575243811199,8.297900775005576,19.332164515298714,6.279035434616521,45
7860,25.0,6.300363098597691,5.09978023873925,19.33247932183354,20.0,45
7861,99.0,6.775774805729257,1.5473436348510539,19.333123389797397,18.619989330768448,45
7862,109.0,0.17760050732478216,9.822628236147459,19.333385449175488,14.414296716535045,45
7863,119.0,8.512432359435017,6.851588471016806,19.334562103899174,11.799289709518112,45
7864,121.0,8.926311953735,9.437187473540439,19.33490780117451,9.562444772685993,45
7865,51.0,7.436694141058263,3.3614797558517875,19.335334329643853,5.942653992139087,45
7866,167.0,0.7190371698159015,9.751684567221115,19.33581311186145,9.015364753019107,45
7867,116.0,5.749055364175924,4.536805706219295,19.336763500710802,10.317825997951465,45
7868,122.0,8.498039646390255,2.3838507592969505,19.337847565508678,17.473476571226904,45
7869,67.0,9.245878959345392,2.736441972618686,19.339188937525343,5.35222314993708,45
7870,94.0,5.132149585758302,5.790319219912615,19.340036190156937,10.740814666657563,45
7871,120.0,4.309221037370023,2.68870732134073,19.340070748810703,15.986857366961427,45
7872,169.0,1.7119984117104015,3.6418117958117078,19.34046217214719,17.19853318932665,45
7873,176.0,0.04578051114287773,8.41701923818169,19.341047338428446,14.443773786221008,45
7874,98.0,0.43715167122635346,2.9069417797787853,19.3411408813768,10.150302157833053,45
7875,5.0,1.3911221370096594,5.932269409544677,19.341917193440548,9.758285353582588,45
7876,71.0,0.557403605648209,6.326611691098073,19.342766170561113,10.882728905763335,45
7877,121.0,9.46464010689174,0.7198493559839825,19.34485788310197,8.23256876104427,45
7878,146.0,1.4911834880227015,9.885843941494613,19.345639615039158,12.355881574024693,45
7879,127.0,8.506310727408158,9.47964964014845,19.34636570777475,5.0,45
7880,29.0,3.358731152380754,4.943461578411026,19.34676757098469,10.14808879087093,45
7881,31.0,9.673700521077649,7.852567008339028,19.348064727088452,10.05136654985305,45
7882,153.0,2.2494157010886298,4.450087762640644,19.348138264394162,10.90977380167538,45
7883,63.0,4.394388998915893,8.490534412765031,19.349127320581246,20.0,45
7884,114.0,2.057578257730092,0.6742363311083965,19.34945034890869,8.146863017561785,45
7885,140.0,7.947020274892207,8.391115399341128,19.350647067107868,7.970201372880439,45
7886,90.0,9.63077712905349,7.799597553213575,19.350829559037425,12.246801187714205,45
7887,105.0,5.903906919675805,6.273138366079091,19.35167981426118,14.85537620543211,45
7888,59.0,8.200518579360024,1.2481928736651138,19.35224443031798,11.305009528582302,45
7889,96.0,7.199798483344162,9.028037971671427,19.35238204402144,7.231520592462045,45
7890,67.0,5.782835149154907,5.546933276690331,19.354936248991443,9.337713859028884,45
7891,80.0,0.8594958894097349,3.992522500703558,19.355237019346905,18.35697350225369,45
7892,73.0,8.602722106475495,5.773340008670017,19.355657291462805,8.793683586098394,45
7893,62.0,6.760748468102915,6.708947918824518,19.355870616833165,10.355861989756063,45
7894,100.0,6.854248897535636,1.1011235237141037,19.35653830216462,18.38067326287495,45
7895,60.0,3.2195514682939597,1.756711529431464,19.356711106372558,10.796041114639358,45
7896,34.0,6.362127872923423,6.653613387012587,19.35860302881416,15.014307493122207,45
7897,64.0,9.578946456326182,1.3930895384207298,19.359055798429544,14.616263572489716,45
7898,44.0,8.45079905769624,3.6198554533896434,19.359525526484717,20.0,45
7899,115.0,4.51488011151555,4.323845695787986,19.359848823493145,5.273378957933516,45
7900,5.0,4.305682391846251,3.4028030709745263,19.35990207524036,9.603422841892716,45
7901,185.0,5.919018496172067,4.462116471886809,19.3608567820486,5.757500482014527,45
7902,31.0,7.198637814939232,5.18986558849172,19.36230315361638,5.951625765599557,45
7903,132.0,2.891212736506149,2.7805061059231395,19.362424772542,15.184224666141082,45
7904,189.0,8.582214844633056,2.6558202227570216,19.363111971045736,6.8833050140267815,45
7905,0.0,1.473061971157218,1.588081820546371,19.364636584038116,8.34672505240854,45
7906,61.0,8.525609321215699,5.955667881100341,19.364797313767294,20.0,45
7907,194.0,7.104223980666204,8.41344938060142,19.36624691043528,5.686593006897905,45
7908,29.0,4.629880390912194,2.8739611099505535,19.36661358698175,8.517680164605258,45
7909,84.0,5.380621504409762,4.107823089560348,19.36687270985128,12.406840812473698,45
7910,154.0,2.1345430803242804,3.869702400899242,19.36715791472816,5.0331812083599585,45
7911,161.0,0.23648667521779076,5.312424971972513,19.367597015274566,9.539359767149769,45
7912,94.0,0.912356406495024,2.9465248351109286,19.367794501258842,14.568542336744631,45
7913,131.0,0.12708339687787618,3.3926941518258436,19.368020599667016,7.9514315720035835,45
7914,176.0,6.925412169958686,7.121208738824414,19.368782238410812,18.281881685642283,45
7915,59.0,0.8279261222139378,7.876854032788555,19.368953815184753,12.918702651118837,45
7916,86.0,6.979065682524198,2.046679850182287,19.369369700578396,7.247912066316935,45
7917,65.0,0.6710731259027125,4.034100244232539,19.369908553925608,16.37842291342433,45
7918,36.0,7.146362771165334,8.12787533056836,19.370602372092204,9.495699731229857,45
7919,166.0,4.082352918396374,6.966990490094966,19.370857175499335,20.0,45
7920,136.0,6.676449357257486,5.935335924124687,19.371032276633088,14.912093824508597,45
7921,188.0,1.1828027265981578,1.7824416114451447,19.371234810397493,13.654000200723065,45
7922,34.0,3.1716822376124334,8.188469701142239,19.37195177233807,17.64836946090693,45
7923,53.0,8.92530598746476,1.79972149503288,19.372336503315363,9.052123866641258,45
7924,10.0,6.7689075880602365,0.653750522260268,19.37404508544303,12.401574170477485,45
7925,55.0,8.833669088420248,0.6151922190898174,19.375083445394225,12.848133697941059,45
7926,171.0,2.276147971412904,6.3443180109280135,19.37508537061896,8.660453761481829,45
7927,17.0,1.5735925897702485,5.460018209167805,19.376545763318745,18.39024426446211,45
7928,188.0,9.578549371270977,4.159407298410988,19.376718762690857,16.269937123511774,45
7929,125.0,1.8194597551321845,1.5251735972307334,19.376871114052626,14.562858551796069,45
7930,123.0,0.9844748110924906,9.349147911840397,19.377214176695375,15.950282043053942,45
7931,163.0,5.162076078032655,7.561971522025896,19.377335246613264,10.971116369256235,45
7932,84.0,4.573638305409965,7.301664358159292,19.377386676628173,11.519726281042052,45
7933,99.0,3.3914745994372266,6.545880293688317,19.377521749967663,13.75978725309226,45
7934,134.0,7.999764436375195,6.545050314505321,19.377911911673436,7.735165118853747,45
7935,135.0,2.1210041344445685,0.5003368693708665,19.378067772906185,10.757651791474334,45
7936,161.0,2.3519023270556403,5.77185873334897,19.378332798926436,9.029154623038973,45
7937,6.0,2.722001304798307,0.3708063848330645,19.37858666727911,9.855521092231417,45
7938,184.0,9.907400229288154,7.680448925551964,19.378970566340193,7.163759071989418,45
7939,37.0,9.303022216548126,5.084175200707602,19.379437698183114,9.598074649827492,45
7940,87.0,0.37577598319315175,5.847819954177124,19.379590696638964,15.622399684493496,45
7941,35.0,0.09050472721289116,7.997472018548702,19.379751580052613,10.672635631059796,45
7942,104.0,4.115824653184271,9.213888406126635,19.380072013245062,9.312914596472517,45
7943,125.0,4.851718685107401,6.419805148996787,19.3801350556173,15.652441939398514,45
7944,141.0,5.642686778665409,7.531317010578773,19.38024517319677,14.114499357023593,45
7945,110.0,4.821371307292762,8.802446598175745,19.381335644377863,17.039870384337135,45
7946,149.0,6.891215126027665,1.1077951241159567,19.38141232802642,9.109432702786878,45
7947,6.0,5.674828149192727,7.460493319414388,19.38148395814035,12.834987201300065,45
7948,98.0,9.39550083202573,3.5920648511128417,19.381723983418784,7.585311909481445,45
7949,89.0,0.34494354013890116,6.684190686562413,19.381869097585543,9.264727880044408,45
7950,152.0,2.412441326236011,3.62762005904657,19.382242473882926,13.759195377308894,45
7951,14.0,9.465767186313263,4.674122521788381,19.383431403665824,19.5823906042219,45
7952,126.0,7.015913484465404,8.063338370152326,19.383563799656926,10.361808708103412,45
7953,45.0,2.521362516703447,0.705800765810729,19.383809028508942,11.544713565519487,45
7954,196.0,7.8346075146985195,9.957174431233042,19.384512996483455,5.397929660788041,45
7955,37.0,2.3724322224909846,6.607347671717477,19.3846092311651,14.77581242550187,45
7956,11.0,0.7393702169716043,0.7856269724984621,19.385214705809275,18.716059882203904,45
7957,25.0,7.84577864055246,4.574906953688272,19.385339453564686,19.275561343288633,45
7958,125.0,3.396310556329344,3.092800671597721,19.386055157094955,17.320460431585314,45
7959,169.0,7.882787882538066,8.127940878223523,19.386197922963056,15.224059242968288,45
7960,141.0,0.7049179916181192,6.548224898591845,19.38723220722673,15.248606856369474,45
7961,147.0,8.267046975547732,2.4600469910458536,19.387479459521458,13.152693406246641,45
7962,188.0,7.735190803506654,5.910327063478308,19.387537174909543,14.32279342365215,45
7963,80.0,0.39680534188093364,8.18812245849655,19.38865995352105,18.822624134765434,45
7964,147.0,1.8999029042913695,8.01578264419503,19.388692736558408,17.963142386558832,45
7965,12.0,5.224220890414957,1.1047803206942508,19.38907959400548,15.266557903821548,45
7966,77.0,5.365147537480332,8.889962583351837,19.390001732563523,12.858251681886877,45
7967,26.0,7.04934996793921,9.063019340183482,19.390144098469953,19.776824379072146,45
7968,101.0,8.836938608857082,0.3826447012502254,19.391492009453287,18.75856030438373,45
7969,76.0,6.421043810746968,5.3337362916981945,19.391860132666956,7.738944196020743,45
7970,159.0,1.6722117805937764,5.130356454149851,19.39235248892979,6.432235309406559,45
7971,54.0,0.43360240960183205,6.688673470876072,19.39251912441566,12.842143183143238,45
7972,18.0,6.175992182669536,6.86282173105824,19.393710832633666,19.105039139177645,45
7973,106.0,1.0060257171711628,9.115219778877812,19.394368745127984,10.082481485950101,45
7974,189.0,7.646217203363415,2.0272538855548783,19.39549319160736,9.35363619154421,45
7975,128.0,9.679251301499328,7.6847472164364525,19.396002776166423,19.644134347198097,45
7976,102.0,8.564317695035335,0.980820454060527,19.396199647800795,9.197832209181309,45
7977,173.0,7.780870659288138,2.17879413959585,19.397255368892274,9.221929606499996,45
7978,166.0,4.612477014277805,8.22603431980627,19.398585455880145,20.0,45
7979,2.0,8.140382395145027,7.130608877447267,19.399332175388434,13.816937846779838,45
7980,165.0,0.5908054034625099,2.7720609717496805,19.39936171998801,20.0,45
7981,59.0,4.832200002253765,7.551099664067856,19.401067618865266,15.035376701377198,45
7982,114.0,1.282922385388846,0.41034011245930424,19.401072711299378,5.864771050996634,45
7983,10.0,8.509580166948545,1.6891979402979684,19.40162261725979,12.836548421902497,45
7984,51.0,6.150980398232228,1.1732830296568142,19.402672199709116,6.0151476909682735,45
7985,139.0,7.476178689556026,4.150722328304468,19.403006736914605,18.99395496494519,45
7986,184.0,5.468117537246384,1.3514544593238431,19.40328938559879,5.0,45
7987,132.0,9.48059702309947,9.567461767837983,19.403650640404642,11.874241171652534,45
7988,61.0,9.984892024699603,3.7607557016064175,19.40365962577404,20.0,45
7989,50.0,8.536055879863731,6.607470983758903,19.404104735047746,10.562889741176635,45
7990,144.0,6.337347626927402,8.547627625785777,19.404527623489685,20.0,45
7991,38.0,4.327884325523129,5.3886051178788295,19.404668289206707,14.931715716317822,45
7992,132.0,4.744294969210845,4.172713324109393,19.405115631970894,15.375591470584714,45
7993,158.0,8.755709875379477,5.529580135969052,19.40526866820699,13.61855302266608,45
7994,73.0,2.3743995262864894,5.949827976834338,19.405990641026342,8.630645561871022,45
7995,119.0,8.111684896203794,7.9310315747836855,19.406736326895007,15.253336994631074,45
7996,188.0,1.149166848962353,7.5537701229475775,19.407104417202614,12.752698501045888,45
7997,124.0,1.6844103557433832,2.3102701939055414,19.407615113058533,11.228923491686473,45
7998,184.0,5.103293509773202,8.498521472606846,19.408403475250537,5.0,45
7999,18.0,1.856233919729795,6.947741734662029,19.408527795334578,14.790409846972235,45
8000,85.0,4.855650525880613,1.6095760153337302,19.4102078574022,11.846786076825296,45
8001,180.0,2.779820189719684,0.2064835076871241,19.410361344260576,10.691231489755614,45
8002,16.0,6.413442861982553,9.026642843862662,19.410474092383204,7.2818466787987415,45
8003,21.0,3.8715036539522805,6.084637052934029,19.411002941453344,9.841555555162339,45
8004,44.0,7.174346696402218,8.974262429216871,19.411255591680604,19.882750003793575,45
8005,84.0,5.269732061474896,9.820816324818173,19.411429260885626,12.257111125260751,45
8006,97.0,9.626776922337738,0.3694665374521511,19.412055739246078,16.683581878140156,45
8007,170.0,3.629980609303071,0.7407853225221628,19.412528201546195,9.542475846465173,45
8008,79.0,6.454588782729672,8.198868095077822,19.4128679873008,17.636437893798288,45
8009,100.0,8.731020895265182,5.762342518094224,19.413528558370825,17.77493332009526,45
8010,87.0,1.5109845089411544,0.60419120922518,19.41362617895208,16.81333744021215,45
8011,92.0,2.9551113410447902,1.5803728203239742,19.414067227554607,12.728709101494497,45
8012,113.0,0.7303128892723032,9.04633739108633,19.414438224218742,8.426114388043443,45
8013,91.0,1.9554794916092566,0.08142036903027061,19.415479405239857,14.533259225277591,45
8014,84.0,2.15243676987257,6.849592487198379,19.416057711442622,7.424860032335917,45
8015,118.0,7.987571387571569,0.050489244800628885,19.416573167573105,18.723854724412032,45
8016,124.0,9.468150400812485,2.4352653957696155,19.4166809821523,9.862567102063725,45
8017,81.0,0.2653347426588959,5.03573342909683,19.41678895436855,17.345570939348175,45
8018,25.0,3.2348718453647454,3.5957137658146054,19.417236181899856,20.0,45
8019,172.0,9.624872917593052,5.093704936230626,19.417325300600893,5.0,45
8020,5.0,4.276496528570518,7.925072014256445,19.417550201338223,11.502094445729881,45
8021,66.0,6.711501472554511,8.57324399316033,19.418242396446896,10.832813921044933,45
8022,36.0,5.956968848273174,8.123500519306939,19.418341875506563,7.836827539107285,45
8023,157.0,2.551446410632815,7.9265646479849075,19.41946738343809,10.814588580129099,45
8024,54.0,1.2457198786174117,4.280814257194407,19.4204542703968,10.146020871117617,45
8025,5.0,3.7126896295536795,0.595117637946998,19.421106447099884,7.083411099145254,45
8026,12.0,2.1649307978782986,2.399899599109151,19.421172569148492,15.636147857188872,45
8027,33.0,3.8666517307242634,6.155407476290865,19.421176107412304,5.0,45
8028,193.0,0.8246028217199142,9.315167309101083,19.42211145879273,14.274066343355825,45
8029,83.0,9.875111823612192,1.436236764062967,19.422278613074095,18.07757118663963,45
8030,191.0,8.128593177815052,8.283465182943164,19.422395668639773,18.747864461474926,45
8031,159.0,0.504495669457472,5.505915711479824,19.42293498595119,9.388318362643808,45
8032,107.0,9.164533791808383,1.5515658522799658,19.42322573819218,5.4781591603493345,45
8033,54.0,5.963074688516334,7.403945798243104,19.42397038147323,9.424031705716672,45
8034,5.0,0.6635181916253652,2.5296064658121153,19.425053111774318,8.350450831552076,45
8035,26.0,3.47391733151325,1.0969669454301267,19.425098771842578,20.0,45
8036,181.0,0.024629244902553138,7.184470889866125,19.42547162333135,20.0,45
8037,17.0,5.774318886867612,4.868915367272296,19.425792229987653,17.523394409314363,45
8038,0.0,0.7271432924783616,6.9321969481980785,19.425897198571224,7.5602977857971965,45
8039,130.0,6.1976128947402955,4.524396929677499,19.426141418788525,10.563406060960066,45
8040,89.0,9.197334085741272,2.5810510475533555,19.427717242349527,14.931113929428642,45
8041,22.0,8.937480848684757,8.227049195234015,19.42802979853383,12.898867825129006,45
8042,125.0,2.2361572295366114,5.8763217935262375,19.428670145579044,16.6666532618252,45
8043,66.0,3.164660001437033,0.4420375854584513,19.429248636758302,8.58390077731189,45
8044,167.0,6.7252724766505025,8.615020046202188,19.429761630269656,6.155886647864061,45
8045,81.0,7.89890638753527,6.33589292459167,19.43040228047062,18.59226860370436,45
8046,155.0,2.6535886274595466,7.148594390371984,19.431675307550766,6.625524959007571,45
8047,21.0,4.004339685472961,4.230060890276896,19.432005904928403,10.785913365708444,45
8048,186.0,7.394381855960992,9.251246609446536,19.432518516807576,5.577063901618823,45
8049,94.0,5.704825473142438,0.7060440059322015,19.432676391222692,14.19120791476917,45
8050,85.0,9.68084638933036,7.8981653498465185,19.433207759292053,9.775778846223554,45
8051,137.0,1.4974065883843568,7.220527289558141,19.433430092990207,17.49534841091081,45
8052,84.0,2.7824296129248682,1.3222382546009614,19.43480779924962,9.19533583470359,45
8053,31.0,9.413963892439542,3.658916173313853,19.435087782025562,6.502130128962727,45
8054,61.0,5.464650115120746,7.0534749419243825,19.43547546909091,18.770910903623108,45
8055,114.0,6.818449027174815,7.279629816525995,19.435562621032652,5.612634259772431,45
8056,14.0,2.2852613995254645,4.803871274712891,19.435861673632925,16.59391890697896,45
8057,5.0,2.667446101754698,0.6651615072231398,19.437586385734537,8.72991214577886,45
8058,40.0,4.201997720682389,2.6639259812651703,19.43779641155087,5.641013782769931,45
8059,139.0,9.274747444956084,0.4286191340226808,19.438068562337467,16.9708448083828,45
8060,81.0,3.1165200943871207,4.883262072065034,19.438310645243096,17.997458946333587,45
8061,0.0,8.395351673405024,2.4959950737485537,19.4383789248473,7.249398977139849,45
8062,164.0,8.006888881639691,8.64073952270981,19.438587236380123,17.080785980703943,45
8063,21.0,1.276614985942952,6.771367012724278,19.439001649978078,15.747272156641767,45
8064,16.0,5.066732536618241,5.357333247254888,19.439618874415174,6.9212083775703235,45
8065,89.0,0.9193849447153701,1.8817430884506103,19.44050008848771,15.462512928608767,45
8066,9.0,2.3115460961755216,6.4797276265516945,19.441004021853242,11.556320163108726,45
8067,35.0,0.7801775945620704,7.118943891175275,19.44115730488451,7.068864022447286,45
8068,104.0,1.4108541023302579,9.693057809980766,19.44123404028553,5.0,45
8069,20.0,7.595465025313653,4.747043125068221,19.44294320050617,12.769793815236243,45
8070,168.0,3.245115812394199,4.385487054484807,19.442986385635017,15.745165674386781,45
8071,76.0,0.46623826451931194,0.012968703858857733,19.44313727075994,5.337005768934176,45
8072,54.0,2.220646209265018,1.459514014543456,19.443585903609478,9.34375164458618,45
8073,61.0,1.3401568098593086,2.5321315945777476,19.443603857653514,20.0,45
8074,156.0,1.8177124362414154,5.2640427878951614,19.443623781240905,19.949080113779214,45
8075,97.0,8.049852198297156,5.3440992640716365,19.447820686643837,19.996338582743586,45
8076,24.0,6.399538774483338,4.768987670715417,19.44807281754938,14.606217767078011,45
8077,113.0,6.755768427833191,9.193190029525,19.448683109425,12.071385509554457,45
8078,103.0,1.2378299602240506,6.523125025218869,19.451155902198952,10.65074661882527,45
8079,163.0,7.478013912115394,0.8676999293120813,19.45210216857737,10.206902140006246,45
8080,169.0,6.558273668826241,7.589911008901476,19.45242259238737,13.947194909973922,45
8081,158.0,0.045649232027643594,5.76513106441835,19.45290625962844,12.918993389469643,45
8082,120.0,1.640431007477321,7.4391128635245956,19.453040004607733,15.738530601199503,45
8083,170.0,4.571874223094162,8.719348965538863,19.455034448513718,8.921325645004057,45
8084,28.0,9.41277713959313,1.466732160896902,19.455291048074802,12.919258307570093,45
8085,168.0,0.4804069256641563,1.3629104145060678,19.458411158400473,16.720238182602884,45
8086,89.0,9.573880979447257,7.197709046658235,19.458588176734047,8.618602578535146,45
8087,156.0,6.133903899480813,1.1108734768449968,19.459265117756658,17.256855377290307,45
8088,187.0,3.073352173531081,8.596307452758927,19.46135512951598,14.571010059642209,45
8089,159.0,7.396510254286,6.270800310691049,19.461781400151445,10.304224763333677,45
8090,116.0,5.097448101067278,0.3184202066067088,19.46222401781238,12.6057084973266,45
8091,133.0,3.393994947520742,9.087148640750714,19.4628792495664,9.705701764758457,45
8092,57.0,2.789604804744555,2.982268992260022,19.462950603031636,16.52315671845437,45
8093,102.0,1.6958606993743175,7.208721516003635,19.46341299168526,9.250157303664839,45
8094,130.0,9.444481593464987,2.578821934413522,19.46431420767796,16.36856259139723,45
8095,164.0,0.08995392338820296,8.245156022596214,19.464514273763474,20.0,45
8096,155.0,5.672742876289516,5.38622091000414,19.464619390267337,8.841060739855235,45
8097,178.0,8.55236937718043,7.6775845107217,19.465290836505158,12.379943119557918,45
8098,185.0,7.302388136116676,4.190330156589716,19.465457688282584,8.356807368337737,45
8099,170.0,9.908531326241844,9.900219785408089,19.466441317816965,14.0708580961423,45
8100,87.0,0.07882360112521525,8.429979620724962,19.466620042650895,12.876192516109358,45
8101,108.0,1.165471795084,6.340084179530797,19.466784844044504,8.06049687508434,45
8102,6.0,8.948287477498152,8.911855277759058,19.467124287386554,17.383041968782145,45
8103,67.0,1.2199842436564678,7.748353835997978,19.468274134577612,7.475184055887052,45
8104,108.0,9.940620732027861,9.452842242574405,19.468611316583868,7.144987833190223,45
8105,94.0,6.129317867564058,6.11792621985522,19.46964465053575,10.02167928675787,45
8106,24.0,9.217475147201544,5.017069029544784,19.469930159064777,18.45103215228306,45
8107,169.0,7.019322145734183,8.704752535733089,19.47016782927178,13.453842005572824,45
8108,93.0,6.236042636566117,1.322265703272485,19.470397081583013,14.152924221710773,45
8109,58.0,7.456147526081262,4.007779179836035,19.471831028644388,8.226618741477475,45
8110,160.0,2.8773078416579367,2.8844522352152238,19.472512928530108,8.209972645971666,45
8111,6.0,5.91391419603638,6.821653161752538,19.472895428072675,13.028392762577997,45
8112,97.0,6.71445406913528,6.534318182722067,19.472913062963027,18.865134112251887,45
8113,90.0,8.706006448803555,7.285893087468477,19.473186330342294,10.807070370377943,45
8114,155.0,2.912096237134958,6.7791276195403665,19.473870121883685,8.17159400713327,45
8115,151.0,6.753469552814902,9.070590939962646,19.4748860160904,11.971345106680076,45
8116,11.0,8.98624210777997,2.001919432145529,19.474899378788507,19.10887138454142,45
8117,71.0,8.349024636480808,2.420107399595808,19.47602155336603,11.571576451022048,45
8118,98.0,2.136688569118915,4.412953751721652,19.476492087626163,5.0,45
8119,116.0,7.693616089489035,8.128340276080287,19.476739141695546,14.49134546598161,45
8120,71.0,6.263609384210314,3.4434238552731466,19.476763500106,7.849306947475387,45
8121,14.0,2.864222104569969,6.330541026720025,19.477039225981372,16.857095501293514,45
8122,90.0,2.7761082551219953,3.6094745108653328,19.477141284815616,12.142379937009006,45
8123,93.0,1.8816919258930365,3.7113889719327453,19.477601380886746,12.575970899308755,45
8124,159.0,3.5641078620627087,8.70788903612912,19.479199561348914,10.768081835447878,45
8125,69.0,2.2530466804114035,4.184518531714991,19.479289664861323,16.847391661256278,45
8126,58.0,4.409760107571742,6.496569301957113,19.479694000201274,5.7857394226843075,45
8127,129.0,4.262658750198378,8.949805841078778,19.479718960741604,10.856439661726533,45
8128,192.0,8.311408628060654,9.599872114404866,19.4797785917521,6.517958001253445,45
8129,13.0,1.6414520300166413,1.0633817996471862,19.480162705502273,9.749771037946905,45
8130,188.0,1.444370052044155,2.973852580775873,19.48052340290031,14.483809088305001,45
8131,96.0,1.5932999020193772,1.6160425370878062,19.481483136660522,5.0,45
8132,65.0,6.641167079859289,9.955114746147522,19.481769965526855,16.802873966625018,45
8133,6.0,9.147815332490008,7.034093525327569,19.481895646833372,11.489731054383785,45
8134,78.0,5.084705183678854,8.100093399581004,19.481989791171394,6.9524088080409285,45
8135,27.0,9.577783501767485,9.652997806145363,19.482589138623332,20.0,45
8136,30.0,6.821730668634291,0.9341173299918115,19.4833928244741,13.10253978816906,45
8137,131.0,8.778196972233916,2.1818557133471996,19.484906001491467,12.740412092374678,45
8138,138.0,1.2105294508704123,4.756973240356579,19.48681063229386,5.0,45
8139,141.0,7.648933630364381,3.8942559802255703,19.48703652675173,8.878648871507597,45
8140,102.0,8.42480885481409,3.488643352180023,19.487235577237065,12.818927904034176,45
8141,8.0,4.576139799439706,1.0548955621757417,19.487274379672897,13.766557654147494,45
8142,77.0,6.522506134389538,2.1554095600243075,19.48790861208116,9.95548438038735,45
8143,162.0,2.6468296125409596,5.339736918118732,19.488192014904257,13.849598812084801,45
8144,85.0,3.0734836997292003,5.562283193447711,19.488293222802014,8.624757490778723,45
8145,35.0,4.764083528336784,9.78301042913381,19.488434844953364,9.453888635778233,45
8146,76.0,1.071940801021517,5.2024294024125215,19.48881804748858,5.254870907064056,45
8147,109.0,2.19877319095789,7.637982851020025,19.489772373012435,16.32997438041755,45
8148,92.0,3.624117458951898,8.699027136075014,19.49012419674163,8.157644335331947,45
8149,103.0,1.0963953005705285,2.776333069676107,19.49019613159815,8.81567333827295,45
8150,76.0,4.038150363560824,5.992132921474152,19.49066731823143,7.7880505074024935,45
8151,14.0,5.82800286540508,2.517012847660464,19.49092088284575,14.32515750685534,45
8152,97.0,8.986890452054256,8.973250173386326,19.491764116661344,16.008064336955087,45
8153,13.0,5.532422026553378,0.5509987519521276,19.492358524141014,8.055249202236599,45
8154,158.0,4.68585592394564,2.2346240617586224,19.49312637020836,15.044883708107719,45
8155,13.0,4.505569399616079,8.78469228400596,19.493369418417274,12.779583645736643,45
8156,167.0,8.101016899794168,9.42979572133308,19.493747810117227,6.138012797728967,45
8157,166.0,7.462189062974993,0.4959038139973637,19.494086394669118,18.66249031912652,45
8158,161.0,3.5499279560390518,8.111819784806055,19.494451043056856,9.722589506446079,45
8159,58.0,8.923031547259793,1.7766620964006519,19.494858701197266,6.2062930201654325,45
8160,12.0,8.886585950591337,2.382561816746432,19.49491477069158,16.08545893884953,45
8161,37.0,5.340882896904051,7.330370518155993,19.495572949407347,11.433200632599382,45
8162,124.0,1.6730428779525641,5.835637748879261,19.496355029474632,8.417652957437515,45
8163,116.0,3.462020521088318,7.634075809872352,19.496379320196667,10.011586280135738,45
8164,64.0,6.1561123219388865,2.253551231776172,19.497902330028857,18.46899129190448,45
8165,127.0,1.8121486147430887,8.327881273441964,19.49859246337971,8.396987004671592,45
8166,82.0,3.652438600861807,0.2513106399865095,19.499870024653962,13.44313456678314,45
8167,55.0,5.70725440571345,8.209925522913718,19.500080326932096,14.669920004301273,45
8168,75.0,5.19042886252295,7.404495695856589,19.50034119042096,11.230822397168852,45
8169,57.0,2.704277308523033,3.416428681788929,19.5004181535646,20.0,45
8170,44.0,6.377430119521432,5.051977897755551,19.500643111136156,20.0,45
8171,135.0,0.6105989312933013,8.050508935103132,19.50077758724869,5.678356341851831,45
8172,48.0,1.8134700362111822,5.40708973543063,19.50112902760461,20.0,45
8173,154.0,6.595448866049805,2.7215015999114502,19.50156913664382,9.935986498078755,45
8174,70.0,0.7254718810940586,2.8327348298983344,19.501579969403515,5.0,45
8175,183.0,6.772640027018672,4.574549912172152,19.50249118075015,18.97247129931823,45
8176,113.0,6.814186131931349,4.359500105475145,19.50269588554875,11.632563598323632,45
8177,42.0,2.486932545020195,0.4177636616090352,19.50322747556517,7.982028587220826,45
8178,39.0,6.626412911917512,3.9869010094110147,19.504535092587535,5.0,45
8179,160.0,9.782300371278067,5.0027161229075965,19.506378810115518,8.77092623299901,45
8180,33.0,8.087475500944624,3.649548261108455,19.50678726724469,6.737188161450912,45
8181,148.0,0.19893285248156256,7.254218332006406,19.506834006931225,5.836205785550823,45
8182,176.0,9.845573966341174,5.11407425628642,19.50706585813817,17.501870377658403,45
8183,89.0,8.895847813669615,2.5417860329142385,19.508196620151963,12.665601680631545,45
8184,26.0,9.351889006273716,3.7408568015060184,19.50868930430576,18.348603006551077,45
8185,130.0,9.818864822868061,1.8699345186927652,19.50914796875305,15.396431803866182,45
8186,156.0,7.058730505442368,2.983891905133509,19.509685007845313,20.0,45
8187,143.0,0.8847707375693381,9.343743554975013,19.509849065991755,19.806063165877855,45
8188,149.0,1.5753923264897995,2.8981873720095797,19.510235615714954,11.880818840595433,45
8189,12.0,4.325312385553368,8.467798298131664,19.51025670355503,16.407297659955333,45
8190,33.0,8.826952840675613,7.85229432085453,19.51056628621886,7.270490593233548,45
8191,80.0,3.6768193387647696,0.7652973707696353,19.511125291820225,18.727718275314555,45
8192,119.0,4.818895343079781,8.60287184489594,19.511596512602644,14.297768482734687,45
8193,87.0,1.9931371855958224,2.725589015818828,19.511627996813306,15.83069724618873,45
8194,77.0,9.993971498675542,6.971081198435845,19.51212985353552,11.81814301216343,45
8195,79.0,3.1741401349100853,9.191411090149472,19.512405406735823,15.752048727517426,45
8196,80.0,6.609399532902148,8.945596083467487,19.513477651073238,20.0,45
8197,2.0,4.0419403903965625,4.15716709104902,19.51364241719493,11.93872674289785,45
8198,110.0,2.2100955544003176,7.0783460047238576,19.513969025205085,16.14403302982768,45
8199,15.0,2.080576722992845,0.7530562143566433,19.51494969059977,6.296519097269641,45
8200,101.0,1.3944542403878113,0.291203336699265,19.51513135302394,15.648543050205639,45
8201,133.0,1.5568045465714042,6.982298208956614,19.51520036357066,6.8866468152722575,45
8202,4.0,1.1966998486314295,8.703604841369422,19.516123691507193,18.744125219759795,45
8203,90.0,3.846112142715433,1.8239620018303038,19.516148785232783,11.739194797339938,45
8204,157.0,6.667187596251559,9.93941242382997,19.51677392390741,8.13692847904304,45
8205,115.0,3.5520996313293662,6.175504370035885,19.5173725202763,9.567044466496917,45
8206,24.0,7.781590073813289,8.792442327316726,19.517542455556676,16.074734267754433,45
8207,177.0,6.665686271081071,6.698703649483413,19.517712462403644,12.048335305741135,45
8208,177.0,5.936121351334548,7.985324887660785,19.5180498399285,14.803521566627811,45
8209,60.0,2.3344974014319018,8.899672970733421,19.51957692038482,12.748687812908862,45
8210,176.0,0.8448755938050923,5.828934762241272,19.51971727858985,13.218082375091374,45
8211,165.0,0.7528122942536275,8.42024647970688,19.520046663135467,16.829404827472644,45
8212,20.0,6.094037678512965,7.632432204858,19.52060136019513,12.874945629718674,45
8213,83.0,8.771591217570517,7.9874628139551564,19.520728171664175,19.65117049476378,45
8214,29.0,5.353537659198279,0.7102985093012959,19.520887097774047,12.12370753494721,45
8215,6.0,0.6810857734294962,8.525181326434454,19.521160779596755,11.950843365377882,45
8216,75.0,5.489860186546782,9.198879043976746,19.52129909646559,6.588632685344967,45
8217,152.0,1.2367329289394102,8.22358405346475,19.522847854465617,13.697035967312186,45
8218,110.0,1.8978824544144135,5.455155994769132,19.522885986971737,12.95817054846174,45
8219,99.0,8.002195104944413,3.7852870412671646,19.523950116374394,17.579273378903828,45
8220,39.0,1.8686040402957882,7.738120447323218,19.525369233673146,5.0,45
8221,162.0,3.332873103308419,2.638223536467791,19.526119514414333,18.877603719662865,45
8222,58.0,4.892751865029414,3.346942177060143,19.526568018153792,6.55705609359442,45
8223,173.0,6.5561607417126275,5.281584007993887,19.526720341144866,7.899763017907125,45
8224,173.0,1.542958385464277,4.520910796667228,19.52870957887282,5.0,45
8225,139.0,6.496346538044181,7.105339210892357,19.530740807024948,17.109922083637905,45
8226,99.0,6.312992869287443,4.683184863310932,19.53281211870334,19.109638527181193,45
8227,183.0,9.389934887832492,3.8184909594101524,19.533159419460368,18.693271679922145,45
8228,97.0,5.8803108997222395,1.8888759645801556,19.533827603781887,20.0,45
8229,125.0,8.62286071668087,4.386948682316232,19.53502169224751,13.961892545793265,45
8230,72.0,7.58199425056251,2.677028976466007,19.536166906129687,9.175974303782407,45
8231,6.0,3.2324835265571505,6.445344705208025,19.53849551821462,9.209907850992993,45
8232,20.0,1.9799010188192478,7.9565307630730695,19.53860205742623,9.566305393515382,45
8233,78.0,1.5422406193213845,0.5316843872262067,19.538786927373742,7.354956891653643,45
8234,55.0,3.635638249279417,2.072512074904662,19.539227641489525,14.260714424660808,45
8235,45.0,2.50138825978256,9.495350807369176,19.53970359052542,6.373504573502043,45
8236,20.0,2.4377511562482113,8.517346565192621,19.539932334437175,9.714005675855937,45
8237,65.0,0.4735300174450907,2.724461461375779,19.540452829997506,15.427367698068508,45
8238,176.0,7.5873883007381515,0.03888908611256903,19.54046773578853,13.190864164480892,45
8239,25.0,1.7825084912453115,8.800932759594772,19.540631282540367,18.60398049080427,45
8240,3.0,9.049492740678925,3.2667881983925904,19.540696211273573,12.636600755600059,45
8241,194.0,4.350911996285878,8.346757548137306,19.54174719835002,10.40397991230954,45
8242,186.0,2.052612224669655,8.799932408112163,19.542599038364592,7.119079098262422,45
8243,60.0,2.599330531956662,8.091482047386402,19.54333049182606,9.394818577529838,45
8244,76.0,2.5099739553653775,5.316667476892617,19.543454188572213,8.151591301362338,45
8245,199.0,9.718452503153637,6.741408805037732,19.543904248098254,7.104518278668885,45
8246,152.0,4.2771237958911925,1.8304932912966587,19.544955768826917,16.060649102204696,45
8247,20.0,6.208178737323523,3.4717520249991196,19.545130568750672,10.15348868528136,45
8248,72.0,2.399796236265972,3.2927155455883863,19.54545892746498,9.735762100369435,45
8249,62.0,5.473046039904998,8.675982778369214,19.54567687957459,6.836264861624085,45
8250,191.0,4.839186434705045,8.159573563567335,19.545682384591284,20.0,45
8251,81.0,0.9394808174980929,6.557015156142246,19.545767530967957,18.68216149447391,45
8252,130.0,2.6300274920250732,6.418031356932121,19.545984926319917,14.51479888330121,45
8253,158.0,4.388892060165993,8.94725345489034,19.546124460356836,14.73580891024676,45
8254,172.0,9.575749454793657,2.6540210253274497,19.546543317024266,5.762771031490218,45
8255,122.0,2.3514122175120047,1.6379666745424448,19.54730631012326,20.0,45
8256,48.0,8.372516038929332,3.862486345056577,19.547623506081607,20.0,45
8257,43.0,3.1278081619018416,5.5116196850792925,19.54769613862548,15.033258751034435,45
8258,159.0,2.8384527444202226,2.0118119310123395,19.54836114288856,10.160548535117917,45
8259,76.0,4.402920504712666,4.106194545179893,19.548388392057845,7.417563540146394,45
8260,40.0,4.644324837873662,8.255256401668055,19.548516628856667,8.412085526639013,45
8261,170.0,2.2019376552274714,6.648608596426327,19.54945159578672,14.63412105322214,45
8262,84.0,0.8218601345906251,1.536745770073713,19.55046831850913,10.105011504471921,45
8263,122.0,6.950344469322392,2.462384875686223,19.550957709041878,18.056125694757643,45
8264,178.0,4.07428176508525,4.658926238420802,19.551230056652255,13.77955865614803,45
8265,25.0,7.839903943127991,2.0375432985326922,19.551581075207288,20.0,45
8266,153.0,3.727959404277751,1.0938238811250411,19.5520888291274,10.321786795919975,45
8267,160.0,1.0716776571184716,5.531365110219083,19.55244111882117,8.217103539015298,45
8268,88.0,6.589830805267899,8.969867225389521,19.55366889474726,11.978371914200363,45
8269,61.0,0.15649813107625699,6.926459716003111,19.554231381206442,14.494197709208748,45
8270,117.0,0.17064621003201497,4.746039527522202,19.55542819531361,12.43612934520263,45
8271,106.0,1.0799307097121968,9.192918534634856,19.555607960981586,7.6450885128051205,45
8272,93.0,5.781124511688721,8.393048437748853,19.556198994553416,18.871887308974824,45
8273,114.0,3.4629238825562405,2.344454432968056,19.55679432556328,8.391413723923325,45
8274,24.0,3.9624438780054905,9.039976943593818,19.557156997008914,18.90501195431743,45
8275,9.0,4.132408084299689,8.325264756726789,19.557227732207917,7.67140819053813,45
8276,146.0,7.080219894286141,5.410253415481962,19.557635534747725,10.109859817262842,45
8277,87.0,0.7169342300689496,9.926123489672912,19.55781267195497,14.117888294272726,45
8278,19.0,3.8126371181140595,3.6832739795944827,19.5581022366845,16.22960974593082,45
8279,198.0,1.824920735062836,5.6169014569676055,19.558507314155857,11.234673812522827,45
8280,189.0,1.7379112198571134,9.157758944588313,19.558721428989863,12.410913594130196,45
8281,173.0,8.739295729110028,5.8511580379003085,19.55909123677173,9.885973461961715,45
8282,57.0,4.112399427165484,0.5262243590963445,19.559544544807643,20.0,45
8283,195.0,9.514239123559285,8.730874537062066,19.559711648068138,8.534775937441017,45
8284,40.0,3.1496578343234196,0.014212860280847783,19.56050401051087,5.391241019569515,45
8285,60.0,8.778535172685874,0.10218761784698827,19.560988411400515,8.33995923221346,45
8286,43.0,0.5821073197503612,3.9187589931659064,19.56157393436833,15.885449860077092,45
8287,94.0,9.136780906680595,8.292118829158499,19.56206877621625,11.407797475340772,45
8288,56.0,5.701772881812028,0.9984355254054755,19.56263089124666,19.522088683427,45
8289,131.0,8.117537342003336,2.2280306898602467,19.5633730669027,12.750801129776587,45
8290,53.0,1.6262105294140772,3.2836300331751644,19.5642561720918,8.361284199686128,45
8291,21.0,8.94332563754259,5.937002570940903,19.56430892010889,5.88170421748241,45
8292,175.0,6.417793580646283,7.686606386487544,19.56447209037435,8.377508066403601,45
8293,9.0,7.05703313158852,8.800949845009104,19.564765084046947,5.0,45
8294,39.0,2.5470594887345657,9.808844273238302,19.56478023752759,7.517621353742516,45
8295,133.0,3.405993662003668,7.176642320018347,19.564921678753077,7.08231873312397,45
8296,52.0,4.572091181025089,8.804932992918117,19.56574898241636,14.64786612255403,45
8297,87.0,8.224449744113093,7.150472907988394,19.565861269789984,16.5265327916107,45
8298,91.0,5.268922499358235,2.6474653699729145,19.567595898183924,14.769684121377487,45
8299,109.0,0.01758442608025712,7.14946833455477,19.567893560803007,16.50845244416643,45
8300,29.0,2.4247897630363835,3.7482763694602683,19.56794902886723,10.525047660173103,45
8301,193.0,1.0433719935119212,2.9830981089142505,19.568732294893344,15.034489107549538,45
8302,128.0,9.858727959407776,4.1687646496827115,19.568904712664434,15.638654966347422,45
8303,93.0,2.211316180065178,2.5953532277719016,19.569014905998984,14.701444271636298,45
8304,101.0,4.243616984667264,8.483390771341213,19.5698076088607,16.201408740990892,45
8305,80.0,8.441607784135956,6.810692599668946,19.570174715265722,20.0,45
8306,25.0,2.9836735538937695,7.829063923202957,19.570344754328907,15.796230911955135,45
8307,66.0,9.8452442952127,3.739122191931723,19.570509747839917,10.618141843418782,45
8308,175.0,0.00951459119968634,6.089153482311243,19.57056832644639,10.192969150542211,45
8309,186.0,1.3531371766467504,3.8199452246644783,19.572454749708527,6.285911827134967,45
8310,122.0,6.137818073092237,7.6452078786238005,19.57247888184852,11.446264415041856,45
8311,39.0,6.090227819156587,0.59342704191783,19.572545141605765,5.0,45
8312,183.0,3.1042880753009436,4.610326020868386,19.572684020317467,18.908599136441175,45
8313,129.0,9.625682084582131,2.133056733630135,19.573768797295813,17.557276271293226,45
8314,21.0,7.065159854843386,5.278891935519353,19.575175489361,6.619212632654008,45
8315,148.0,5.002468516002953,5.2541776271648954,19.5758718657206,8.528009148814546,45
8316,17.0,9.142997828259562,0.30090253005569334,19.57588337481696,19.293696302070728,45
8317,192.0,7.924864972522105,8.410182031523357,19.576202023006914,8.216393000040943,45
8318,63.0,7.603087827907899,5.135586781683433,19.576509320240977,20.0,45
8319,49.0,6.722212989863864,7.250330882893702,19.57782888772538,16.496788827923282,45
8320,13.0,2.3287724658462237,8.61451680245783,19.57800079454996,11.932974164502623,45
8321,171.0,1.8057488656104925,3.8113488249793406,19.578111261541537,12.194544425536678,45
8322,166.0,3.9191234476538774,3.7982382590026322,19.578445908927304,17.372538518786,45
8323,123.0,5.03358488576339,8.72940500148038,19.579275958555666,16.079623161526456,45
8324,136.0,9.521706866608106,3.8371999065929208,19.580130258691938,11.86545197993459,45
8325,48.0,9.39646693170655,3.4561460903510834,19.58020207787277,18.383437612204567,45
8326,20.0,9.885585037329886,1.5757944347857888,19.580220585567723,9.040378013924322,45
8327,149.0,7.645300187824022,1.4164170213979932,19.580600661115376,12.740722845081143,45
8328,71.0,2.549733629465414,0.31682341536627523,19.581810915165107,11.651058188685186,45
8329,119.0,9.353347094377497,7.723417591189862,19.582490983385046,14.023336392008048,45
8330,12.0,1.7056040384242788,6.2644552330512715,19.582949542151916,18.084118507049638,45
8331,188.0,4.224363695529275,5.502648893267539,19.5858535280396,16.517237218527946,45
8332,70.0,7.316461492960165,4.112204449888452,19.58590109862742,5.0,45
8333,42.0,4.368406536367462,9.242058232685492,19.586072497058268,9.971378941656852,45
8334,46.0,1.9696921824266367,3.634643501338539,19.58616596754854,17.89047030280949,45
8335,56.0,6.110149710980236,2.2890051013183097,19.58650363486187,20.0,45
8336,145.0,5.651763659434542,3.9235169702096853,19.586827777845244,15.658394351713023,45
8337,167.0,6.371006917834416,6.685019707202101,19.58692220008112,6.251049152102199,45
8338,27.0,5.80348753018373,2.015324665371608,19.587382744860474,15.020683214577954,45
8339,90.0,0.029008974574594726,0.8789748309867296,19.5877226804687,12.205605622884647,45
8340,32.0,0.5412459133397274,7.373525589581886,19.58777761327508,18.15530931768864,45
8341,67.0,6.249029583531703,7.9748859052627825,19.588625655854656,5.436110329529338,45
8342,106.0,4.240667048789955,5.870476993500251,19.588837950141972,12.867378012051132,45
8343,63.0,1.0422814971797034,6.5766250442738325,19.588881033834355,18.716154656506795,45
8344,9.0,4.078763554488548,1.6013521590819835,19.589124654552762,5.413358655035111,45
8345,24.0,8.231391675404758,1.890882871152545,19.589829367634945,17.988096634899353,45
8346,52.0,6.2197984445860035,1.839372289045803,19.590264301750004,16.8982212432603,45
8347,121.0,0.5809952100434423,5.820019355301676,19.59085719971543,11.453427340555285,45
8348,180.0,7.454868679260568,9.685118957177506,19.590865083245454,13.282891128074162,45
8349,8.0,5.313420266440676,5.350004215901524,19.591198095430354,16.15728078048494,45
8350,64.0,7.303676237201681,8.200621307505886,19.591204528308683,19.099950678084838,45
8351,116.0,1.927090827481892,1.4990600634372686,19.591447314959748,9.538051199418184,45
8352,113.0,7.744074148073729,5.806600372246651,19.591480070850576,8.774800073771539,45
8353,26.0,2.063773833046799,3.5552992525778357,19.591594108095023,18.469865371489796,45
8354,14.0,3.9189491127140808,8.491036370122236,19.592081466969038,15.913822520299366,45
8355,111.0,6.9863432711806395,8.87064698665149,19.592194195041166,9.111636134312594,45
8356,68.0,4.8592438886333085,1.14799997746596,19.592623899462357,13.873501078389733,45
8357,50.0,5.092934241095391,9.519661422997514,19.59414455915644,9.852464082173558,45
8358,27.0,3.4139514275675076,3.3871184681744895,19.5941500475451,18.99644604257105,45
8359,181.0,2.9098654007921523,1.3367611204755492,19.596579094334654,17.978868453685116,45
8360,69.0,9.65361381571894,8.862938488470068,19.596614963424635,18.002912038907336,45
8361,199.0,0.3449392384069483,3.5425144084689864,19.5971524118945,5.0,45
8362,125.0,4.340896266230496,0.8780428686101716,19.597152913542878,17.011758654206087,45
8363,2.0,1.4525607653605332,7.737102469018849,19.59740001624182,10.961303811599933,45
8364,72.0,9.233334884893393,2.2654465096020338,19.59830921377702,7.075239275517312,45
8365,57.0,1.2528094373052834,6.879391632036949,19.598465993633226,20.0,45
8366,24.0,3.367432964349031,2.4260439541415604,19.59964671860118,19.888268921469795,45
8367,6.0,6.358862933633169,3.7813248023025547,19.59990007066642,10.341835206220935,45
8368,163.0,8.613532238862767,8.207444809617675,19.600483880534874,14.772068003436486,45
8369,8.0,8.980196876634592,4.253563891773961,19.60080491501187,9.582900224670155,45
8370,1.0,8.442678754050394,8.673581145077726,19.600881184922414,10.338685539554998,45
8371,173.0,1.8974774316514076,8.024718521208609,19.60202705066176,7.4365366721770405,45
8372,187.0,3.7848842446338216,0.24934670847927887,19.602269673188175,19.942676451708543,45
8373,56.0,8.228042916714854,1.933325502790163,19.602476172202948,19.590817448789174,45
8374,56.0,6.296653866446176,6.9830689993031205,19.602810567197952,19.628686204505254,45
8375,85.0,7.135389964198687,5.984939543937142,19.60321663293975,11.56826005887085,45
8376,167.0,8.908583910564044,5.078259172248426,19.60374688906004,8.968805278621652,45
8377,10.0,1.5808034594379727,9.73710207084076,19.60425854828088,11.666103406749247,45
8378,42.0,7.537824124337613,9.273436461618486,19.604327843879155,10.030487106525316,45
8379,165.0,8.458475957005012,6.875574174795215,19.605567114486842,16.467947115790633,45
8380,14.0,4.5742291992315876,2.085771408356184,19.60580220754236,19.302658921474617,45
8381,131.0,2.0717315468137034,8.40844856615061,19.606115749548255,12.930468208779644,45
8382,114.0,7.552305426541697,0.6340506973021265,19.606140483609668,9.32149561839867,45
8383,163.0,7.382596506739951,9.069167583434798,19.60675923809068,14.9474706215121,45
8384,96.0,6.704719315999876,5.718619616104786,19.608129228761797,10.680636043977016,45
8385,75.0,2.898325974586604,1.2876848082419023,19.6092362455585,8.38630785213602,45
8386,93.0,3.730471813469797,4.1116841843652265,19.609400960486713,15.189447003407516,45
8387,46.0,8.242809378802828,6.430114565758923,19.609632255742294,17.77680312028059,45
8388,132.0,7.903481762606229,4.540917540655828,19.60971393612199,10.680335150471722,45
8389,83.0,5.412374594088019,2.756600911247199,19.609918917302526,16.42016663516635,45
8390,152.0,4.558118002492961,9.561826024409399,19.61026604550868,10.549584410117655,45
8391,156.0,4.30500115000431,5.373783510229487,19.611499787208622,13.058961831867435,45
8392,146.0,2.233260796552874,2.040569521491964,19.611577177213817,10.334638968752216,45
8393,132.0,5.463973774740333,9.303774140568255,19.611820047710495,13.779476323493206,45
8394,52.0,2.53008568944015,3.4716285092224264,19.61184890439452,12.851087691944459,45
8395,50.0,0.8076200286754343,4.4592226039891125,19.61269006402627,9.990705057878701,45
8396,89.0,4.167366854899469,9.833701184296212,19.613119112094267,13.082170131508299,45
8397,133.0,3.7782089279144526,4.101872091739295,19.613559274978158,8.700131144060936,45
8398,90.0,4.312771073812297,0.0038515074738565414,19.6139688061019,6.972790781172712,45
8399,168.0,1.3723207144877203,2.2696771974449503,19.614018260707294,13.656434162521691,45
8400,79.0,9.991035417928359,4.983884424087633,19.616035782718956,15.452368961146833,45
8401,41.0,2.904653944810641,7.7921522401838414,19.61646699850551,17.334291268028057,45
8402,82.0,1.8279392545041917,0.19129694944508002,19.616810430966023,13.894877703801868,45
8403,184.0,6.111974539064136,8.238209985785085,19.61743633388857,8.668245972226522,45
8404,97.0,3.2641611218455657,7.245276910928553,19.618473528628904,16.65104410460252,45
8405,151.0,8.20255936964339,9.675787211920037,19.618507264067734,15.298660293300436,45
8406,88.0,5.990306572762557,5.076491513149191,19.619268119356516,15.310389078769594,45
8407,59.0,2.910661299704235,0.8760162345439226,19.619433831784402,10.145149071250358,45
8408,56.0,4.6368589870270185,2.1299754657713965,19.619755289162693,17.201838104178012,45
8409,75.0,1.0313117560313279,8.24441393598448,19.620211518295662,10.558823667972078,45
8410,199.0,4.606717049308457,4.23348622123391,19.620871993545492,6.515493612091049,45
8411,1.0,9.598208833586577,0.1221289356019406,19.6209670518006,12.491330454611651,45
8412,104.0,3.1295166636703176,8.11973928619058,19.624459243394423,6.383065212199815,45
8413,108.0,7.699226013479671,2.135348621032848,19.624490888691888,6.384287169314893,45
8414,44.0,1.5034184334860867,9.616864267287466,19.62556669753105,17.555394294991075,45
8415,63.0,6.2331238939200215,4.078002627897997,19.626137194293666,19.43974290197115,45
8416,115.0,1.6670451396561192,2.470553615794644,19.62634085151188,10.407590109059232,45
8417,127.0,8.929860379160289,2.0395420799699693,19.62699015082137,8.352977328517074,45
8418,147.0,3.2018812606529403,1.0645550047758645,19.627194304921744,9.741796406570053,45
8419,129.0,7.972050863833723,7.573505907525037,19.628326611789735,15.322241770702282,45
8420,77.0,1.3041435560105752,5.849939010499346,19.628995587034183,9.383099898126488,45
8421,183.0,1.0326025238440684,5.2407769395353645,19.62917946413721,17.03118052830819,45
8422,117.0,8.130223897770763,9.103442526078464,19.629420945777923,10.030927589084545,45
8423,65.0,8.530351051327116,2.57964339761367,19.629517784048446,14.825328223719334,45
8424,125.0,6.880557502201411,6.46724277202524,19.630706803715025,17.871049226897785,45
8425,64.0,5.791185755754538,8.277910346590275,19.631676352930484,16.133987464916668,45
8426,127.0,3.27192863705402,6.142730371821743,19.63168711954262,8.838726255687694,45
8427,28.0,1.6935960445934006,4.077399619712438,19.63214995247103,13.931818176563239,45
8428,3.0,2.64395740915249,8.324007167132816,19.63318805754446,10.694809115832014,45
8429,153.0,2.9037413164822667,9.375710509067748,19.63338796051083,7.314303827247564,45
8430,34.0,2.1266826764716065,8.039890676461557,19.633996531002488,14.874893512212946,45
8431,86.0,2.4370835207340527,9.470964611851777,19.63490968479782,6.819218079478008,45
8432,142.0,6.850762081950064,3.1339286920463905,19.635111315081584,14.878612433364953,45
8433,40.0,7.069351644144125,2.0283575686403923,19.6355956133028,7.276273862349723,45
8434,31.0,4.7176285869106085,5.459893952048097,19.635775615709246,9.787893763394983,45
8435,72.0,1.7190014420625899,1.1024758199592355,19.635864885482544,8.648724191855475,45
8436,180.0,8.407944493281523,0.5802479639607439,19.6362325875924,13.027099378312963,45
8437,87.0,4.931319281647154,7.242000521738615,19.637134910567625,17.817627581910774,45
8438,70.0,6.716086730332846,7.907154422951374,19.638304836518806,5.467175819140633,45
8439,171.0,3.7573324413812106,9.067066814983878,19.638596336926405,10.005709346238493,45
8440,41.0,1.3817097915278864,4.401854812313855,19.639108860147424,16.206042479731423,45
8441,174.0,4.391163914136165,9.61877346073501,19.63982160853768,15.259886327137455,45
8442,116.0,7.086856466899767,7.7715341438071,19.642167310598786,10.135197076102669,45
8443,23.0,5.318965818764018,0.2811634664703111,19.642217301219212,15.76210080934364,45
8444,198.0,4.576283725927269,1.6275438043427126,19.643621765844323,14.152906710461398,45
8445,33.0,7.161858210888888,3.4995090334970613,19.644465088199407,7.0174908290806925,45
8446,40.0,8.284119377503606,3.3441391421649125,19.645128338565755,5.434492474715919,45
8447,71.0,2.5620355141588833,2.964672076308842,19.645288610370628,12.861725598671695,45
8448,71.0,9.036945653903292,5.115432864583649,19.645412542311163,10.62706426690468,45
8449,33.0,0.17826773835220244,6.67403172253234,19.645647647207678,5.0,45
8450,85.0,3.6016075486787456,4.066242808789004,19.645935179264082,11.703179131146284,45
8451,84.0,2.103736017240853,4.709396813520473,19.646076829605903,9.436963289988482,45
8452,85.0,1.070852796444246,8.704160807688222,19.646420574179295,7.432669616959245,45
8453,134.0,8.742955068172375,4.269280532308617,19.64772375281077,5.772456604075469,45
8454,82.0,1.9765409635347408,0.37005276174232327,19.64916210680233,12.464372407531435,45
8455,57.0,6.776001404930987,2.1900446633000072,19.650010815529093,19.845491596607758,45
8456,142.0,0.2067248026794255,7.314795418875466,19.651668646536404,17.788725086790553,45
8457,17.0,9.412098088765433,3.0662268969554396,19.651863297209452,16.83695482724723,45
8458,115.0,9.39324531667214,1.4822846639773524,19.653283861485114,13.830763446857862,45
8459,142.0,8.572774308725823,6.862997045419666,19.654391148917487,14.524887685610205,45
8460,79.0,1.2013963232679603,5.6802186560484325,19.65450161214755,18.090470997217057,45
8461,184.0,3.7986767045714274,4.690680934640938,19.656559416323923,6.064474209826847,45
8462,162.0,7.9139932391410355,0.376348242211374,19.65671180489717,15.454806578469436,45
8463,53.0,5.656119034822671,6.3892092171398565,19.65703746387634,12.71467609559287,45
8464,160.0,7.297286158422192,2.1942126294552167,19.657993807557666,9.84649705759155,45
8465,159.0,4.516887412065753,1.630008917591964,19.6591201398765,10.015245965667008,45
8466,90.0,3.4644859643504775,7.27808110866138,19.659782302169372,8.429270102670177,45
8467,193.0,3.076329849446261,6.148412084097864,19.65985667271907,15.46431167125277,45
8468,148.0,6.012650558396283,4.950716936955374,19.660135588980683,6.28687953103194,45
8469,101.0,9.37070856872009,3.723341823630195,19.66086592993723,19.581214211906676,45
8470,109.0,4.948256148845628,2.697731698428999,19.661069960750282,12.73263403930472,45
8471,110.0,6.354708053515818,2.804646885957942,19.661402215794133,15.923677655540565,45
8472,95.0,3.0591877406921544,8.811228333849227,19.66144029784852,8.949920164821496,45
8473,58.0,6.955422155038294,3.83701283040227,19.66177093786842,6.819185493056259,45
8474,50.0,4.090228908706922,4.298661113729389,19.66436195683447,8.60618193600979,45
8475,90.0,7.204680545324582,4.1255513086136855,19.664997407531978,11.894444238994183,45
8476,50.0,7.126243822020026,7.22449015341275,19.66578031974292,7.618851260731051,45
8477,37.0,0.542659222079378,9.551798093458018,19.666310962912682,15.29785967607662,45
8478,199.0,3.044777518121846,8.60778984239383,19.666451656978175,8.64666081577527,45
8479,66.0,4.7329211689429505,2.56328338050283,19.667014922236017,11.976510358956237,45
8480,184.0,7.836041565888613,1.3840239653474506,19.66722662524286,6.560433202143182,45
8481,79.0,7.056230130252256,3.03200906127448,19.667296082043396,13.432520909674714,45
8482,153.0,2.4397411045819117,2.372634484305469,19.667458219025093,9.603066085279323,45
8483,167.0,4.818896976856042,1.227293913629176,19.66810454851245,7.3674937289449005,45
8484,148.0,8.72215465201505,9.678264026916077,19.668201767822204,5.0,45
8485,69.0,6.808868218671952,1.6729878419097766,19.669167019519975,20.0,45
8486,120.0,3.560720757020932,0.3248379332748963,19.669419904221016,16.78648782067717,45
8487,56.0,7.050137755914899,6.515654068616409,19.669514391498815,17.257022184462667,45
8488,51.0,2.784364942871874,0.7333529452097076,19.669811952998682,7.575025409119846,45
8489,119.0,3.3045062327494934,2.3415773015344787,19.670646733540973,11.725267944446236,45
8490,177.0,9.509511320659,1.5166882192879128,19.670696842731466,15.404053883589848,45
8491,26.0,6.985507603663812,5.123210307883389,19.671663103039272,20.0,45
8492,192.0,0.5469392971792919,5.407938306980272,19.671746810411005,7.829844670483479,45
8493,58.0,1.9931919603536985,7.808175527194699,19.671791067660397,7.972723266184068,45
8494,67.0,4.29825759918407,2.113692201135766,19.672140525861813,7.813394942391435,45
8495,170.0,5.525260234661343,3.2409458787460013,19.672299981107464,11.887742994282622,45
8496,61.0,2.700446522888705,1.593894309388344,19.67234472140295,18.513466472598843,45
8497,33.0,1.215116297476564,2.766554972991874,19.672473400458628,9.340689788123573,45
8498,43.0,0.6378207402215896,0.15366717118317164,19.673282376943074,16.919192016575987,45
8499,119.0,9.958767933182523,3.9047854757223766,19.6737755683965,14.481199861339316,45
8500,62.0,2.859714618958903,1.1919445746468227,19.67435057204549,11.409809498649603,45
8501,37.0,3.644376628796916,3.671073288223635,19.674359340035437,13.825605987962511,45
8502,21.0,6.392814780621519,6.89749291204288,19.67495379503119,10.102356868950853,45
8503,164.0,8.681179657814234,1.651487620435077,19.67507855451298,16.61823862020517,45
8504,103.0,7.857370213633692,3.8385447191404367,19.675431693301718,9.483223314634788,45
8505,105.0,2.782730251425689,4.41690993831336,19.6755419428899,16.31910108371324,45
8506,178.0,8.337668675120632,7.29909044460154,19.676163643512073,15.888044296326001,45
8507,152.0,7.949561701029863,1.0431247699207524,19.67683383095889,15.858730603404434,45
8508,121.0,7.929925807110724,6.388915256604216,19.676889451506913,10.208943860224682,45
8509,133.0,1.2666304173696585,1.7584456884133959,19.67700008822549,7.017267238027117,45
8510,73.0,3.663208778596323,3.3005675795665024,19.67795135326294,7.858894455580483,45
8511,42.0,1.4109664555828905,0.7109920366871958,19.678655471491226,11.159294249260007,45
8512,10.0,8.311897763189998,6.411177666503375,19.67947156283022,12.06122530603558,45
8513,57.0,6.3354939466068405,4.396711829413228,19.680230257162954,17.94274544866595,45
8514,199.0,8.43440954355692,2.26942408493243,19.681090765469513,10.886976836872464,45
8515,29.0,3.975248123775045,1.9987990548538959,19.681282835785208,9.00130286738094,45
8516,196.0,3.438912386899231,7.020171231334525,19.68138054823094,9.47375375905027,45
8517,152.0,2.454615719244655,9.473844795894381,19.682286659873263,17.226630525040537,45
8518,193.0,5.408366469507564,9.832076925182196,19.682416521074103,11.250866016199812,45
8519,189.0,8.224384840641797,7.52980584926952,19.682456719226554,6.240620835859543,45
8520,155.0,1.0276235653389898,6.4431209644842715,19.68279217503627,6.1331663804413035,45
8521,135.0,4.875096430029928,5.027384110576643,19.683728835957165,6.734962331315986,45
8522,85.0,1.793720736693496,9.943445316015028,19.684163627990607,8.737832141115021,45
8523,90.0,3.669336836362681,5.380225967947263,19.684275013706017,11.530826632121848,45
8524,151.0,9.205046007960924,1.3267342329193454,19.684586363884392,13.125573470471316,45
8525,150.0,2.1385423090504796,7.065243897190161,19.684949875104785,9.419316995231117,45
8526,126.0,2.650993282668075,9.632446998322369,19.685437290229753,8.080712049463646,45
8527,169.0,2.454868710515105,4.934057113294946,19.68623881740675,16.66318212403528,45
8528,71.0,7.23687885052679,4.747137979232299,19.6880460486377,11.417491381041154,45
8529,183.0,1.8415246345686054,3.150246161467829,19.688752364079416,20.0,45
8530,9.0,3.1651396717253286,9.919748998803327,19.689163021801136,7.109996195513984,45
8531,28.0,1.600788618887652,5.990397233205544,19.689443919588523,8.58374656571283,45
8532,28.0,5.452200411554955,0.6782638749739256,19.689825223480163,13.052957292985091,45
8533,99.0,3.925250305187631,7.141688027388618,19.69043506477592,20.0,45
8534,114.0,4.4821247122267245,6.750213412577285,19.690839268098692,6.053119421545592,45
8535,152.0,6.976729099475202,7.710753609272273,19.692613839777756,15.967581049971395,45
8536,17.0,8.447535865839669,3.4678836827095227,19.69276335499034,20.0,45
8537,51.0,9.379726848214853,5.620707733352569,19.694387748207774,7.114083142646559,45
8538,10.0,8.15914276701115,7.574606313018384,19.694720283214057,11.497634829514539,45
8539,161.0,4.0616286666852295,9.49952899021263,19.695540769165127,8.251426755535467,45
8540,196.0,9.529672578871047,8.155077538260503,19.695684232242712,9.435624115358069,45
8541,139.0,0.8304607880759673,9.463320595422402,19.69573418936968,18.780294130567597,45
8542,15.0,6.830051930835131,1.1416645769898248,19.69681380539227,9.17562154528264,45
8543,80.0,1.6892988361411942,5.577804779272352,19.69695138826996,17.590928344097158,45
8544,180.0,2.204549384623562,2.9156390296344146,19.697933830823235,12.390020287940787,45
8545,174.0,5.390579945599829,0.9893358060973634,19.69801896626531,14.029735243734303,45
8546,67.0,5.072937010161392,2.7498123184138046,19.700293869976885,6.081454491863329,45
8547,143.0,8.725583128828067,8.794605626460463,19.700589174873393,18.712204301702318,45
8548,188.0,3.298606103395212,6.639883913045754,19.701920085870253,15.27105889435618,45
8549,174.0,3.578142229459027,9.722863942028088,19.702475115121388,13.048263617031159,45
8550,109.0,2.1280137268677137,6.347916644837561,19.702846409768682,16.672913469196203,45
8551,167.0,9.90959021270002,9.352856168003992,19.70329638291348,8.546411269560565,45
8552,98.0,5.4575693215336845,8.215381440860678,19.703567526917503,7.449639609882622,45
8553,157.0,6.753874998082392,4.6514398109698725,19.70467112139071,8.406479570808676,45
8554,104.0,7.08885349061282,7.9917932039286335,19.704953042783018,10.923915279424428,45
8555,85.0,6.884273616029505,7.274155503145333,19.705199569477053,12.06000262509246,45
8556,179.0,6.418695689776273,6.375903354192637,19.705479814762462,16.553657852591687,45
8557,121.0,4.9647020440368514,7.665936481326563,19.705888925080043,5.98654533751038,45
8558,92.0,9.563761828959708,0.13161824336586747,19.706911553077312,9.836393067869427,45
8559,116.0,9.26914334232482,9.162486591937038,19.707227448676136,10.205668046105496,45
8560,123.0,0.36363685887511155,1.9550802305620674,19.709035789640133,14.886525624273382,45
8561,13.0,9.536830070906005,3.294990439220503,19.709190756015385,13.025428334702656,45
8562,199.0,6.175752302443382,4.356804961353621,19.709526704297062,7.855752942256842,45
8563,155.0,7.965274724225671,0.589125620155001,19.709965659373314,5.054250739133298,45
8564,176.0,5.866948342507751,1.1323109235427087,19.709979711692764,18.56491633668219,45
8565,184.0,3.6108818745949387,3.6431870087441434,19.710337643880894,5.531550671512724,45
8566,43.0,8.589616808013654,7.6294349968464035,19.71189277942315,15.860410783845207,45
8567,9.0,3.6520119780266835,2.1941711445300593,19.712113944864427,8.506849491269799,45
8568,66.0,7.022855902190495,3.7789113831965224,19.712639980468364,5.7328269758984955,45
8569,4.0,0.013793388740429569,6.7967562912568615,19.712887588266273,19.59864817412378,45
8570,38.0,0.28091706064487965,9.442315656308551,19.71299000832221,16.32506981157026,45
8571,196.0,0.5872791632400465,0.5643034317056206,19.713129861553778,7.573915109124141,45
8572,125.0,9.22427390131957,2.081079844132855,19.71327547271456,15.005226454505289,45
8573,14.0,1.040538040499429,0.011848857714963357,19.713559202871934,18.779315156070147,45
8574,14.0,4.2175843907668735,6.612228657110723,19.713743009466018,16.16839871651637,45
8575,109.0,2.626233620105458,5.019802169054181,19.71454100698272,12.210298996616016,45
8576,80.0,9.932261262332709,4.184981576566509,19.714702149699246,20.0,45
8577,93.0,1.6844818045496324,4.368932942413118,19.716895484262174,18.006225765037136,45
8578,147.0,3.590708063402598,7.048167327258035,19.717244846767148,16.759177724481106,45
8579,119.0,7.259817354813139,0.46765914898764804,19.717579952485178,9.345661761331662,45
8580,105.0,4.742286700121506,6.405000623230723,19.72006244067926,14.350241852088823,45
8581,188.0,7.88595994050932,2.7073215901114454,19.721505132626284,15.630180104093606,45
8582,126.0,0.17737880780060333,3.7983944707024464,19.72190959035268,10.817005915477955,45
8583,54.0,1.0017034891977694,8.942651529793528,19.72211626977284,10.699906696158418,45
8584,38.0,6.158467923105602,2.3408425890382736,19.722269143259336,14.431541663543298,45
8585,165.0,0.3162856085747834,8.712275302445262,19.72259305500052,17.755008150075735,45
8586,66.0,9.189809798910773,2.03303178513101,19.72316759383147,6.17205855816536,45
8587,65.0,6.414044988007596,9.547220604357406,19.72355233235615,13.923796264421062,45
8588,120.0,5.5094545743143755,8.381291353779035,19.72399009091003,18.47676928582341,45
8589,103.0,7.148596011684303,6.048136933941096,19.724372797113247,9.389184865792066,45
8590,17.0,4.688154453216259,7.051937781925801,19.72461752740761,16.34813383491462,45
8591,197.0,6.546667581810768,6.448760841685469,19.72512842877782,15.571095635057763,45
8592,45.0,2.8945997139316804,5.417761689142617,19.725239027387502,12.128935772663946,45
8593,197.0,6.10370017791205,6.045279903815485,19.726361787481725,16.84014798388784,45
8594,26.0,7.017648196579092,8.330275397682946,19.726557468456868,20.0,45
8595,58.0,4.743679266661635,3.5954109928131714,19.727048132931678,7.1814114121323085,45
8596,68.0,6.612747666716123,9.317432337007357,19.727413260127143,16.729563736635942,45
8597,32.0,2.991447435729037,5.920855838326899,19.72780324316189,17.720338699006003,45
8598,181.0,1.5011888142397833,5.383630974576756,19.728231135835195,20.0,45
8599,97.0,6.48238432047243,3.168855528783856,19.72993736034725,19.908245327350166,45
8600,93.0,0.2573442139700399,9.15504609389127,19.73059998302883,13.921191870817221,45
8601,77.0,8.095901342329027,0.9070406460190039,19.731669172229722,12.578849277641202,45
8602,126.0,0.5568854021525327,5.167593528117614,19.732173252219532,10.59475598793694,45
8603,109.0,4.4728158482259674,1.4756596290740254,19.73294536708611,14.044565607984778,45
8604,3.0,7.716372286090993,5.115718989704052,19.7330469544031,13.438011541234715,45
8605,102.0,0.8427093578997025,7.738437063094516,19.733272482401915,13.866925688421084,45
8606,54.0,5.535436194847966,6.121016773303012,19.733357594785545,15.252272131168437,45
8607,9.0,6.240222344197787,2.961998672332654,19.733809254374243,7.532509987161698,45
8608,169.0,8.176821338285166,9.050478797143198,19.73403216690957,14.758801672281505,45
8609,92.0,9.961723274321523,6.935946804963083,19.73630818903287,9.093051903615539,45
8610,187.0,6.45294596802913,4.58288924957502,19.737535203970623,15.453887801814211,45
8611,145.0,6.851512363098809,1.8477204307785577,19.73863516813384,11.804623448343719,45
8612,58.0,2.6723296851403413,6.963430619598679,19.738704288748714,11.853209899505927,45
8613,13.0,3.500219182503809,2.059457910050133,19.7393523158645,16.19068242649145,45
8614,50.0,2.207642630632287,5.437846772060265,19.739901124721463,10.094140935573234,45
8615,123.0,7.7990973881372,5.375948845910702,19.740563172650006,15.473746956049629,45
8616,169.0,0.043582911979055394,4.488632303298128,19.741757283349344,16.22135470063622,45
8617,92.0,8.070678382651252,5.634029990280095,19.74196452995762,7.980708066884491,45
8618,94.0,0.41048087576886383,8.835351967971532,19.7424740562369,12.499749466984657,45
8619,190.0,2.5182179967350358,1.4902676238692691,19.7426757228198,18.432063697298734,45
8620,155.0,1.8741489791886046,8.747196541775766,19.742909379518856,6.479441250922187,45
8621,168.0,5.214896464470577,1.9138606133035019,19.74347307689569,16.060775740671033,45
8622,21.0,6.12776656511185,5.324274465928306,19.744770409475798,10.586046480421317,45
8623,169.0,1.7210345767988011,5.032045854835231,19.744931332104148,12.97442146952033,45
8624,57.0,5.788041994583298,7.594874322625324,19.745220738606655,18.032961401170223,45
8625,147.0,7.30843031657863,5.248233380639662,19.7452863464716,15.256949311186776,45
8626,134.0,4.950570363394574,5.450642220769874,19.745955328142635,7.249712325997211,45
8627,34.0,2.7950338590276136,7.24609334156487,19.746155047513017,15.860538378017864,45
8628,81.0,3.8991052878497126,5.515304745074339,19.746992148789396,18.815599811262203,45
8629,193.0,0.23211575585947108,9.048335913507659,19.747097451884102,12.60304904261134,45
8630,3.0,5.4359073029096905,8.582438277648185,19.74734039997003,14.240436519973024,45
8631,122.0,2.5080213703069543,2.711750464070372,19.747552665081773,13.786296306560187,45
8632,61.0,6.098409711627365,6.186618461496694,19.748260529204785,14.268953039563074,45
8633,23.0,9.888363852803254,9.395598981220157,19.748476689908365,17.524227062137633,45
8634,67.0,6.442750662967254,6.74169557509231,19.748688690233813,5.0,45
8635,182.0,2.208948016657899,7.445398349990224,19.749890680974655,14.886558843969182,45
8636,45.0,4.014958219840957,5.321939666567572,19.750145434337156,8.435103154216332,45
8637,53.0,5.359034329848832,6.121822202225895,19.750843272845138,13.031821119711728,45
8638,19.0,1.5950000152298471,6.330818997053016,19.75135166905806,12.458237255983958,45
8639,193.0,2.859164496376226,8.322040844004803,19.75223208836502,12.090170375376605,45
8640,63.0,8.409821843246917,7.84904746180449,19.752939581968377,20.0,45
8641,15.0,8.382653731986498,3.982330201377268,19.75351133021965,7.119751512098421,45
8642,80.0,8.141146978326558,9.283238497163202,19.753817504006257,18.166964282721285,45
8643,130.0,0.653271460548206,1.0030154663346436,19.75388073602794,11.070525538825066,45
8644,199.0,5.798460254064245,5.635739014621178,19.755192188612664,5.0,45
8645,35.0,8.087842064259485,3.9858111604642534,19.756036046581116,7.0902272179885335,45
8646,24.0,3.7851192174524217,8.436810938562205,19.756135686963585,16.30743123116187,45
8647,183.0,9.256227276073368,2.137314883757082,19.75687981018866,20.0,45
8648,141.0,9.047694427270471,7.356521548434937,19.75732322164933,11.498295221887169,45
8649,29.0,4.063231970695229,6.507654679068904,19.75741350362776,8.048791364060135,45
8650,108.0,3.9794398097011294,3.7919470484102358,19.757645227322136,8.008880116235524,45
8651,168.0,1.3372061844053251,3.896642807615139,19.757720683592037,15.774396729198166,45
8652,193.0,2.3790071582010586,7.243712653246773,19.75837807224518,13.867252558764411,45
8653,24.0,1.6076156472065317,5.632470198240976,19.75860168274781,16.132665228425783,45
8654,81.0,3.409415444782651,7.070871706893623,19.7587508340794,18.34672253084916,45
8655,86.0,5.371557625439296,1.9355416529626113,19.759037888140245,5.0,45
8656,189.0,0.0825566637134445,1.5022919750340435,19.759059413462786,6.211379585121961,45
8657,108.0,7.52337188109945,0.38128875615630053,19.759443477900362,12.00033509787674,45
8658,93.0,0.8535815829770299,0.9607679392907542,19.759942371204364,15.825612118316192,45
8659,166.0,1.4300169248769845,3.5694358650058087,19.760433999675147,17.92840888003429,45
8660,63.0,0.47912052200860256,1.5603368003298568,19.76063686862532,18.794071178319903,45
8661,9.0,4.2573382070530865,2.9192237122797393,19.76071959920735,8.624367886430457,45
8662,32.0,8.249984502455183,5.611303043182677,19.761026997168173,20.0,45
8663,106.0,1.8024173247014752,0.014039465295745401,19.7611067278278,10.086694485009781,45
8664,162.0,3.7771732831806504,9.754026350296847,19.76121378789117,15.4847328375934,45
8665,102.0,2.328467814137479,6.785380048595595,19.761454858941413,11.802775551862993,45
8666,192.0,6.84482770703669,2.943081499527662,19.763338184153405,7.846813224527244,45
8667,197.0,0.7635084213446741,9.529848392945501,19.76338871176863,17.887859938336554,45
8668,80.0,7.10043500895691,8.03204667034917,19.76386984034871,18.432011994179433,45
8669,46.0,0.42775437915374526,9.197980996247527,19.76440175867002,16.75998981714472,45
8670,76.0,2.265070088382136,3.3365986610016583,19.764523249087695,9.882555625584178,45
8671,38.0,1.6745646947605453,9.04331088007096,19.764897794462787,14.511363380970252,45
8672,158.0,4.249750936649318,3.9936052911357844,19.76690928141771,20.0,45
8673,107.0,1.706786800543738,0.6288139752480404,19.767108134594412,6.671277841287969,45
8674,101.0,6.606664898216713,6.52693015163167,19.767312890285034,11.30133614569927,45
8675,74.0,8.23523740170793,4.0530731501412385,19.768325335630855,20.0,45
8676,22.0,8.572724129819447,1.244127243563189,19.768491835722948,6.685610691990194,45
8677,109.0,3.5180521214714555,0.8771699544953038,19.769810190809622,11.029204646959535,45
8678,158.0,9.414522363879652,5.5233961845138,19.77084696922369,15.615684822773165,45
8679,64.0,3.372683877001952,4.404700431552788,19.77118625242378,19.346407080887417,45
8680,176.0,2.7615486577045223,3.0963951925198376,19.77153423217063,17.350762719655805,45
8681,65.0,2.6644210079889765,3.478914643736166,19.771611804059052,17.14669662182445,45
8682,194.0,8.907066078315099,0.3578921278122327,19.773144817474368,5.003514108197512,45
8683,88.0,9.25684508011927,8.959202792059642,19.774041777941953,15.6213658054444,45
8684,137.0,2.2615011808108854,2.528509396753708,19.774539213489163,20.0,45
8685,4.0,8.329587127397645,3.842786530298473,19.77464544423996,20.0,45
8686,174.0,8.917579659017125,4.756635462883377,19.775853407128608,13.680732510924463,45
8687,65.0,8.27871982280426,6.5022329664156615,19.777222422566844,14.640592110817048,45
8688,128.0,9.749708958316228,3.6614218437499444,19.777506214058455,14.597413289073723,45
8689,170.0,3.8245153535587386,6.5895363501008655,19.777931936193745,14.421785697868463,45
8690,32.0,8.232944222219537,4.308774450769253,19.778404179585355,20.0,45
8691,72.0,9.474217066445613,4.714331604299799,19.778838063519594,10.548743987232502,45
8692,54.0,8.783346176787287,2.8146442563277208,19.779381036380826,11.93711675967317,45
8693,143.0,0.7285130824914898,4.790295294622964,19.77980037374249,20.0,45
8694,101.0,2.071433682052718,1.8652198578233636,19.78130912980751,16.662588450322307,45
8695,96.0,8.354296417917919,2.6941909957948686,19.781420613764414,7.667063377158117,45
8696,49.0,2.6176740986618583,6.082576135052347,19.781707806251656,15.124346540642465,45
8697,185.0,3.1421938401848237,8.460153413768257,19.782476530787797,5.202000936030521,45
8698,77.0,8.766101378732111,7.199241447494895,19.78325309767384,8.663971468507041,45
8699,94.0,0.43301837158196466,3.776348160226565,19.783514446670516,11.057096152032338,45
8700,154.0,3.5083648856081373,4.035027464927633,19.784255486266737,7.684655307269204,45
8701,3.0,7.8789304763633785,3.3565200113679405,19.78434404165416,12.581057443955743,45
8702,136.0,2.2132149146456204,8.716798968258404,19.785666846774102,17.688720085067082,45
8703,176.0,8.061541933669067,7.094569546122117,19.785924678891302,17.850839092388643,45
8704,64.0,7.73117467772554,1.4835551942778102,19.78699768282346,17.710608167194945,45
8705,27.0,9.646493125113704,1.322156580011259,19.787058455995037,19.426493349139122,45
8706,35.0,4.781849919927957,2.8920954251691535,19.78832052693359,8.425852041353831,45
8707,65.0,2.1027672890714557,8.97191177215671,19.788511240024874,17.300919123613802,45
8708,156.0,4.808493031115713,5.285897321342759,19.789379200853332,20.0,45
8709,178.0,4.440092614240725,2.951468550824913,19.789552908053665,14.857390275717687,45
8710,162.0,9.43080982764972,9.520232603210015,19.79001747562982,15.031179441498209,45
8711,12.0,6.139249466556298,7.062920482543592,19.790070054132322,16.775460364745882,45
8712,78.0,2.753867689183397,2.602365191337052,19.79012225276808,5.0,45
8713,123.0,5.711531664831197,3.4242604352142267,19.790263068948285,20.0,45
8714,66.0,2.4927340806025624,0.6295514386099421,19.790641768686413,6.37354934603427,45
8715,170.0,4.3468049505236115,2.47839057821024,19.79109002367091,12.224633417458726,45
8716,179.0,6.083458679415456,1.1662078823720046,19.791099892263716,16.006018421810715,45
8717,61.0,8.996493305124071,0.32016697395907845,19.792948508120215,20.0,45
8718,100.0,1.8002968611015346,0.6119556931988768,19.793097427066726,16.913706535866957,45
8719,10.0,0.4301045294637029,1.0266935981814829,19.793108234971136,9.253478903600888,45
8720,192.0,2.1238554020423415,7.986120700441869,19.793135375447164,10.685007626753308,45
8721,120.0,3.0624646386288745,8.955616796978232,19.79384468659034,11.688988775873543,45
8722,187.0,8.631378330253245,5.549988113902568,19.79456985437216,19.745087592993126,45
8723,12.0,2.6644575631520437,4.84437010695498,19.79601278674099,17.135172204197783,45
8724,171.0,1.1188027821522117,7.041880091261081,19.79692941958037,11.451022546172382,45
8725,116.0,9.848912815755186,8.77668011476941,19.79696108955397,10.716240139233964,45
8726,50.0,4.966807653030387,8.189274849357018,19.7973591454886,9.000983041718143,45
8727,33.0,2.553173570086833,7.376135256258847,19.79827059284382,8.058121978594059,45
8728,28.0,4.724737925561557,8.935090073982888,19.79877635237591,13.769813280047227,45
8729,58.0,4.391807285352601,7.672041198280592,19.798907360311354,7.25518015303535,45
8730,94.0,9.734420083574875,1.1492854989290002,19.79944604910564,18.13658608806186,45
8731,125.0,6.753992050667693,1.965171010653961,19.79946839382766,19.694930496591024,45
8732,143.0,8.973896672374794,9.370385470093316,19.800127392237542,20.0,45
8733,98.0,9.204342319355872,7.552353909983031,19.800186105408617,7.483502419942715,45
8734,21.0,7.938623462255405,3.0854822473497356,19.800678430702533,5.0,45
8735,181.0,5.765261395033661,4.522472798427665,19.801083161434338,19.46166393732764,45
8736,55.0,3.4426501514984276,8.947973752133858,19.801349265094405,15.293859287905674,45
8737,173.0,6.506667368651153,7.689665350821126,19.80330398404025,9.895721547968023,45
8738,64.0,3.141971768764733,6.0703550803849415,19.80400580197157,19.75029685860797,45
8739,170.0,1.792556191827691,7.784277474218072,19.80529735212125,15.16109929183296,45
8740,136.0,5.478336371776191,1.5997110177489593,19.805691642724447,12.53083302035011,45
8741,112.0,1.684148625209625,0.48595035783959184,19.80570319873887,5.0,45
8742,15.0,5.009606039397657,7.564703305199963,19.808348840473414,9.588872020937263,45
8743,83.0,9.19148449382429,6.687717075702007,19.80856474511912,17.73760950833927,45
8744,145.0,3.8577903882257014,0.6606388616795444,19.808936185619714,10.145762639749226,45
8745,116.0,3.1698522955425004,0.03419253306862435,19.808949463229325,10.545099303429625,45
8746,141.0,1.37398557053385,3.3209362347302376,19.809318662525946,11.429516041819317,45
8747,150.0,5.575747660612978,7.882838256596386,19.809406732529375,15.091311378001969,45
8748,144.0,7.882121614380239,1.2104379793086784,19.809584134131534,15.563562166152767,45
8749,10.0,5.704680950711963,9.177899724441332,19.810025135005166,9.767116616731709,45
8750,146.0,7.092360710796437,9.28952672002766,19.81037326245406,14.6639841232894,45
8751,169.0,5.049874831423921,9.579264907507248,19.81078395453516,17.001769616002527,45
8752,32.0,0.8296833519911107,3.1582612563603565,19.81132637100692,20.0,45
8753,35.0,1.0413414544562793,2.6589112815607785,19.811783219027067,6.763087520331897,45
8754,130.0,0.024804071855365484,6.1316223567599,19.81301496687885,9.148774718354783,45
8755,114.0,8.651171817496778,8.770914359390812,19.813548171753027,5.815468669430119,45
8756,11.0,4.245879680921013,1.3021871679690833,19.814193443240224,20.0,45
8757,78.0,9.44280666612238,8.28402429959034,19.814730608650322,5.800254101732662,45
8758,56.0,8.12663484220488,2.1767652518303295,19.815751317105928,18.4296740428748,45
8759,22.0,4.263064692710641,9.047427349763678,19.815770199148183,12.87806666011324,45
8760,91.0,7.150871388174655,3.125540165452203,19.815944567197384,17.093112949890216,45
8761,97.0,9.291885193373636,4.37747555872659,19.81610042393023,20.0,45
8762,163.0,0.7847783717416168,3.078294909926853,19.816938032344,12.12315082668581,45
8763,159.0,8.822169342231337,3.3169940588307165,19.81701806031569,11.155485028960976,45
8764,197.0,2.4319623724327832,1.6811861058886035,19.81725001986098,15.512734967715918,45
8765,84.0,4.291376235611488,0.5612952364801715,19.817350561295093,10.292370719035272,45
8766,39.0,7.136874338704558,2.9228189585775164,19.817746973533616,5.0,45
8767,107.0,2.459735225672425,9.815733140204397,19.818104999446593,5.0,45
8768,123.0,6.106185292293707,8.91826015260855,19.81848002497897,13.774849562618684,45
8769,90.0,8.923130723923558,7.163200671506966,19.81910561242539,8.929449937765948,45
8770,138.0,3.1333889939650494,2.7037501448116186,19.819447330837857,7.599848753500448,45
8771,5.0,3.420939687542398,1.4110606859230923,19.81960611327258,7.126392148867813,45
8772,94.0,1.7975787359683204,0.7885217062942096,19.819693812103637,8.818915384675456,45
8773,123.0,1.3016325623062086,3.5967345145881255,19.820060027613643,13.960030020922769,45
8774,90.0,7.782532081609689,6.526387443949316,19.820831769973882,8.89986570987584,45
8775,14.0,9.938512919031721,2.9405550266631963,19.823895407491648,17.94864267408567,45
8776,48.0,3.33108155805009,4.626165345677496,19.824153045998102,18.913474083240196,45
8777,188.0,4.869335736481659,7.32396352261825,19.82482004889124,14.261957292171092,45
8778,126.0,1.6054232439230054,8.724187356905,19.824961724610297,11.900542605250092,45
8779,17.0,6.58728629173231,3.0740616030543566,19.82660909616442,20.0,45
8780,112.0,7.535922400382225,4.546055286798412,19.826827318169556,8.421135448126334,45
8781,146.0,0.657369845114214,4.978949193868317,19.826864198034738,11.62889238012204,45
8782,15.0,2.4392161368583674,2.147352662805495,19.826885362449516,10.127904531233384,45
8783,150.0,6.535102478538679,7.7422659459651735,19.827560416329717,15.5542359011035,45
8784,171.0,0.8368828206787293,7.012361094184765,19.828384250036475,9.991901451364598,45
8785,14.0,6.594603455604583,4.7277709418862734,19.828546955434486,16.457054784160487,45
8786,196.0,5.365025577064402,4.719672547955788,19.828906023251353,9.381473373300116,45
8787,17.0,7.81532134137408,2.1049375885822883,19.82950122091296,14.56510051502033,45
8788,31.0,1.4004458237053918,9.611687861756359,19.829935230002363,10.420348079571259,45
8789,138.0,5.309391706090359,0.47435308139569976,19.830810545229042,9.288332356812857,45
8790,191.0,9.006334398029658,3.766087387162539,19.83125233772318,14.034342746796932,45
8791,69.0,3.7630654219425477,8.324980358247812,19.831414589705652,15.260856567824586,45
8792,130.0,5.042407754310588,0.24594898751345684,19.832015488367425,11.656154824007675,45
8793,107.0,1.2241903394739695,8.413240330396853,19.833025924412706,6.4241523711214,45
8794,136.0,2.139810714334639,5.4095983822742655,19.833768660407465,14.202115710033059,45
8795,102.0,6.201243776976946,2.3397651244195616,19.834215024520855,10.812327410698453,45
8796,35.0,0.13094686776569775,2.2465208430410954,19.83427746515124,8.621469535539289,45
8797,128.0,0.2260587599211561,6.322786764574843,19.835314636789597,15.736931661184782,45
8798,17.0,2.1176440377294456,7.491270523420469,19.83590976359157,20.0,45
8799,28.0,2.91944079111907,2.000627440678253,19.837517730046706,13.120785134093651,45
8800,72.0,5.120660977655875,0.7973924471318639,19.83757365981673,7.294830001209414,45
8801,27.0,4.8983796981455265,0.3066941961759695,19.837624810108007,15.422580379161328,45
8802,106.0,3.29059481086424,0.45605398688094545,19.83790603748394,8.865561334278636,45
8803,110.0,1.9655978678155184,4.555590412468753,19.839004232544262,13.68441609703883,45
8804,11.0,4.312668580391855,1.6151423301034795,19.8393630088972,19.38559367834764,45
8805,95.0,8.55798270276466,2.3300081849282606,19.839757696989242,10.577939637455108,45
8806,120.0,4.442436871511238,8.327642378998565,19.84015154943227,18.709805192187765,45
8807,20.0,6.610517322471432,4.22337488326499,19.840668957446105,12.954854948436017,45
8808,75.0,8.329491896148372,6.072787122506597,19.842633300206455,10.701326508217692,45
8809,66.0,4.373144152664098,5.412906688120106,19.843322317223855,10.73094858176695,45
8810,168.0,2.4912499829036605,9.928252009811455,19.843471125243727,14.026536848081065,45
8811,183.0,6.966949957072695,3.117273009816357,19.843519249306837,16.76271722075481,45
8812,176.0,2.2575300580109783,5.20763626959886,19.8443361807499,17.68696771485139,45
8813,39.0,3.0569259060611254,3.38525382883627,19.845628196330242,7.238223166352637,45
8814,68.0,6.7857534447846115,2.0822838109862074,19.84571637591035,17.541728204645587,45
8815,129.0,3.539746289726434,5.907364437627764,19.845957335894262,14.351314920754321,45
8816,133.0,9.309793980999245,2.5382703308299783,19.845992537970865,8.002227860702588,45
8817,151.0,4.740365090878058,0.8631195101905875,19.84602170254348,13.99744644910476,45
8818,87.0,7.212294822436394,7.897170362284898,19.846135093103456,17.219161364628942,45
8819,138.0,4.976551584632251,5.7821396425006055,19.846413959260826,5.0,45
8820,87.0,1.132396155710379,1.1170005397138139,19.846625671068626,14.416770291075888,45
8821,11.0,0.04378977331455203,7.766806124530648,19.846706101233973,18.663745110330836,45
8822,166.0,7.382400010685095,2.708851022635428,19.84718509211904,16.108636904878075,45
8823,56.0,2.4069092339036713,0.9917456064087948,19.84754840581964,19.976067273288457,45
8824,28.0,8.206944686534394,2.6542967198469434,19.847873108431777,10.608704630068278,45
8825,4.0,6.1338014650362185,9.29998603425087,19.84789324342671,20.0,45
8826,149.0,4.014835501957706,0.36682394833778,19.848233938143736,7.964230288528792,45
8827,82.0,9.413398771449772,5.449978853713898,19.8483275342341,11.707554490717987,45
8828,95.0,5.113119625917971,1.9478302731161146,19.849254777611957,5.558071085770177,45
8829,77.0,9.893903011919795,3.9887610397298956,19.849389390074847,13.090313156123264,45
8830,189.0,7.704167131947548,8.978185784528947,19.849571396968344,6.936768052299313,45
8831,186.0,6.786314163846642,4.09810050928058,19.850123962944263,5.0,45
8832,59.0,2.794456775721794,3.8455507061250005,19.850700820495955,9.540129362481087,45
8833,134.0,5.850319152763085,5.170550730361311,19.852135115815283,5.0,45
8834,188.0,7.235265071768845,8.465660101967938,19.853152910185877,14.82567216978405,45
8835,125.0,1.2259439380126524,9.804078885878795,19.85370509796652,20.0,45
8836,91.0,3.100161111399337,3.496729472423513,19.854402440199454,14.974504775776156,45
8837,28.0,8.690543220485736,2.5039551291900297,19.855049965345177,15.282173103057328,45
8838,62.0,6.158615771389914,3.813064930030193,19.85595340420292,9.7122378581736,45
8839,107.0,3.4953220438325805,0.15973083686884548,19.856284371127632,9.972316483500325,45
8840,132.0,3.558469476700842,3.027179293134709,19.856809461720793,17.520851316772294,45
8841,63.0,7.807484123656759,7.663072330613597,19.85842693467623,20.0,45
8842,32.0,8.141433222382675,3.89812321846867,19.858484586359392,20.0,45
8843,183.0,1.2434602042260978,7.895707679600563,19.859698837347466,20.0,45
8844,75.0,6.139422079983806,2.3484825302359127,19.860205736343048,10.37153481446094,45
8845,175.0,2.676945267997012,3.7724655583520885,19.86167732681304,7.939994377374747,45
8846,3.0,4.691512595436402,9.93258488401298,19.862827019774357,12.528135777310638,45
8847,176.0,5.140801420925715,8.406856360772508,19.862860281403048,18.244852069025136,45
8848,10.0,1.9959721699436528,1.0263117452961024,19.863119631279154,13.988161710816872,45
8849,193.0,2.338098658510217,9.220351905419086,19.864530273227977,9.50582543309026,45
8850,115.0,4.28506094690605,1.8519072132686054,19.865246222450136,13.591148059066356,45
8851,25.0,8.049654097033335,0.7565442305140468,19.865394811720105,20.0,45
8852,196.0,5.495805679378879,8.122709099914871,19.86636735599169,7.926673187154901,45
8853,137.0,6.221992134329339,4.474938895752384,19.867565539518925,15.620597527927137,45
8854,52.0,0.08060370509283765,9.295237399517305,19.86806933748217,14.53546210465391,45
8855,122.0,5.862129374652552,4.144062082780547,19.868675578901023,15.053689765458406,45
8856,146.0,2.8079833827536604,1.3285639886178646,19.868693115355388,13.27068127384947,45
8857,162.0,9.04412709512329,9.37929753547684,19.868710330213922,19.4656624874613,45
8858,88.0,6.173174446987222,7.604397704622524,19.868721025804696,15.76177810747356,45
8859,14.0,4.914579745744973,8.653027161945982,19.869050541374413,13.413373591159788,45
8860,170.0,1.2070739925592289,9.767481114486195,19.86930549578712,11.894839442723939,45
8861,8.0,5.147354753313249,8.283118918649242,19.869935791482725,15.15851306546568,45
8862,9.0,7.678630283216194,1.061880136228941,19.87021362398018,6.564307298883075,45
8863,146.0,1.8311384048477586,0.7998191943765853,19.872435060606477,12.053025726518088,45
8864,171.0,8.117031952510345,2.0385290818891812,19.872594565790592,11.756932448279398,45
8865,30.0,5.988066358834829,0.29456251606079564,19.872837832521178,15.720778236564072,45
8866,156.0,2.2501998105752827,8.053440652986163,19.873000177181478,17.484827461697055,45
8867,52.0,3.598507987571046,6.898648644545327,19.873229218088028,14.223280760813067,45
8868,159.0,4.770360685461965,9.45346373531083,19.87373402243474,10.81090690606724,45
8869,159.0,7.3328024228269575,4.60933242964464,19.875767503771485,11.134248095693398,45
8870,88.0,5.905628755271105,2.823483156047195,19.87601409869614,14.770497621843809,45
8871,111.0,9.52983216850514,9.919275028201168,19.876870198100175,8.675146233825348,45
8872,109.0,4.816994961914352,8.835874966072364,19.878995232154367,14.094037568559115,45
8873,80.0,6.34452056178898,8.993181829933208,19.879524786560463,20.0,45
8874,131.0,4.265229540366774,3.7744287224380635,19.879598892708927,11.71414144120521,45
8875,15.0,5.251989439413992,3.3526376080826203,19.879713157848613,5.0,45
8876,164.0,4.5828713260923815,5.255791532421647,19.880604610048707,18.769776844638773,45
8877,118.0,9.207359288987087,7.886621870053579,19.881409698274883,18.79823779754783,45
8878,44.0,3.190883647669158,8.023171076020741,19.881716511858556,20.0,45
8879,110.0,4.688275562015716,5.772642505452521,19.882472686665306,14.39853044491464,45
8880,17.0,1.5964013187508208,8.610022970484057,19.882765258179617,20.0,45
8881,106.0,3.03928527520919,4.582868736519217,19.88374713703709,6.62375122399607,45
8882,158.0,9.381736787191553,6.801183027083075,19.883892265372044,16.323828719243924,45
8883,10.0,1.2709817235745913,0.31978667585295106,19.883911011807687,12.01525728244999,45
8884,164.0,5.906008718551648,5.009303902077217,19.884041009848747,14.701011533496917,45
8885,118.0,5.164388349001889,5.2867045465247635,19.884071137124945,18.00190070432121,45
8886,164.0,3.354518250142079,9.488473012702151,19.884758561610038,14.253580827105,45
8887,166.0,9.182546707708527,7.906691580696523,19.884812956462635,14.496166351120795,45
8888,148.0,8.502308095704832,2.84590786077319,19.884956655409606,6.062892890677009,45
8889,135.0,0.16576371026978065,7.1281814567402355,19.885208749589474,5.0,45
8890,149.0,7.182188149212329,1.84152041381205,19.885337081213983,9.777049261331562,45
8891,123.0,1.150406679617707,8.887554838552338,19.88543707217967,15.002119177670313,45
8892,179.0,9.043984538224421,1.7452894758270487,19.885726262564212,14.201397893185915,45
8893,37.0,2.4667442456452884,6.608066319313912,19.886528363509647,13.203136681046754,45
8894,39.0,2.5149728873465116,3.375741197757457,19.88700433392987,6.130218363062378,45
8895,176.0,3.4785806885923556,5.512089886254938,19.88995046694432,16.36495388236144,45
8896,165.0,3.479586831364192,0.47076005891323214,19.889956296002584,20.0,45
8897,126.0,2.9902054777835407,7.092380677945666,19.890159995504302,12.869841200833624,45
8898,112.0,6.608693228423563,8.00241531919599,19.890360838656633,6.456210740398214,45
8899,23.0,5.725375394116,8.656329307915719,19.890434938747052,18.635835592283115,45
8900,178.0,1.7981157389965008,3.7184520408386215,19.891215831074494,11.71636632432805,45
8901,36.0,2.9523668236258915,2.7386805670470125,19.893409737154006,7.5767471237929,45
8902,128.0,5.409449787147729,8.902029481558415,19.893671894269104,14.811656143835206,45
8903,43.0,7.438139674609804,8.532276768062406,19.89376319505874,18.26137706809756,45
8904,172.0,2.9605225750026642,7.3123017898793545,19.894359599042936,5.0825325445863845,45
8905,164.0,6.7965736983677125,4.416802865363453,19.89467054047251,19.193560640426362,45
8906,153.0,3.1659514659049104,3.5761062832407498,19.895516233610714,9.785643161656015,45
8907,64.0,4.365313950851865,4.942520828856514,19.895892444403678,18.32766144086474,45
8908,23.0,6.040536356399262,5.910480513224799,19.89599080621137,20.0,45
8909,53.0,5.244130896854032,9.384279334239114,19.896174870735237,14.495190157508373,45
8910,41.0,0.26237781980076536,1.4422851626906674,19.89707576162108,16.946467558605846,45
8911,166.0,4.392126438055427,0.1568564593175903,19.89745427533344,15.65434733341737,45
8912,36.0,7.090813027327836,1.514328090749586,19.897683375757968,6.094891908518687,45
8913,162.0,3.432630793969759,0.0131878102598737,19.898643108182526,17.5912376376397,45
8914,136.0,3.580031586173873,0.20254980498601194,19.899014113298332,14.99909503759804,45
8915,102.0,3.001882229089292,3.3395381181882735,19.901510167996335,12.564560796168898,45
8916,9.0,3.757016146832516,6.894051223007635,19.90257934902212,5.174600322379268,45
8917,161.0,9.293290305164032,1.4635766232329317,19.902977712752097,11.693268918073912,45
8918,198.0,7.180554076747814,8.637137666355189,19.903045579711232,12.453630354331267,45
8919,86.0,6.070335949327573,1.7587562463130124,19.903433298794763,5.0,45
8920,48.0,8.07596247622146,5.838500085388842,19.90378171636412,16.582900223831786,45
8921,125.0,8.784735251137452,0.3241598172292248,19.903855418102005,19.332384212315297,45
8922,157.0,8.816719759714207,8.638218782007659,19.904177516341573,7.068854178140618,45
8923,66.0,8.949649026809418,9.723941276908267,19.90446411071206,5.5601341920640746,45
8924,128.0,9.057042143945822,7.808156806834191,19.90523620267386,14.100201624880311,45
8925,6.0,9.09334500284889,5.285027262200134,19.90553061773436,13.0254169132987,45
8926,57.0,7.093041833300612,6.7689140231368565,19.90696242294927,20.0,45
8927,95.0,7.252579160349775,5.12312136252672,19.907241098884178,8.827760141447635,45
8928,156.0,1.3776384522039387,3.865219776777037,19.909101491403618,15.953341330165076,45
8929,38.0,3.259958017275503,4.6006735711925035,19.909733594909298,13.26680140400001,45
8930,137.0,5.5791000904630605,8.122378769286687,19.909781517299912,16.914019171202018,45
8931,105.0,6.92820806668275,7.589362553937489,19.910150526312876,16.39128476539095,45
8932,133.0,2.4847998743539867,4.9944727314572965,19.910265050313427,9.721375974907922,45
8933,8.0,5.362577910459719,1.3825365798222256,19.910748181714894,13.463445634180493,45
8934,157.0,8.10512537820593,1.837807984773907,19.911012487792366,9.560237725924782,45
8935,75.0,1.7669920027900143,1.415701190396783,19.91104918959876,9.936331512454714,45
8936,116.0,9.207951185337818,0.6494839331566571,19.9112867139576,13.284127140589039,45
8937,101.0,3.7740986847981626,3.4044129245769095,19.91129102934302,15.739072932697095,45
8938,118.0,2.814062397341597,5.415043535956643,19.91246861999886,18.099540649236847,45
8939,182.0,1.1781090973865838,3.4744377243625224,19.912566238446956,17.112307672255948,45
8940,97.0,9.914149769186128,7.269303155614979,19.912586172549787,20.0,45
8941,54.0,1.474076985120163,7.120467100070514,19.913553499831963,11.6402428246247,45
8942,141.0,4.105614287828832,7.29576985496534,19.914985503981164,15.33057562328011,45
8943,165.0,2.520254929000878,5.845702877097373,19.916307062091647,20.0,45
8944,136.0,3.5745236623312913,5.690537117566188,19.916358218277573,16.744620030680373,45
8945,155.0,2.71652742273756,9.553412919749988,19.91678319201541,5.634168153280297,45
8946,26.0,5.709245582394721,5.24656708214745,19.9167852849356,18.1083828068302,45
8947,149.0,2.2560405990139243,3.0460829359767283,19.91690365972343,9.871180386437489,45
8948,19.0,1.479342935050515,9.923371202488259,19.918669561433173,13.678408018136288,45
8949,114.0,1.0491197875470004,7.036903547345369,19.918940411754537,10.027233715253283,45
8950,147.0,7.842795799385297,9.464091396024886,19.919420146029864,13.05336682771033,45
8951,51.0,8.210789184160035,4.719347913007582,19.919797305568707,5.908189631438621,45
8952,25.0,6.339464681621453,2.937254740355834,19.919824689527687,19.076989766937377,45
8953,66.0,6.401781852738653,3.5264192294148486,19.920575919172222,11.749669490325967,45
8954,151.0,2.135126722366901,3.4144508437210996,19.920909142910276,14.58808772160478,45
8955,29.0,4.177899051974148,8.636804161174854,19.92161999651037,5.0,45
8956,63.0,3.6462607471362807,4.879507586249641,19.921685353372393,17.402372830263502,45
8957,102.0,1.7113713562657717,8.342932229464243,19.921779685557027,9.524135524660188,45
8958,99.0,2.6936628064889123,6.12369495530918,19.92206660454253,17.494661863338894,45
8959,67.0,6.544919897855779,2.839833955525238,19.922347790999215,8.549541683413155,45
8960,188.0,3.5474175701476938,8.239037287270467,19.923086907602332,14.500678245761437,45
8961,136.0,0.9023065615368719,1.215475772917668,19.925090224338383,11.98469902940403,45
8962,14.0,5.784812635490596,9.46780382794879,19.92557021944651,17.608216079900057,45
8963,33.0,8.377176423505851,3.8416039402594326,19.926329653385785,5.040078984265156,45
8964,44.0,0.9461310303632375,7.777060398854621,19.928278657913747,18.679998427115567,45
8965,188.0,3.5256918259116943,0.3486696397847411,19.929741809018896,11.009336233697844,45
8966,58.0,9.016594320506302,8.910206192960594,19.92985295839477,5.816018110806964,45
8967,81.0,4.1133816079573124,8.016796270730515,19.92998489962808,20.0,45
8968,181.0,9.472869606287796,8.181644524672112,19.93047382075342,17.475952484048232,45
8969,128.0,1.5393645483404894,0.8408383626805682,19.930825234922146,12.059514909610098,45
8970,169.0,3.317714249904198,7.971592930130216,19.931109544667617,17.751282293610952,45
8971,98.0,8.209825426116064,7.761245780523243,19.932102337375262,5.0,45
8972,81.0,1.3546075251902256,0.6203387264935201,19.932636973492098,20.0,45
8973,21.0,8.434385189573517,4.086520876013619,19.933145963819605,10.933042824075155,45
8974,109.0,6.833024004816355,2.2744035812900787,19.93394328479431,17.488115058473063,45
8975,115.0,5.111154926008103,3.6419646107276926,19.934085951932843,7.534893411252954,45
8976,23.0,1.81344300674525,2.0859060033809196,19.934420503866072,20.0,45
8977,21.0,6.404170177312416,5.855081177172141,19.93493656520219,9.292508731924961,45
8978,55.0,9.381653840059434,6.27642640321016,19.93571756202702,11.312591896550579,45
8979,8.0,7.792004511245395,8.577626664278046,19.936219671943917,14.756751255460639,45
8980,191.0,4.959725736290701,0.3262783558419313,19.936714512794516,17.946832965870446,45
8981,107.0,1.0635543247432833,9.939249981064188,19.93673558134553,6.608338051386009,45
8982,131.0,2.0067480976858034,3.9094829850678217,19.937401948076115,14.567607468034012,45
8983,197.0,4.7756384664164955,2.940289151227664,19.937800050025768,18.524914043905312,45
8984,108.0,3.902147077304746,7.096476337762891,19.940187363521723,9.029002101542396,45
8985,195.0,9.375204822996375,3.020332442369713,19.94077743398178,6.799274310111544,45
8986,29.0,4.8130769144027505,3.353011953057039,19.940818380328782,8.752735433143274,45
8987,112.0,6.171804600309152,3.8052738824457863,19.941162160192967,5.577959200817826,45
8988,196.0,8.273993041696166,3.125948013243539,19.94120305639499,10.489685061856207,45
8989,97.0,6.586802651598134,7.151259495960555,19.941248753288072,18.316565822150167,45
8990,147.0,2.509414706320957,6.349841879195212,19.941334462652627,11.535504424558642,45
8991,113.0,2.5613346866837947,9.545955080563603,19.941476804431396,8.54476637064869,45
8992,94.0,1.5428903946738826,0.4324744305612205,19.941857606742893,9.947794844125687,45
8993,57.0,7.188476319212982,4.164413647755967,19.94199654573123,19.296391846293062,45
8994,133.0,3.9487625934352275,4.585937291336518,19.942061800627,8.729859031422786,45
8995,67.0,5.049018974346323,2.2200000738965295,19.942201923061212,6.317782966799772,45
8996,3.0,3.933583532945588,5.2809702440266975,19.942353285401342,16.324585609189363,45
8997,90.0,9.812063220636668,1.64908976934385,19.943481936617488,10.820892675492649,45
8998,94.0,5.791677741361125,6.951577153463029,19.943895510892325,13.246602262677857,45
8999,105.0,8.052911707839232,5.634317489699932,19.945536956453477,12.969594312692939,45
9000,116.0,8.818059533308247,5.696688696410115,19.94570006612347,12.039696438286487,45
9001,22.0,5.146445360075999,6.32084037620202,19.945773024541598,11.57322194761243,45
9002,158.0,0.9201211363390482,4.100424430027835,19.94790812622945,16.643335060822874,45
9003,4.0,9.53391728681884,6.27354162086231,19.94821279054589,20.0,45
9004,79.0,2.5352071306423163,7.909920677096438,19.948451376911414,18.33682349521339,45
9005,152.0,5.254777935569716,8.067014103784071,19.94851818855016,12.21715965204168,45
9006,127.0,1.5369369877892336,5.9294083228897865,19.94958435578078,9.081654478788696,45
9007,2.0,5.361761888214328,4.32919930105405,19.950301009040736,9.80777171332701,45
9008,161.0,5.119208893813475,7.605844583646414,19.95034169219126,11.486596603096732,45
9009,176.0,7.030048704990408,9.71946260375507,19.95076755370662,19.31073359143271,45
9010,134.0,1.5400698707099658,3.4807716167432545,19.951253581054402,9.874954355499877,45
9011,95.0,6.346046657865956,0.7739434543932977,19.951770809509114,7.675028667412789,45
9012,162.0,6.926740818851789,7.040290088171233,19.95180991507079,14.844217214890381,45
9013,54.0,8.6521907730385,4.612614264724577,19.951929520745164,8.767719874339694,45
9014,97.0,9.061699446370058,9.81170392334208,19.951988861695405,20.0,45
9015,76.0,7.435588562273429,6.383988786514331,19.95230635451741,11.382059022172006,45
9016,99.0,9.031319629508673,3.0718431130989723,19.952621801708496,17.12340986574981,45
9017,178.0,5.424627450712491,7.147181730546341,19.95269952350215,14.077222142308143,45
9018,166.0,6.1947233450244745,5.094343075018747,19.952799130300377,18.204793270147167,45
9019,1.0,5.880372463337845,7.700824982110811,19.952852259466077,9.871546649036944,45
9020,13.0,5.462002726488858,5.800562676732123,19.952961966979828,8.533131840332121,45
9021,53.0,1.2052718300708698,9.820819156455856,19.95388807605891,9.751462173293035,45
9022,145.0,2.231556235777641,6.66195075224988,19.954039288483422,12.677841621364086,45
9023,189.0,3.9086596911350235,5.831971555587764,19.954268983460494,10.448308740587366,45
9024,57.0,2.826240192843793,6.635741907377679,19.954529941743722,20.0,45
9025,137.0,3.5472119887547295,8.607070069995583,19.95465948994641,16.5763661331611,45
9026,63.0,4.604886455160417,5.456226492199747,19.95487663383634,19.727643406212486,45
9027,142.0,2.1535824558722894,1.0628998123356248,19.955013656361174,11.087579617301063,45
9028,28.0,4.4383400453364965,2.27640201206074,19.955047751330405,13.315155964693458,45
9029,190.0,7.61589259774137,4.206593387194309,19.955437929633323,19.42297284032234,45
9030,119.0,7.138241789040877,2.467213432646994,19.95602416318114,11.715820874361667,45
9031,155.0,6.774724144834805,1.1698107620059117,19.956348213004766,7.356560950082879,45
9032,198.0,3.788012372368461,2.5729041387322917,19.956933251840105,10.545390297874283,45
9033,165.0,7.835237389091837,6.970935113447925,19.95763773675481,17.161247704348362,45
9034,148.0,5.623084117857269,8.744802929169715,19.9577684423948,5.0,45
9035,79.0,3.2289572337655468,6.329475704696312,19.95785517660742,15.226197928864538,45
9036,102.0,0.7034202344042495,0.10515917546160214,19.95841266573635,11.882697613994422,45
9037,146.0,9.336468368703256,2.124196542975263,19.958957990361867,13.386061389454149,45
9038,83.0,5.0406337906860355,5.347422986539962,19.959067755801886,19.999953456326562,45
9039,42.0,9.401506684729647,8.504128681883813,19.960200044497434,5.0,45
9040,27.0,5.932964244665797,7.12625202480662,19.962310756834857,18.15429668692861,45
9041,30.0,6.413047735761762,7.503783823580129,19.962689167425303,12.99144954169345,45
9042,88.0,2.4095866322512993,8.753260859289837,19.963415276349757,17.259913263807718,45
9043,120.0,4.438137279964408,5.983306674821662,19.963555735230972,18.11750448976824,45
9044,136.0,2.1454886681464505,4.869354318583649,19.963908167136417,12.55348661876621,45
9045,80.0,4.26275633141921,2.4388157186117243,19.965515085152337,18.15705673280234,45
9046,145.0,4.995320510950755,3.7273668771054513,19.965624731903898,11.170683825938829,45
9047,158.0,9.48120937420774,8.262341024079166,19.966142028956014,14.163552326688723,45
9048,75.0,5.140776232465982,0.7590817324275112,19.96762917623307,7.099190769260504,45
9049,43.0,6.126185727465076,1.5653227304479511,19.968262126240923,17.098668998478985,45
9050,93.0,9.642902696023352,4.957507561570163,19.969845818516198,17.97151456552724,45
9051,45.0,5.456805235959856,3.2790402239450875,19.970047013909834,11.428807519335006,45
9052,6.0,7.910463025571776,8.501655870137611,19.970526296100466,16.26345106402065,45
9053,118.0,1.303566092406332,3.020058293516976,19.970836041538938,17.34826934135825,45
9054,119.0,9.484981161805647,4.928788113692104,19.971296757535683,13.489893504174299,45
9055,24.0,3.2916417725487293,9.067215188330017,19.97188372681117,20.0,45
9056,116.0,3.5390485825031637,2.9613384284348587,19.972045508534194,10.900256282202989,45
9057,51.0,1.1399963238101385,2.7856197830700182,19.97214472582803,7.544201808219292,45
9058,139.0,3.938553327554717,1.9007634733507617,19.972203244864037,18.704942594456842,45
9059,67.0,1.1825708641100008,7.717542177556601,19.97247432528554,5.0,45
9060,184.0,7.912016584982197,9.43071029112013,19.972959121291183,6.074448261186876,45
9061,16.0,0.4701364609162251,0.2874483229833058,19.973867854672143,8.790564272135382,45
9062,167.0,8.094164267636755,2.6143256812724425,19.974647953688663,5.5651869936722305,45
9063,180.0,3.0557482619894927,9.893169714299976,19.974851558460863,13.585143056020872,45
9064,5.0,8.5504208309149,4.354454191694467,19.975524396960033,7.661544198911832,45
9065,2.0,9.984949171538517,3.2321420267299072,19.975588414070316,10.415264269666256,45
9066,65.0,2.381422831733364,5.867856042097589,19.975593690714206,11.205406915922019,45
9067,128.0,1.8324411521840334,8.170589223634115,19.975937535755456,15.939744702069635,45
9068,102.0,4.302863407067852,2.7973990100511514,19.976051949766113,6.484708821424553,45
9069,157.0,1.3917028290496036,7.0606070418391536,19.97669009280495,8.999960233689977,45
9070,115.0,8.045781949006706,4.832690158247023,19.977119136377368,10.919070357766634,45
9071,15.0,2.7462691087203526,7.941524743368609,19.978282266666376,8.6648475055303,45
9072,85.0,7.078592241403337,6.1107149069222455,19.978489436051987,11.720858463053776,45
9073,130.0,1.4940251123721437,8.79845002237026,19.979179557292916,11.251108309072716,45
9074,169.0,1.941197372157526,4.473478525248757,19.979865020906264,15.844602016157827,45
9075,36.0,3.0158495437146957,6.78351587682866,19.981097689626964,9.190148610582758,45
9076,17.0,0.8087186751463815,9.960948823751032,19.98121394290968,20.0,45
9077,15.0,7.15248265641634,0.3873946279506102,19.981889420631802,11.250463808884216,45
9078,97.0,3.6171186093104444,3.0244475541209734,19.982113271017205,19.787339896136594,45
9079,50.0,9.79901473545035,9.372751788201487,19.982357359017065,8.021401603229439,45
9080,126.0,4.916732511006666,2.719637733645582,19.98294608943408,11.76956079179686,45
9081,177.0,2.235015296844318,6.759052396885638,19.982959750851528,10.897239067811025,45
9082,20.0,6.065564625606356,1.2424016941865001,19.98388063732417,12.687290195298331,45
9083,108.0,6.396300379168105,8.876787691106351,19.98393602446092,8.721057026963202,45
9084,6.0,1.8633530613383198,1.061015256057537,19.984445712117328,14.534050352317951,45
9085,97.0,8.982715738107409,9.960075981194132,19.985136832997377,18.570740192987575,45
9086,141.0,2.366043505615095,4.044594977474064,19.986355230375963,14.491155351494585,45
9087,109.0,0.506734281101936,5.822374194828889,19.986388192504304,13.306134863936961,45
9088,93.0,0.7876364562121752,4.621885076850205,19.98793503975285,15.349832090109917,45
9089,187.0,3.8689344322779915,0.23639738099031637,19.987997687603,17.392434105420456,45
9090,64.0,1.691633446271107,5.131653883375621,19.988070161064165,17.875985089881738,45
9091,192.0,6.450383047442877,3.3074970525594614,19.989006200923033,5.0,45
9092,41.0,6.289683425945565,8.160338128404035,19.98936486730389,17.630037631132506,45
9093,122.0,2.735515378708633,9.885665941257585,19.990184591915654,14.755060394583218,45
9094,80.0,2.6286074837219586,1.0478467217233745,19.990340185508586,20.0,45
9095,121.0,9.699180713069877,5.974531989575499,19.991308156460626,8.2053414419878,45
9096,17.0,8.567860732618266,9.856544116412534,19.992165632164518,15.742670081629866,45
9097,33.0,8.385472566058143,4.830650043404095,19.992198683440613,7.151900356256725,45
9098,187.0,7.972638893210963,3.4978794838780614,19.99232495619304,20.0,45
9099,88.0,8.341961642076805,1.5186312036530325,19.992500263487408,13.949086242929024,45
9100,133.0,3.8527168934484504,1.7837649939572808,19.992595497250726,10.005034036484366,45
9101,128.0,8.194178989128474,9.886660615180359,19.99330037472819,12.16703634483477,45
9102,4.0,0.45354753967570605,4.107155960342662,19.993560085213538,18.16996717614471,45
9103,80.0,1.9804734208457575,0.11938687369651979,19.995907304029146,18.456724492409418,45
9104,28.0,6.120446260091908,6.289602285342734,19.99594789966763,10.128442730882178,45
9105,192.0,0.946066885789566,1.3504386615002528,19.996074582413033,5.999250368215313,45
9106,30.0,2.584162542879337,0.7288486485118217,19.996679160827448,17.254180995439,45
9107,170.0,6.3050087262534715,9.121943358755008,19.997494457917995,10.104244462056451,45
9108,132.0,4.498055514789306,4.188490598635122,19.99845227916009,9.034259221126927,45
9109,15.0,2.0969946897163885,4.826364541554344,19.99851625549362,6.671074349654424,45
9110,90.0,6.506742357866076,9.815379104773227,19.998590408578075,9.45482864811769,45
9111,149.0,8.52462996014953,4.199322822323497,19.9999830305138,7.985632941547675,45
9112,132.0,7.255772249352827,2.054145797914393,20.00080827459268,10.53913244082138,45
9113,105.0,9.5094658691282,5.47064802570395,20.007713630753045,15.982428309639623,45
9114,37.0,2.0310131796878137,6.574223141734948,20.01040494237261,15.934232131123627,45
9115,150.0,2.7549681468219145,8.407748849167675,20.012203880349027,13.943644884692437,45
9116,65.0,2.224915320645535,5.155312162661023,20.01458679897779,18.058107019107275,45
9117,132.0,8.935355096054709,2.451994208185365,20.02269045207143,12.998895144505799,45
9118,188.0,0.059542462476842584,1.2569504236898965,20.02473493735424,15.74781230902809,45
9119,137.0,6.0416717331005865,3.1072047440849704,20.025623693302535,18.933639290326667,45
9120,85.0,8.901440252287399,4.538825705925223,20.027141963292763,12.597011113209806,45
9121,111.0,7.6856974454442115,5.367860044439109,20.031225880198093,9.848058303452442,45
9122,84.0,3.1319408477291057,6.483784349832986,20.031976765374512,12.805739727695677,45
9123,195.0,7.232111696900367,3.1466851305265617,20.0320839966682,11.649636018861093,45
9124,161.0,1.40277963982685,4.244323316766011,20.034497166943684,7.936531405105706,45
9125,146.0,4.124246293101173,6.031848393346941,20.03562314704199,9.429098496502753,45
9126,122.0,7.741772343443221,5.168788873835246,20.0379818874164,14.323639361424954,45
9127,129.0,7.685895409919624,0.03217703021587637,20.040756233725432,14.241004416133888,45
9128,15.0,7.324692957938445,3.2986727439232544,20.04195812312994,7.079247065125045,45
9129,76.0,0.21233633299360122,1.8388191898729567,20.044135126036203,6.957016250268344,45
9130,164.0,6.726058167347373,3.9178813679862268,20.045852141216066,16.46518380521146,45
9131,32.0,7.864353378588806,6.635581557026283,20.05023178437728,20.0,45
9132,15.0,8.390576965853418,1.3494957127409946,20.053331109586757,5.350957388374529,45
9133,112.0,8.84568507718878,7.357591578467084,20.056060911414598,5.0,45
9134,182.0,4.3865766071522305,1.377755660806439,20.05777832516843,13.952610967018225,45
9135,166.0,0.6630623105277311,8.945698426554388,20.060016228898903,20.0,45
9136,173.0,8.763317385858326,1.8063924832264922,20.061518062372823,5.0,45
9137,83.0,5.32953554596288,0.1578720922103194,20.06301440541002,17.873169915753728,45
9138,37.0,7.878688484152044,3.1736846644097394,20.0645210959402,9.74252764992124,45
9139,53.0,5.818195044331055,3.1884219894029386,20.066654789509293,12.699512570715171,45
9140,173.0,5.329240482838364,9.74416137371764,20.072923755103727,5.0,45
9141,118.0,6.784258298069598,1.6447074539126127,20.073605159010008,14.33077588894454,45
9142,4.0,4.113612020647733,6.889151266192116,20.07526191081969,20.0,45
9143,0.0,5.162385034926219,9.66474328170768,20.075915868505483,10.23262450912767,45
9144,80.0,7.881217567388843,6.750267391983562,20.07784422644186,15.10842857335648,45
9145,133.0,2.7281531798644707,8.1967914258461,20.07853651183875,8.288647195914391,45
9146,13.0,3.856676371121205,9.954670355716214,20.07889998419285,9.649523211164563,45
9147,99.0,9.222056095949577,1.9643509584195262,20.07918907241795,20.0,45
9148,140.0,5.496769649600534,2.21767469477871,20.080708219314964,5.0,45
9149,179.0,3.14727272790132,2.022022747571439,20.083955351959816,18.264860621504955,45
9150,52.0,2.2790279186854123,9.553038471208929,20.09109873507822,15.497817479700132,45
9151,51.0,4.462309264404417,0.3869978858846512,20.09615996496938,8.475746843208364,45
9152,173.0,6.072951372974055,9.445904300237583,20.098188688745477,5.0,45
9153,30.0,0.6283521694733796,0.537064365955987,20.102001349068352,14.671835703397178,45
9154,81.0,0.33422925921602675,0.009723128649846702,20.10489324878295,16.96636659783707,45
9155,21.0,4.909840259251138,7.921171148549213,20.106465620331086,10.420273847161498,45
9156,198.0,6.201302554987912,4.022734720498081,20.109745540682788,14.001382112796884,45
9157,198.0,5.161492457493184,9.580767354180061,20.111683746578414,13.017892983984334,45
9158,62.0,8.533330794377042,4.797603830587384,20.114298146468755,6.551355797488704,45
9159,94.0,8.381501195691675,6.821450336812596,20.11933709123683,13.599134565574303,45
9160,21.0,3.065995201817798,4.380594457028905,20.120479848100068,8.672840559046906,45
9161,124.0,0.632814325812906,6.732501627297629,20.124230095123124,6.259074359654983,45
9162,71.0,9.039972369557441,4.654024979449826,20.124679709805395,16.91515122659754,45
9163,116.0,2.755874476299318,5.071759695075146,20.131917571925456,7.507335588568302,45
9164,125.0,0.6747892506975073,0.6962918946568764,20.134504707760456,15.275704283902252,45
9165,86.0,3.381906892827584,3.540951267621791,20.14014684586931,6.779341823966503,45
9166,28.0,8.393513183266254,6.7014091155089,20.14160230624594,13.9609740184982,45
9167,39.0,4.331866184540097,6.653001030762522,20.147186702723943,8.155485885674647,45
9168,103.0,0.7459156315448412,5.021209392830141,20.148062156580735,6.686324107577882,45
9169,79.0,9.782146155674816,3.229983392028264,20.148502980600725,16.126206653042253,45
9170,127.0,3.33882645121641,4.970020207793496,20.151617735855694,7.836701209783402,45
9171,36.0,3.572588813939972,0.5117239651765471,20.154220274056605,9.040468099026702,45
9172,50.0,6.018795716234773,7.950932571492681,20.15495256714413,8.585591637006592,45
9173,182.0,8.551848045559675,8.210135302967446,20.156616158689395,14.903244448988401,45
9174,36.0,2.4819728998425736,3.271623535861,20.1570690203187,6.677640309806732,45
9175,185.0,3.1796854390667573,4.633841210376656,20.159542297029493,7.516559742631716,45
9176,150.0,4.022736832138259,2.105470276857396,20.159757957723603,11.967659734023455,45
9177,26.0,7.501973424807444,5.937222627416849,20.161075203940474,16.885642043565838,45
9178,106.0,9.891816797129465,6.212081050965576,20.167099739730244,10.319522350640879,45
9179,67.0,2.108229424255174,4.236630757035131,20.167232919552685,6.74565472056919,45
9180,7.0,2.600629832274185,6.82392674270691,20.167926103715907,15.633870715543443,45
9181,122.0,1.7164708346993385,0.09189098329332124,20.174335477142826,15.164426035415998,45
9182,97.0,0.3956629499428821,4.976991477030869,20.184255122595193,17.07491941670323,45
9183,44.0,6.8980793072489055,3.698780933842766,20.18935199745589,20.0,45
9184,163.0,6.751518349523967,5.675056443517446,20.19251530466149,15.125080537270575,45
9185,143.0,0.29004904147378996,8.458407766806085,20.192851059606483,20.0,45
9186,49.0,0.979592082635089,4.029475882785865,20.196221633476025,13.41312282548623,45
9187,38.0,5.538246840339651,6.792096867980843,20.197110093057706,17.270588611598978,45
9188,123.0,7.2580077897053314,0.4923265311200553,20.20133324741404,11.787279313560013,45
9189,99.0,2.682181724315049,2.5690552430417855,20.20138318907618,19.927265098863096,45
9190,22.0,8.263993260784124,0.6066030391034027,20.201805972527687,10.61507980147419,45
9191,127.0,7.237376002792757,2.6234317849307964,20.202957392987884,9.359260262609475,45
9192,185.0,4.501847171680831,6.935703140622898,20.203179890054496,5.0,45
9193,78.0,1.0369270385417606,5.238108652287692,20.204523031596466,8.704727681972997,45
9194,76.0,4.246957887007625,2.188536637360541,20.206720479952494,5.8363083204654895,45
9195,119.0,7.8397130235596215,0.15257768655518977,20.207418502327258,10.618813037582326,45
9196,23.0,8.429284079053804,3.8217626070600055,20.211129351217323,19.685002198252686,45
9197,96.0,1.9739711432215301,5.47090203873193,20.212616635460975,9.253206886120141,45
9198,167.0,2.895606201303332,1.0216826159277526,20.213594053635987,8.876333774133629,45
9199,115.0,9.774597416841997,6.88490362060511,20.214395331383034,7.871105889444888,45
9200,75.0,0.5218397396446561,1.9098534278232016,20.217383650615183,8.06570779143408,45
9201,196.0,3.1744853121992445,7.4025346827696294,20.219111200917297,5.0,45
9202,79.0,2.9092697066837827,2.6485539083946676,20.225801003345918,16.721805794563636,45
9203,83.0,9.105755806399179,2.0886008378023133,20.226256915067886,16.082830246478732,45
9204,178.0,8.274919496666405,5.7597637115517175,20.226322400164094,11.53604115552612,45
9205,35.0,9.218723954312413,6.327208359868325,20.22654869442009,6.7488135803703475,45
9206,65.0,5.306907533681047,0.6330053191549012,20.2279460247375,13.858582633230288,45
9207,26.0,8.611343332782267,2.621210990161292,20.231961203530744,20.0,45
9208,94.0,5.1416324531570625,4.215738789599474,20.23401487822573,8.661246562169481,45
9209,143.0,9.118912787003564,1.8429268325647985,20.236089760954254,18.91177120742352,45
9210,13.0,0.9153909977074415,5.354681148350503,20.237075480843806,12.42825552936459,45
9211,0.0,5.007412350297365,5.83774006117093,20.23870290629823,7.640125775294207,45
9212,185.0,4.7650456959026135,8.737725730318118,20.246391922302443,7.007535464088751,45
9213,106.0,2.8496007740639975,7.898270159333983,20.249919341445974,10.716375693730791,45
9214,196.0,2.4541940750878766,5.511672928069292,20.253460998224842,12.159783699231,45
9215,169.0,8.886942444686488,7.429623843002686,20.25447500852454,18.094103425540563,45
9216,139.0,5.185428104540573,4.951645345725945,20.254809137617,18.9011044841618,45
9217,110.0,5.044577876749593,5.515747189972712,20.25644140111837,11.473467855977148,45
9218,104.0,4.226495300975585,6.536703173841993,20.25664163692712,6.10913076634816,45
9219,71.0,4.035696735740774,1.213955875423216,20.261957551878442,12.867018929009086,45
9220,198.0,4.86122813664624,1.69286495547048,20.2665840677302,11.508884416916654,45
9221,43.0,5.263032133863003,2.101966906525522,20.269814276487686,18.734464593130454,45
9222,153.0,7.8469341913551185,6.410436122543094,20.270509359031124,10.615450768104388,45
9223,117.0,8.42345759498826,5.0511710912585865,20.27231820336717,15.3796497812835,45
9224,119.0,6.230597145496133,6.075491155048381,20.274279217737558,13.48886859681485,45
9225,169.0,7.5520919744452355,6.504330640249304,20.277789398537834,17.224507489386234,45
9226,111.0,1.1283003280041248,3.384971545870715,20.2806456381457,8.932747332688988,45
9227,112.0,5.707073450174694,7.289569167492386,20.281773245606246,10.154454635042502,45
9228,136.0,3.3419129953349733,9.215087066642353,20.28259133000631,14.694107436747675,45
9229,29.0,6.391110337211067,6.559684556398509,20.285166274718293,10.660183908182692,45
9230,118.0,7.965050280881069,4.8009348476231795,20.287933882402633,18.13862361667353,45
9231,21.0,8.031691236771751,6.639893146268049,20.29371267769619,11.472567014042092,45
9232,43.0,3.6075770311265876,1.403526800055016,20.29583504707247,18.158577530528934,45
9233,32.0,7.398074879450754,3.7980193027474787,20.296821338395787,18.951395944265215,45
9234,171.0,3.7018659068976625,6.946861684972565,20.29728750539331,13.428384556752643,45
9235,106.0,9.089178568463014,1.5066578749248827,20.29739659839096,10.994869939454919,45
9236,46.0,0.6211175062652752,4.271212166084183,20.300432880635903,17.83586370212362,45
9237,79.0,0.8492121270575081,1.2454410377850356,20.300775507137566,17.834309266775936,45
9238,187.0,9.687466741508024,7.3339491470602685,20.301412706277652,17.104579516642044,45
9239,56.0,0.6941612113234408,2.853830001622717,20.303745605949807,16.247389153715496,45
9240,116.0,4.186842577191877,1.8111450846201482,20.306257829792546,9.872858442729992,45
9241,147.0,8.134538214135215,1.5766654238939526,20.307480225047556,15.816114337486965,45
9242,199.0,1.6955374998372008,9.685598261262818,20.308217852449218,5.0,45
9243,22.0,1.879876797648774,8.65462739663103,20.30853115340987,12.680848959212366,45
9244,174.0,8.133144960319314,7.324128744893964,20.31055178371801,17.604179812221524,45
9245,145.0,9.448059688592636,2.7028933179395533,20.31172695079327,13.857283864539248,45
9246,50.0,0.629925545958262,6.455974325110931,20.316446658456925,12.93161818882334,45
9247,23.0,3.682787226748958,1.4294936811502401,20.31928857020091,19.473503297824116,45
9248,188.0,6.391149354727348,6.674103401395282,20.32088222787751,15.49241864990173,45
9249,8.0,5.813684370845678,1.0688527828412475,20.322267739409654,13.30352926866754,45
9250,170.0,4.953293967901784,8.51492925618923,20.322719597098573,12.960071220715468,45
9251,57.0,3.691659473087836,4.176044517955255,20.323154718130688,18.866444487212082,45
9252,79.0,2.6081351072046632,9.006575881087874,20.32587931355978,18.321996310779543,45
9253,152.0,7.5662270956481485,3.0397088476457492,20.326302712864443,12.710568273944723,45
9254,57.0,2.4643786936937273,1.9245675114010785,20.32747824692884,20.0,45
9255,128.0,9.641661810569142,4.3573101555971405,20.328266206887875,14.136181781389656,45
9256,55.0,3.2161733125848446,7.23466572531783,20.332491214315578,17.506870982048667,45
9257,169.0,9.370663291106178,0.4799593914912248,20.332651255063055,16.05944823050751,45
9258,195.0,1.0090507334320953,3.265305782158717,20.335435993057164,9.567468008322672,45
9259,170.0,2.1512980223374734,8.336077394442679,20.336886178650175,8.005334660177077,45
9260,57.0,7.6694020103678895,3.108461678666515,20.339266391071774,19.84922035150335,45
9261,90.0,1.293810156963705,3.7277180656194577,20.341236522044724,10.44984626563456,45
9262,89.0,6.280870987013368,3.0832597047687136,20.341778857877067,13.182187345643255,45
9263,154.0,9.606135754530117,8.362652388314286,20.344913710919165,8.591883885767995,45
9264,179.0,1.5073760479786225,4.385262331562019,20.346184634555545,18.68942196626727,45
9265,35.0,3.605893618093342,5.1817894963560835,20.349479752746806,8.7279190476274,45
9266,88.0,9.446772878875718,0.38935420265681087,20.351180444878644,12.025300441534974,45
9267,118.0,9.695904260828533,3.05054461071554,20.351811302541165,18.19985871006414,45
9268,156.0,9.49053069469475,7.124236523984774,20.3545514091907,20.0,45
9269,3.0,1.2459206274999812,9.6625577409677,20.35456603494895,12.263409287663253,45
9270,156.0,1.0616440205259425,6.824299512267603,20.36158876409756,13.244246307131144,45
9271,132.0,0.619563493863261,5.8208981330951515,20.362472617800083,6.698561329808064,45
9272,50.0,2.9828387256666877,7.383512106323203,20.363092189426112,13.706321244832901,45
9273,9.0,0.839370505716055,6.77391646836517,20.364615700124176,7.489716866401357,45
9274,28.0,1.0220852421875348,1.6585401572848646,20.366512935178758,11.179421266787525,45
9275,96.0,3.30530277733725,3.594236226914751,20.367420640651183,5.0,45
9276,36.0,8.034662391525025,4.11069840907474,20.370716310859827,9.509747592806653,45
9277,73.0,4.013293435157463,6.639809115115285,20.371644191220305,7.4044619161451894,45
9278,143.0,6.304397497402027,2.2724727682058687,20.372917896161702,20.0,45
9279,130.0,5.440761540018024,2.5177086881171054,20.375678095753376,18.371423777345562,45
9280,84.0,9.872861270471775,8.787867131285385,20.376567554503627,9.785253488464015,45
9281,188.0,9.169518924214128,2.240213865955213,20.37761642753281,12.246392393935622,45
9282,191.0,5.4062955560980885,7.312876758447677,20.379551261382424,17.94443487710949,45
9283,53.0,8.125177346260758,4.772346751954651,20.38204568183597,12.27986335471784,45
9284,185.0,5.417435669112257,1.4282572939994598,20.38548974060074,5.0,45
9285,39.0,9.085506190418034,2.561367336095124,20.387052090973047,5.0,45
9286,58.0,7.911321623152241,4.300370456281625,20.387651047378125,9.236628076923372,45
9287,80.0,2.110416838903084,0.23702634650612064,20.3906330887568,20.0,45
9288,97.0,6.839373501577162,8.388237922546073,20.393384538703486,17.842846113947992,45
9289,61.0,3.7598553925527964,5.738939934219013,20.395509231786175,20.0,45
9290,189.0,2.222625248920661,6.471554753705801,20.398230242241628,10.0876201306991,45
9291,117.0,9.39749584770611,2.6772978116683044,20.39933508742684,8.313224262196082,45
9292,2.0,5.520764232922353,9.25258307875861,20.404379185320206,10.455419855283695,45
9293,100.0,4.116925882543905,9.307882111724737,20.405969159412123,16.862763369473424,45
9294,158.0,8.765086665323192,8.71488282726138,20.40671630559246,16.01999099422147,45
9295,142.0,7.9348335441361515,3.928264952755469,20.409371238312183,15.996118694112127,45
9296,116.0,5.011032772385797,7.90378266347839,20.41169937664268,12.259177479494761,45
9297,77.0,5.8323715590830165,8.584386009013233,20.41326090205694,10.825335048696266,45
9298,97.0,1.9698452846237458,7.7594096887498445,20.413509457020687,14.759853476037948,45
9299,169.0,7.952923431943174,5.260198541541804,20.417781247050264,17.045586047983562,45
9300,157.0,2.588562214586485,5.120773784469376,20.42253000989875,8.021545692949507,45
9301,1.0,3.5953709642181266,3.682729569964841,20.422633969430052,11.842301528111747,45
9302,170.0,4.120598206632935,3.2394735987286705,20.43265103185675,10.65014000820608,45
9303,73.0,7.063239893496156,6.927136976389795,20.433483287896593,5.0,45
9304,113.0,5.561080851378415,6.102465780229032,20.437138121864486,9.138469542836388,45
9305,33.0,9.506264383577816,3.71965480379291,20.43739796373292,5.0,45
9306,18.0,0.6172532180736234,1.4970884607197066,20.438327774454468,20.0,45
9307,87.0,0.08409018184797779,4.566401133356544,20.438661100323955,13.327086425679576,45
9308,10.0,3.726104855084481,5.773571310032616,20.44530658769653,11.488524592903046,45
9309,161.0,0.27705452440552114,5.180827066445172,20.44766036959805,11.621558181308757,45
9310,177.0,9.984055718121388,4.126928769520929,20.450074430406886,13.261486907401665,45
9311,130.0,6.115685994683525,4.691117630181012,20.45007452729169,13.678387170484685,45
9312,124.0,8.795820108348321,5.1673807325372225,20.45082845960709,7.051801440959952,45
9313,144.0,3.637403667239927,6.045569363585007,20.45190787803096,14.65305906686305,45
9314,9.0,2.554538493093453,0.12549391297865142,20.45441243550028,7.172638950477018,45
9315,12.0,4.095411325463769,0.30085266205149064,20.45896870305379,15.239387064666287,45
9316,174.0,5.482815645581058,8.043676623686197,20.459874142057455,11.955453424557408,45
9317,101.0,8.298875429576354,9.879589683519525,20.461312109202844,14.997576178525645,45
9318,134.0,4.973745294913481,0.4491767172328587,20.463821154939485,6.630321528343892,45
9319,197.0,2.278075866777934,6.160178102661254,20.465933823634078,16.80640865262897,45
9320,194.0,2.6283441084612393,2.1141010132701297,20.471510625830756,5.0,45
9321,44.0,8.113526647989351,5.077465933587559,20.473579574788253,15.697799140635755,45
9322,105.0,9.014453147291627,0.7433800050715511,20.479730479092737,15.369602633089523,45
9323,172.0,5.031481081489452,0.17558711509306657,20.481678052672052,8.845449367291172,45
9324,189.0,7.026183734667988,6.716968799748033,20.485861853947043,8.60285791255915,45
9325,81.0,0.1649057839560497,7.381523908430262,20.48649946625222,19.05619467160442,45
9326,128.0,7.017997728966612,8.55209434631053,20.488164055704587,16.774370797955473,45
9327,73.0,9.395223632530596,5.126173936115118,20.489309416309965,8.831561983319782,45
9328,32.0,8.335725606661848,1.9456104652163564,20.49004386011191,20.0,45
9329,74.0,7.830143240467693,1.4506530214008628,20.490048185884312,19.311572402817003,45
9330,163.0,5.072068450526147,8.535544205801093,20.49072068966022,14.477486821280763,45
9331,62.0,4.982382688553388,1.5830240124071238,20.492968003152438,10.645039309782732,45
9332,109.0,6.508517411830538,0.6702901152694363,20.49370123940371,15.335835693276934,45
9333,37.0,5.780822581236295,1.7602218677832115,20.49985225663182,8.781580242261883,45
9334,78.0,7.826190690794727,0.9026722288302758,20.505788541575896,5.0,45
9335,28.0,3.5452425916632304,9.93108362534833,20.50987450154835,9.228995618023177,45
9336,8.0,2.910469642980927,9.71494110962014,20.510578206001504,12.38656179747522,45
9337,31.0,6.69484799977338,7.595508494905909,20.51227438097472,8.06437151242257,45
9338,155.0,6.605133832857709,8.692170542798426,20.51617855596539,5.0,45
9339,64.0,7.21715123695927,5.914150711103652,20.520998357579565,16.998161481528534,45
9340,62.0,9.124969801011524,1.8051693004732416,20.528888144741764,9.000359051205349,45
9341,78.0,8.98553327698768,7.880732742131427,20.531764235809376,5.0,45
9342,171.0,9.193838698730207,0.30433897626625406,20.533780407745162,11.853074939742095,45
9343,9.0,6.891870158992093,2.5568322165714363,20.534082171081245,5.340534785360909,45
9344,2.0,7.364610274987048,1.2806368084273634,20.535547586482494,10.97466360158737,45
9345,10.0,2.1097630086391628,9.17432207756288,20.53562980845238,12.005308115421299,45
9346,53.0,7.474916221037232,2.377976653032258,20.539507470668617,11.773057067816316,45
9347,69.0,0.6624347493066396,6.587961428129557,20.543571114076087,13.324489769956491,45
9348,139.0,5.652632097684883,6.776395903427531,20.544958284123158,19.538620503430174,45
9349,171.0,7.467607253803074,8.846969610340688,20.54625822999524,9.09909837915723,45
9350,118.0,9.2087645847758,7.566343320314479,20.54746133550428,17.473709645573074,45
9351,159.0,5.127346413955765,5.2671328699515545,20.54885776273758,11.197296529021358,45
9352,55.0,6.545527162916366,5.425299689311379,20.55348848387512,15.247805376269039,45
9353,141.0,3.9090761147670836,1.9628775083959338,20.56185679492311,10.637114881503312,45
9354,154.0,5.350322739833032,7.846572496122475,20.563572609022494,7.750879856266669,45
9355,15.0,3.533771657164586,0.03883482381150327,20.573904003452142,8.822279564667001,45
9356,111.0,4.944268012508206,1.9621967555952669,20.576765247490613,12.19739335944462,45
9357,20.0,4.586023358862553,6.771896829209609,20.578207087763555,14.17038320047813,45
9358,80.0,0.6198204532973928,4.176133437964057,20.579949787992554,20.0,45
9359,193.0,1.27844513734934,0.4815011538280989,20.58484396471782,14.10168867497989,45
9360,187.0,8.09365783174523,4.791796784996305,20.586820972249182,18.913698895967137,45
9361,83.0,6.119684625512382,6.664773905285774,20.589513285473195,16.106398902244507,45
9362,89.0,3.034889059854584,8.824926822239524,20.590900655851883,12.08874528391864,45
9363,91.0,5.717303878743691,4.985099529095849,20.592689731293504,14.70838847416892,45
9364,38.0,7.4300184668615366,3.6699279640646107,20.597413891397096,15.700915933680314,45
9365,160.0,0.5297750915948374,9.898482409214957,20.59798813570741,9.62912243044724,45
9366,179.0,4.064418146816294,7.183001028886964,20.598195968389973,19.88217906480854,45
9367,197.0,2.582549474355992,6.2300864836697,20.59985374186594,15.363817660480816,45
9368,6.0,2.34035525948183,0.8173349426369692,20.600936330887663,7.939245568509422,45
9369,89.0,7.18355647400108,7.230607830088984,20.603297974108603,13.152905037788342,45
9370,165.0,2.778182920508616,2.2152893079715543,20.603840065958934,20.0,45
9371,154.0,5.537256225220441,1.7305094381586072,20.605102340061862,6.96469259468922,45
9372,71.0,9.850164313551758,6.1214069454811835,20.609343446805013,11.996115938776752,45
9373,129.0,0.33560509549750206,4.416685270978612,20.611901049561876,12.637098950122875,45
9374,177.0,5.188970063326703,6.917505417487905,20.61301569813565,13.55267898841498,45
9375,51.0,3.393296870003202,7.866888902854878,20.61357584343001,8.33703906839829,45
9376,109.0,9.586009503079302,8.720257951221118,20.614880661301697,15.837126546733455,45
9377,7.0,1.4087767938332896,4.538050214098195,20.617695364367812,14.16358058114614,45
9378,85.0,4.519969743473014,0.5180907391035883,20.61901315125271,11.511344354156991,45
9379,147.0,9.972464654756143,4.400325303468535,20.619863268049155,12.570445560318525,45
9380,67.0,2.9806083969413466,1.9963353988845933,20.621259821086245,7.883478045559482,45
9381,33.0,6.53745470584702,3.3353364832952948,20.621431850891753,7.2246121466055255,45
9382,111.0,3.924631567782292,1.0015260032104112,20.621986387071235,7.620946182623255,45
9383,190.0,9.787824958753866,3.6421914183405657,20.622603151988482,20.0,45
9384,122.0,5.681602281041699,2.0051597910298105,20.623307124188546,12.330463487597537,45
9385,183.0,6.862001208395084,7.760755698348821,20.62743717090128,19.430844436296134,45
9386,148.0,5.407602175993658,9.766352497249407,20.630795486748994,5.0,45
9387,72.0,6.8466505840713126,6.228784884275736,20.632228216523085,7.194274395385951,45
9388,151.0,1.0525523792624525,3.8071973211394305,20.637831631134908,8.761039418424293,45
9389,39.0,8.681108091610847,2.6011763341976324,20.63810303783296,9.683505205836955,45
9390,67.0,6.36042956643541,8.150308789352902,20.63903921272412,5.4093125039704475,45
9391,157.0,9.281937321114803,2.7514313356303877,20.64067149020607,7.8061605658058895,45
9392,83.0,2.3706399566188496,5.49789455066667,20.64090488254113,16.245783379124315,45
9393,91.0,0.7919160263149871,4.347866785018848,20.642108501215613,14.43938691977201,45
9394,195.0,0.4194480229268427,7.080375654534915,20.643031452967836,6.571458682753935,45
9395,77.0,0.06772099940898224,9.350891211727362,20.645746506366834,13.423451759198699,45
9396,89.0,5.929861780895314,4.253627056513205,20.650111132683012,13.349933103455347,45
9397,65.0,7.704934762823773,6.118574336334745,20.6613665617294,15.221533148318601,45
9398,158.0,3.635230925731584,0.24859751428643606,20.664958201765756,18.51906500416628,45
9399,174.0,3.540019818472615,5.768962861578132,20.666983303553863,15.706069714906764,45
9400,119.0,1.6731403532191613,7.62937917407045,20.668058152853153,9.581816332333123,45
9401,78.0,9.081024028940316,5.676546348603111,20.668146281331513,5.0,45
9402,114.0,3.92326922970328,5.129698493322775,20.668297358392433,7.569215425929845,45
9403,157.0,5.355141534079305,7.935115611138601,20.6705295401304,7.098238270419007,45
9404,15.0,4.625002515121805,6.980800563502056,20.670907043005634,5.0,45
9405,83.0,9.225855248676366,9.553938664177027,20.67118185789937,18.71831754372622,45
9406,38.0,3.096481037131935,7.781005335319162,20.672638680988623,12.567577584224912,45
9407,132.0,8.025378969716138,3.6745294148754883,20.681948276891067,9.44973559536073,45
9408,20.0,1.6368768846440218,3.733043108168724,20.68283946154925,11.755760091440592,45
9409,47.0,3.259545471676212,6.2545460773299375,20.68489398707286,8.71480066156503,45
9410,116.0,0.8270110607599457,0.7214237742116225,20.692575123113862,10.344159589888566,45
9411,195.0,2.705317973918783,3.2041114525013956,20.697760187482082,8.666848035202118,45
9412,184.0,3.2526241835491607,7.89515310139222,20.69822579327721,9.394639466661904,45
9413,78.0,8.394102356007886,9.869276326862456,20.69831336925799,5.0,45
9414,108.0,6.994170907943912,1.1816930948462911,20.70436138491737,9.804130992358047,45
9415,21.0,7.453293687157373,8.799540954433125,20.70527321941242,9.258099198525464,45
9416,18.0,6.909984749413525,2.3792636937036638,20.706300463012745,18.69478002084158,45
9417,158.0,1.1862461083966291,1.402422208109011,20.706326641682416,13.960102655825715,45
9418,12.0,0.16325729642155618,8.779577148873134,20.70919045992597,16.27610411729161,45
9419,117.0,5.345759852777041,2.8556038827322117,20.7094654977692,7.941661337794665,45
9420,153.0,9.142906448352157,2.7135390069358967,20.70990952003971,6.067915510383276,45
9421,93.0,6.531893701895958,6.763355293075014,20.712271180878858,15.564854025200555,45
9422,134.0,1.4261844291743875,3.6704959346202193,20.716505854710075,10.830775620976372,45
9423,109.0,1.911857344622655,0.5415063619830507,20.718222195089844,15.639440492528985,45
9424,145.0,1.3111065527931665,6.509503400456903,20.719453214230395,11.201394669890155,45
9425,142.0,7.296940269733505,9.424464848252603,20.720446265687027,13.909160405406412,45
9426,89.0,7.51184879973684,5.7002136935755345,20.722064985865817,12.143801500935957,45
9427,45.0,0.2699908444315502,4.669042164271718,20.723623040153605,7.503560932625368,45
9428,75.0,4.530429053680457,7.694958167700881,20.724451553987222,8.514268478094486,45
9429,92.0,7.279563920608167,5.9764257437940325,20.7313185549308,10.9787851945993,45
9430,55.0,0.36946566893214183,0.13187681963600428,20.73259691646227,15.434885836157795,45
9431,196.0,1.0396813403025373,0.7018410971333822,20.73888645618536,8.339076639534174,45
9432,198.0,4.418708669735177,5.66556600205719,20.74475521172132,10.186506106429146,45
9433,176.0,1.8837253112655916,4.498848229256957,20.74659673686886,16.715520361205883,45
9434,50.0,5.612131339505346,5.912355764853585,20.74699827989418,12.26351875174117,45
9435,87.0,5.122391373937568,9.623815440759007,20.74772983676602,14.670659972204653,45
9436,15.0,3.2811715889944306,9.628155648977897,20.7480015988303,12.164095537795411,45
9437,158.0,5.592477388634748,5.7409699403459005,20.748244091867342,17.477465157101015,45
9438,7.0,2.762357609382863,8.120905949556914,20.74892134149175,14.093225284460098,45
9439,162.0,8.306233151193773,1.224899309764984,20.751031918079466,16.665319414419965,45
9440,97.0,3.3598281644813053,9.019893840960918,20.755774092772207,20.0,45
9441,70.0,6.520194470235739,8.297263757590246,20.760571478081467,10.638281687555182,45
9442,49.0,1.2433461500284282,2.4775374420060947,20.7605749966363,16.522315315041585,45
9443,193.0,1.4544741576449893,5.339327054655928,20.761948538088486,12.6858237770573,45
9444,77.0,6.350950835115025,2.3624329449376225,20.76321544610699,8.538034983259118,45
9445,157.0,7.494059781703975,8.034915795336023,20.76559959095278,9.797690130646163,45
9446,140.0,6.0866019736690085,1.0285932013827215,20.76623609157543,6.647690206416071,45
9447,32.0,3.5972923836262893,9.416899948494498,20.774600533173782,20.0,45
9448,136.0,7.686379079466516,7.5531784309931185,20.774777257291028,18.7896588951081,45
9449,59.0,8.948869476367074,1.0328181321090801,20.776046683666607,18.631606046967846,45
9450,126.0,5.405726551763378,8.047496678205428,20.779539668256863,11.377530869374224,45
9451,43.0,2.9551700393725633,1.5163155248025217,20.781346409730197,19.46172242315795,45
9452,37.0,5.591028808767524,0.1843881835422756,20.782915488229662,13.214319221605885,45
9453,65.0,8.201296795004081,7.945053179307911,20.784844742775068,16.280833052973588,45
9454,89.0,7.52635174337552,6.124784710270629,20.787857577520544,14.774582438705915,45
9455,115.0,5.16369304651742,4.887960473683293,20.789263511865702,11.277935346868405,45
9456,95.0,2.3964112790917325,3.141577093020469,20.79228634779237,5.289709814816666,45
9457,74.0,1.6619705585966993,7.5062598801871685,20.792950266007903,20.0,45
9458,48.0,2.9577263238919094,3.9362329575893873,20.796388084369937,20.0,45
9459,32.0,3.6071498322766327,8.468457664090321,20.799416846877115,16.048392157396982,45
9460,75.0,7.319098624221409,5.818867002719203,20.80208825079223,6.266566584268323,45
9461,185.0,1.7323659887031961,2.450994577004283,20.803630446209574,7.241011934132104,45
9462,0.0,6.428567207607626,9.87313415780405,20.803632431600487,5.0,45
9463,105.0,5.637560759460555,1.290159531195323,20.807400785223393,16.719795362363424,45
9464,48.0,2.263938588338068,0.08970316962067737,20.80815264424021,20.0,45
9465,117.0,1.3256123874759518,3.019949260199941,20.809536403154432,10.770816079876747,45
9466,28.0,4.846979862490128,6.897196211731924,20.81122107216428,13.21527612567435,45
9467,162.0,5.136870372428514,6.894128921184768,20.816502020540934,15.239218058270112,45
9468,157.0,4.342437918909705,2.848508737502742,20.818817026333463,14.067408266398449,45
9469,138.0,1.8996202530441852,9.247216794868912,20.81899606344481,6.946145644162547,45
9470,188.0,2.601914045887649,5.485191257688711,20.819596847597882,13.275391491012716,45
9471,23.0,8.090008745380675,8.072630886989906,20.819802122556624,20.0,45
9472,80.0,5.406481445198752,4.676416236636895,20.820422496593984,16.908637309132345,45
9473,139.0,3.823056290063839,6.501213148400657,20.82063206557229,18.08045714224259,45
9474,119.0,4.512670322907654,9.721936038442237,20.82234614164134,15.650283329177645,45
9475,199.0,7.07813362373509,6.41986427815636,20.826331481468543,7.685393906555753,45
9476,114.0,2.7919118325750327,4.146787366771512,20.831808387574615,6.711069867120382,45
9477,158.0,5.490155545062803,2.6409856642134133,20.83210352727615,18.124227740238517,45
9478,57.0,6.055380634124838,7.9067232816024635,20.833056049995022,16.117499306523328,45
9479,8.0,6.401679720810813,4.902338079161302,20.83495470360123,13.584626585445372,45
9480,190.0,1.4549320830887724,1.5572940901562848,20.837407394465636,16.786006527205213,45
9481,129.0,9.374553973928263,1.5821000379999584,20.838683528136485,14.274311285289905,45
9482,81.0,6.915544206046231,8.579739834422185,20.84003207827246,17.086111989493475,45
9483,70.0,4.063526448343948,6.986144359686187,20.84144979685327,8.982851800559253,45
9484,163.0,7.875652166305395,8.161365812374662,20.84329413216154,14.040984901330475,45
9485,191.0,3.077121956861577,8.371505652962517,20.846824075404655,19.143528702565902,45
9486,167.0,0.14530345959392732,9.653613303455312,20.849731982257026,6.120620625061174,45
9487,169.0,3.3923915926045947,3.9192088887443646,20.857296897997394,19.110435378755728,45
9488,6.0,1.5212626349363767,3.9707302277962073,20.857539434763783,11.98360894154196,45
9489,62.0,7.035638347466105,8.69605597699258,20.858442263162832,11.016889507561665,45
9490,177.0,5.192658588880425,9.318169229090575,20.863435992663522,12.725315545107405,45
9491,28.0,0.6673079918877667,8.622363736990069,20.86365433920915,10.885284852165356,45
9492,161.0,9.386978497905785,3.148893587506217,20.865175694753262,8.43439229665396,45
9493,1.0,1.0308868543097371,4.111083103563392,20.873169395725398,12.602976822112725,45
9494,79.0,5.6858469863576255,4.267249936945308,20.87334101735989,18.264347044606,45
9495,86.0,5.676938861042173,4.393411620882862,20.87436981298793,8.457761923140648,45
9496,169.0,6.596808141278576,6.030043298480431,20.877051566973243,13.305404727181266,45
9497,6.0,8.63316337532596,8.400891405962653,20.878866528065952,16.7512400826882,45
9498,71.0,0.37987760296057105,6.906318267249719,20.882756699605935,11.410973785425192,45
9499,164.0,0.2300658639615205,8.54752999660197,20.883313706018008,18.148898649480532,45
9500,75.0,0.27489938163364536,7.863595670866848,20.886774495893583,8.818689497211935,45
9501,197.0,4.625241862779134,8.354309031280486,20.88698733227687,19.728682841898696,45
9502,144.0,2.1545366335096103,7.739344265038434,20.887180967133723,13.765848579272067,45
9503,11.0,3.2268852870446207,5.205113356003097,20.888561976554165,17.70101927040247,45
9504,41.0,9.77865722912129,3.1987367520922074,20.892628279006253,19.283669555149274,45
9505,10.0,6.637136820899973,0.1355984658043452,20.89503710368323,12.329445791485654,45
9506,156.0,4.994411579875829,8.746392224529128,20.89861806605053,16.947001550971997,45
9507,110.0,3.3094878986156018,7.468822108812525,20.898992336897436,15.511835101743355,45
9508,46.0,7.42152472489415,8.93209429517779,20.899486052981583,14.887353989616539,45
9509,108.0,5.949852891867469,6.0097669957778,20.90038312495698,10.517599238689225,45
9510,158.0,2.0440378524717273,3.470350419515916,20.904415711232414,16.081230645937197,45
9511,79.0,9.689760945269127,5.982761654781469,20.90588837162556,17.742916229702452,45
9512,19.0,7.0471064493188855,6.718596809296017,20.908750514760776,13.806618420295996,45
9513,10.0,9.665042942949789,7.66549272681308,20.911721629718024,10.564646650655732,45
9514,11.0,9.851025757281695,3.3123643125914723,20.917008623576493,20.0,45
9515,97.0,2.3099566946271266,5.05226963211584,20.920437561367297,20.0,45
9516,132.0,5.163820973760913,0.2585451137574746,20.922599859599735,14.068654994374246,45
9517,78.0,5.63306674932052,4.229752658647699,20.924032818678143,5.0,45
9518,16.0,4.015020147205634,3.8121797737635044,20.924069224690413,10.119520118310607,45
9519,56.0,5.438840909793587,8.33642414206859,20.931925611156903,19.152364947516833,45
9520,160.0,3.9090985351740803,2.241447988427007,20.932601808565252,11.280659548220296,45
9521,171.0,4.633597630350364,5.400983592213362,20.937973521465498,12.306163558797516,45
9522,80.0,2.572790162221094,7.386795016760409,20.938134511404815,18.258766587396668,45
9523,116.0,5.395742567511098,7.045814680944393,20.93817671039021,9.62747908485451,45
9524,38.0,9.068118034132048,9.328415897748542,20.93891114757817,17.6459161563939,45
9525,62.0,2.934646181484145,8.198026720807313,20.941028279973853,8.325951758555302,45
9526,90.0,3.9584586569995373,0.36163014928959236,20.944761929005164,11.541637886203496,45
9527,196.0,6.610448726855909,3.111359386221956,20.946981640077286,5.9689544191175266,45
9528,164.0,7.747355947121514,3.247378879437913,20.951260322597324,16.82945912278745,45
9529,73.0,5.86092157123241,3.799208287843846,20.951551736517732,5.0,45
9530,94.0,2.3226767666402113,6.579840795604976,20.952412124285324,9.371957609474826,45
9531,133.0,4.34460807948513,0.8852847134447162,20.955556983018166,12.86393423864078,45
9532,90.0,3.9452765009054422,8.885455017125096,20.957682024351524,9.481414295144031,45
9533,38.0,3.169086658575937,9.725350285786188,20.958913383615844,13.225562590176573,45
9534,1.0,0.2707306272331955,0.6689797134876119,20.9598790768924,12.524533136854314,45
9535,73.0,5.216581061835422,2.8863729583354916,20.963888532092295,7.881986670571138,45
9536,24.0,8.133919738140332,9.706210715178456,20.973491810571296,15.435088710524553,45
9537,87.0,7.913886185493734,9.930487955410355,20.97431384562467,14.7915896004075,45
9538,85.0,2.2971161676554863,6.544361111046183,20.97548667688212,11.794656252968462,45
9539,186.0,8.86939921633155,3.134457926350943,20.977021977104833,6.331805879790815,45
9540,173.0,9.947659942053711,4.5102027586006175,20.9770266952354,5.0,45
9541,86.0,7.421465508521143,6.770748271858614,20.979159239551393,5.38303881850414,45
9542,119.0,5.01066126254894,1.7503220673054776,20.979590380935623,14.158070715272334,45
9543,75.0,9.539730327188673,7.068253728990403,20.98169483505984,11.702447103139141,45
9544,8.0,2.5156306793648477,5.710376166650832,20.991449019663794,15.304363709098427,45
9545,129.0,5.3549915071806256,2.211985060371704,20.99156039085119,15.145490511513831,45
9546,184.0,8.488871178859297,2.5700663469897522,20.99577849377424,5.4666881029474546,45
9547,155.0,8.571454779904355,5.81316085636,20.996490843827054,5.483169000246516,45
9548,188.0,9.269954173438737,5.175793786007019,20.997066270010404,15.245587818448994,45
9549,109.0,8.395650777513989,0.30503856081358305,21.001210032002618,15.03322289162312,45
9550,28.0,4.188837645770901,0.37675402243204537,21.006103134968427,11.03221907361104,45
9551,12.0,2.4207679765090395,1.2835544478238536,21.011788960262308,16.316585135529685,45
9552,77.0,2.8329934604426943,9.288565609557763,21.01310371162193,9.245361378758304,45
9553,138.0,0.9112397754401014,6.777721592778198,21.013478916536606,6.182664810961455,45
9554,6.0,2.0696754014251626,3.6560143949462787,21.01702864265101,11.766641444342138,45
9555,139.0,4.1138206919320055,0.8859662089434805,21.020901069678814,20.0,45
9556,168.0,9.59499628127862,1.547146588142091,21.022259233246213,15.626700947197198,45
9557,78.0,9.764470807382427,5.254257892278008,21.026687805441647,5.0,45
9558,93.0,6.215457468647918,5.554563489926605,21.029224733865316,15.275731273305505,45
9559,115.0,7.38837840426826,5.277101507031741,21.037329495686556,12.548354472787643,45
9560,141.0,9.393472002655113,8.727907195334748,21.03968520742083,16.348315580047206,45
9561,136.0,2.190359946346626,3.317728848811771,21.04838829142889,14.705532538874674,45
9562,123.0,3.410169571407875,8.56760012566666,21.0539019272094,16.508529473201456,45
9563,107.0,5.288608704013605,7.081692231330065,21.054581201275425,5.0,45
9564,133.0,9.244926672043723,9.00090226565459,21.055626072977695,6.909449202114624,45
9565,18.0,0.32259169343358374,4.55360792609606,21.056472083862033,19.448446694030086,45
9566,185.0,2.310989461688001,7.1380874546848725,21.05661107984112,7.311028027419779,45
9567,174.0,8.820351911953816,2.401081152802249,21.05705026878294,13.708902593365977,45
9568,26.0,9.645359776885968,4.871396945107875,21.060450706654162,20.0,45
9569,60.0,5.993322900045895,7.592304109928786,21.0609130042184,10.06402687876294,45
9570,76.0,2.717834430529986,4.428268610829056,21.063292503834933,6.69359895150619,45
9571,174.0,6.170192085135763,3.2659653346848803,21.063617506099945,18.573856048301156,45
9572,86.0,7.446006062517984,6.402028963832206,21.063953141987852,5.0,45
9573,180.0,1.511188040711483,2.2035288102695283,21.06458562552529,11.478131943210252,45
9574,196.0,1.9116734499118615,8.126935803003935,21.06519880151522,7.2233792536515935,45
9575,50.0,0.34431845443399833,1.4469522293375336,21.06630313661541,11.197479519394783,45
9576,2.0,7.996026665095819,4.705303691446508,21.066996415004503,10.655590891822268,45
9577,193.0,5.024183142093209,3.394714700475295,21.067906938651195,15.294646846406735,45
9578,135.0,7.047506789433121,4.539181148697132,21.071477789549288,8.563407652046955,45
9579,104.0,5.554403735515908,6.069302797552332,21.072109942290894,8.119665283111058,45
9580,64.0,2.024895980818645,5.565013588226827,21.072177208079346,20.0,45
9581,4.0,4.250427747378658,5.279110761859876,21.07389957518046,19.325693437999742,45
9582,196.0,6.809057678867348,4.355383973834272,21.076386049560067,9.42429538141278,45
9583,197.0,1.7817229471438423,7.366528560824953,21.07802454105015,15.220721384101068,45
9584,53.0,1.3766709126631616,0.4925978722247726,21.0780452288448,9.04905487585607,45
9585,176.0,0.8904827502272161,7.021003871124979,21.079388988437735,16.38865288469019,45
9586,137.0,0.9729993292569772,9.612514744394495,21.084917575199782,20.0,45
9587,164.0,2.487828701847005,3.988610711693612,21.08568582120521,12.75947291836987,45
9588,68.0,6.146205241111038,7.993312819657841,21.088322445108794,16.791751157482143,45
9589,187.0,5.035669442259252,8.496894072250496,21.090003486761034,19.90318146939876,45
9590,120.0,0.04539023301840639,1.9484529853619303,21.090269512228183,13.670470244160445,45
9591,180.0,8.260668702498391,5.7109641113517595,21.09057033023786,15.289802219676828,45
9592,180.0,9.859712158572888,5.305211011203452,21.093145025889676,13.752279444306547,45
9593,122.0,2.47099339103852,5.337572639148865,21.095604131172436,15.384509442800491,45
9594,29.0,5.912978869371928,5.755105439447177,21.09849002395279,10.650713964333333,45
9595,26.0,2.006707408306967,7.292551790770387,21.100531254436248,20.0,45
9596,141.0,4.339537460338337,2.1120807373136663,21.102150273650196,10.312670952449764,45
9597,132.0,3.2499671933603222,9.997034593195698,21.1031415919889,10.308473595555265,45
9598,11.0,3.9107991627151915,2.1263213673680372,21.104113729241355,20.0,45
9599,45.0,7.942191602250915,7.077208341848906,21.1053933591285,7.689955271547879,45
9600,90.0,1.2428426914548185,9.96942423405634,21.10673321453797,8.206127520856938,45
9601,21.0,0.429467364864039,2.4734889512043434,21.10888758929703,10.231193761586168,45
9602,167.0,3.0410727551662244,2.978946954511744,21.111898407038264,6.517831599266146,45
9603,99.0,5.476698056040618,4.339917869631135,21.113748967247027,18.638175903856695,45
9604,95.0,3.252855108758511,0.23915583195522228,21.114498092808205,9.647571681812261,45
9605,2.0,6.496945579944903,4.578464414809705,21.114954371352074,10.602513232688182,45
9606,122.0,6.379393260000267,8.392556893322503,21.116355633016134,16.20228104852057,45
9607,64.0,0.3218641804962241,4.363445308274299,21.118381289189237,16.130839493020368,45
9608,81.0,1.5229391833040873,6.591716314457699,21.121229933780786,20.0,45
9609,136.0,6.152739443066716,4.66112202181734,21.12237695112599,16.658935059731846,45
9610,174.0,3.2154207499749123,0.5726598020023543,21.122996155973297,13.221929956325924,45
9611,161.0,1.6827926399658577,3.8498669278009734,21.124354288559335,6.029907445686194,45
9612,134.0,8.970490372497785,5.716908233103436,21.130204188493895,9.768308631466292,45
9613,41.0,8.129706586150721,4.1487546427828494,21.131590951771635,17.339974120107236,45
9614,137.0,1.501824261716177,4.60937111830545,21.131604633772884,19.209108117061465,45
9615,188.0,9.493261419348741,8.644672763386946,21.13416774212864,10.639899711794989,45
9616,78.0,7.273657762830057,5.298862025594385,21.13662100274618,6.23234289391108,45
9617,43.0,6.312767422057356,3.806093897211409,21.136647037693127,18.343374321853524,45
9618,193.0,3.6504212976587516,1.6809691792298254,21.136724267806777,12.686804558243592,45
9619,46.0,2.6226644109730413,6.768839742781432,21.13942013980889,20.0,45
9620,4.0,9.605960269455952,5.681550677210522,21.13980217052131,16.137744514518133,45
9621,150.0,3.2715688748581515,9.294103967369079,21.146955188482238,14.525506988492618,45
9622,76.0,4.833689729510279,0.9757254044821573,21.147259054885502,5.0,45
9623,172.0,6.384874074651239,5.190743277616582,21.149911504917878,5.379885222495572,45
9624,25.0,7.8115964099950865,3.915105410396299,21.151088776086752,19.403215614335945,45
9625,156.0,3.0258958851821727,6.195669001331075,21.15310894031817,15.967625959383497,45
9626,195.0,2.0028956924131016,6.430795403735492,21.153120333677368,8.178139736225011,45
9627,191.0,5.589278313994212,4.5845867350808245,21.154068464417787,18.250201884744474,45
9628,50.0,9.138689458236234,6.802367841851586,21.154391622028967,8.560479336285113,45
9629,172.0,9.646628123615812,7.576695498618938,21.154997135170827,12.306001459988767,45
9630,144.0,0.4942153689175788,4.91237782437156,21.15601208983732,17.985647936714543,45
9631,123.0,3.0112317708503644,5.2670568262240645,21.159365326544116,16.071655333803793,45
9632,11.0,3.514457042341771,2.9895497044566364,21.160583963698343,19.978234147590356,45
9633,106.0,2.178894225513046,1.4712522847279264,21.164528798789824,8.26087053815649,45
9634,139.0,2.3106388851086646,6.246227314001649,21.16851796102857,20.0,45
9635,194.0,8.325931694586517,3.4771213172089044,21.16897918458167,5.270288078126244,45
9636,182.0,2.2165546057539975,8.144151882443667,21.169691846235803,11.882332215343247,45
9637,10.0,5.206455683311298,7.256903410486846,21.170777732457154,8.505163727764895,45
9638,46.0,3.2171141456966392,6.039545314057236,21.17198343655101,14.907264855260724,45
9639,91.0,3.2886144147734395,2.1716006257269727,21.175667747642652,15.281165932111794,45
9640,141.0,6.622918996168586,9.756609930865679,21.17991099710823,15.766662443014464,45
9641,157.0,0.4738201655941876,8.481736370528756,21.18259938203711,13.799824478642261,45
9642,127.0,2.387198768999413,3.829368810724757,21.18533822542696,11.970324699428195,45
9643,0.0,5.121503598200773,5.143460568556022,21.189351468220174,11.39703754836945,45
9644,167.0,8.674806019298574,7.373831763138794,21.190517513031757,8.874371376015944,45
9645,68.0,5.633869279238294,5.589650445038544,21.192931901759298,18.22130598162497,45
9646,134.0,2.556512537463298,1.5703210389437028,21.193255358873138,8.60331543511069,45
9647,150.0,5.513235058716672,0.6690401796543144,21.197151954697304,11.485007030156481,45
9648,99.0,2.931692376631495,5.3431033468020095,21.197236727548564,18.5645172662681,45
9649,112.0,8.440618775223045,7.075273275262221,21.204244450621797,7.766486745586163,45
9650,150.0,0.39717763901423786,5.477096592200433,21.205735300119613,12.821451503045202,45
9651,188.0,1.1994785264762708,8.16950656157168,21.206600437663138,11.643706401081728,45
9652,95.0,3.3598377644661537,9.5718420532535,21.20720141025969,5.761947974871271,45
9653,118.0,5.265086920582914,9.002995343464175,21.20741606299262,17.02784646633144,45
9654,194.0,9.66355898053419,5.978985796981683,21.20773568973423,6.637647184973259,45
9655,183.0,3.626652974768121,0.4182744093995894,21.207944400120084,18.86517509238455,45
9656,1.0,8.440655198062046,2.4257222533414846,21.20886191430835,15.450739968183592,45
9657,2.0,9.872276365495228,2.5711964444374216,21.210333302902644,12.45719499659872,45
9658,127.0,4.66417582484463,0.07069025229159975,21.215823432486648,9.845865513829036,45
9659,173.0,1.2256504410323876,7.185661234352324,21.221052160491094,5.175317078990136,45
9660,59.0,9.285979519841481,9.449948133495502,21.22368651877583,11.798144543427028,45
9661,184.0,5.493300356700749,0.09058549919154335,21.224591981497714,9.535818413329086,45
9662,175.0,4.41503335446451,7.409559906938943,21.23231724279572,6.137125440166053,45
9663,166.0,1.7973724810346003,4.0262348732907505,21.239935655016172,18.493285782116395,45
9664,107.0,5.1894152347961775,1.22375856690637,21.240472520586707,7.489272172250377,45
9665,2.0,5.104786629159533,3.5665116997933612,21.24056271557798,11.947679612869793,45
9666,191.0,5.777090383101649,5.438794989143226,21.24324838039208,20.0,45
9667,124.0,1.027773170619054,0.4482150618938674,21.24588982815858,12.51769454430623,45
9668,25.0,3.5217673675468566,7.24622786263224,21.249231025561766,18.878554979879624,45
9669,15.0,9.903256807225787,7.6309870225729295,21.251687289118067,9.013994816428387,45
9670,9.0,3.23588188725501,0.5736983726570954,21.2523911943291,5.0,45
9671,5.0,5.988323140345006,9.304695239760186,21.252899859217866,8.348005237602607,45
9672,38.0,3.4066194399667307,2.9213870412408904,21.254158948049046,12.242858246391059,45
9673,34.0,9.390652871822931,5.247146822798083,21.255904800722387,16.884161064023136,45
9674,151.0,0.2597627084701948,8.465703166905623,21.256646242647157,14.251520852287781,45
9675,42.0,7.344123641869551,7.84861425303503,21.25882386706759,7.342711448974131,45
9676,190.0,0.8940079094994513,8.529204791746782,21.263635796818065,19.01694432633873,45
9677,4.0,4.057332035664784,3.0054060182645568,21.27067020457811,17.105840567880044,45
9678,158.0,3.4160931455554158,8.782808025060246,21.271122746938286,16.162203719465516,45
9679,130.0,2.9889581439505744,9.027423128466355,21.271820380590675,14.098928449985337,45
9680,59.0,6.738514885434665,8.514101127082823,21.273949438269774,12.547629707282084,45
9681,109.0,1.6108993780737557,0.16225216042070167,21.278489593193243,13.330579935685778,45
9682,47.0,1.583107758030502,4.596016716222636,21.2809721891341,5.899394198617611,45
9683,87.0,1.4324653526948594,6.66783046611671,21.283942983717616,11.548594905224046,45
9684,153.0,2.6438577279284328,5.771637117311466,21.28742563516538,10.04390113891034,45
9685,54.0,3.0855788956190286,8.312484820928741,21.288245705166794,13.490424320082987,45
9686,95.0,2.632725528352411,6.3088683316732554,21.29157537215641,9.01376417601848,45
9687,72.0,2.0529399321719435,9.142359853737892,21.29485005078864,8.918912870582487,45
9688,82.0,4.182563304440877,9.986276490313392,21.301037654939016,13.241492579300642,45
9689,63.0,8.695926139950682,1.614969627656413,21.301901491266463,18.16810383516551,45
9690,82.0,4.684546381545353,5.4080376803006525,21.302743264935724,10.985304646664538,45
9691,49.0,8.436455000937094,2.090104472047293,21.305709787364854,16.120888137947173,45
9692,198.0,6.043161637991721,3.3862946801790406,21.310551276122865,11.871593294709964,45
9693,51.0,6.7903833995713905,6.177891466391557,21.311102629848307,9.955886701559647,45
9694,156.0,3.696186494316044,5.132276131704121,21.311910123599567,17.76027245315544,45
9695,78.0,9.462767477522283,3.9356088221933536,21.312673699100458,7.921236564731427,45
9696,39.0,3.650999079782645,7.897643740407036,21.316142229917993,5.0,45
9697,12.0,1.6850336731549098,3.9683240733145633,21.31626539028111,18.59456281289189,45
9698,53.0,3.774856095260817,8.087686641598475,21.318259489003317,10.005382856634043,45
9699,34.0,3.615362862270125,8.318355165850319,21.325296107324448,16.462375864136234,45
9700,29.0,7.179761961857745,6.453069189583109,21.327530023885778,9.321132358142265,45
9701,46.0,5.24760754960782,7.727565537800684,21.328628225295162,20.0,45
9702,11.0,4.412702380106447,8.421935485554737,21.330202434228177,20.0,45
9703,194.0,7.330174317962259,8.496696302750546,21.33114236160553,8.835024152340862,45
9704,47.0,0.5070584264627043,9.312319477064484,21.33164361949396,9.307284306588338,45
9705,159.0,3.6231388763494454,4.14179007760911,21.332225001661,9.27099115221219,45
9706,158.0,4.124662175994196,9.664281143836732,21.333564254584456,14.141644676095913,45
9707,166.0,2.7315664674135554,3.4366219200514516,21.336107598366777,14.13220643979494,45
9708,94.0,1.5848679362832496,3.4658712540112555,21.337730253593666,9.24321233138938,45
9709,9.0,4.672332957748813,9.865752934629661,21.338488759132243,5.226242616168075,45
9710,101.0,0.3747204870507159,0.8264462752226098,21.338668314579444,16.109955253625145,45
9711,65.0,2.002626872262251,1.9517431120484507,21.339433021868054,15.673609145474794,45
9712,78.0,2.9720011727904314,0.41487680007713856,21.340449584363252,5.0,45
9713,114.0,7.539121420269799,8.126925950744395,21.340947725161485,5.652552299121451,45
9714,186.0,4.7664743966350205,6.6370144645807,21.344459795377333,7.7539113596840785,45
9715,167.0,7.12022045857207,3.939552213909164,21.346361207318225,5.888864353250309,45
9716,193.0,7.291157120126338,1.245098264211233,21.346640125209433,11.628747699997788,45
9717,183.0,3.1000657828935774,6.72409154500659,21.35133472710462,20.0,45
9718,64.0,2.084545511678951,2.2960549592051516,21.351827356400197,19.013093063766174,45
9719,77.0,8.016331152080898,9.580146981278432,21.354962370084365,8.345737414997917,45
9720,32.0,6.6690244950488875,5.687066633379012,21.355469216672002,20.0,45
9721,94.0,2.1547262575666926,9.987709018016664,21.35802905683852,11.913237552367196,45
9722,125.0,8.103493714655253,1.621766066586613,21.361591333549107,17.491720957734447,45
9723,30.0,8.562625999084942,4.852662397350064,21.36164769063913,19.683712888698814,45
9724,44.0,6.6524499824882035,2.170909820733341,21.366819991180456,20.0,45
9725,59.0,7.0846717847612215,7.827097792084099,21.3675092685672,12.051990085919634,45
9726,30.0,2.677297397927126,6.04545684533968,21.367574659076055,15.815920740896798,45
9727,31.0,0.3367256420854714,5.529245517275074,21.367599993040805,5.711886793837751,45
9728,52.0,4.683501422853624,2.8126867629710572,21.36990900415914,9.598434467146522,45
9729,189.0,4.471596952444857,6.140480378938083,21.371166414740404,8.045881303865299,45
9730,79.0,9.356988452987961,0.42335072295883847,21.372960779360216,16.822985858690853,45
9731,24.0,7.701278535312444,4.142519159361698,21.37323498438578,17.46660391146767,45
9732,77.0,1.5544808469964122,0.43930712155357043,21.374224876862,9.202672032193131,45
9733,15.0,5.575924077680362,9.084480505367747,21.374361303988827,5.0,45
9734,113.0,9.743204787056976,2.851226984861305,21.375161798012055,11.236824064277705,45
9735,135.0,7.03502503436339,1.0634035955261412,21.375211672679566,5.0,45
9736,99.0,1.8413501139365618,4.8634297928037205,21.377374540510427,17.329881031505902,45
9737,31.0,2.661926701034459,6.190154509956142,21.3797125651644,10.736225547060368,45
9738,105.0,8.73392070543283,2.0518316880373257,21.380479857973725,16.015408489757327,45
9739,135.0,3.506500576801508,8.623001435519233,21.382997675596016,7.35029821705726,45
9740,175.0,5.795482311350982,7.987549612566815,21.383597238850978,8.022579447087525,45
9741,88.0,7.851269676365554,6.121936436300585,21.388524506378523,18.77479204969486,45
9742,163.0,4.44130709623166,1.3727633979461817,21.39203570229909,12.733350697285537,45
9743,172.0,4.25248162246837,7.522857227621903,21.392387797376376,7.101379372614993,45
9744,18.0,6.254941963231712,4.4672568481760315,21.39593721389959,16.881232087208137,45
9745,140.0,1.9082139778066176,3.5654910626663883,21.40054952723149,7.816595274421404,45
9746,71.0,8.801822225417894,3.1108328503179528,21.404121718166863,11.291822037921511,45
9747,65.0,9.252006555104211,4.220003903905019,21.407077309028814,11.832012879694076,45
9748,178.0,8.591085873251664,9.01544385414742,21.407725419335303,13.835064678931264,45
9749,54.0,3.666470000053008,8.402617115890864,21.410466455505134,12.814724411790383,45
9750,62.0,2.8083575003304917,8.66222302490643,21.413346411715196,10.965109429425901,45
9751,111.0,9.651177971887279,3.0039711895755463,21.415861394942084,8.204665192668532,45
9752,4.0,2.9978141901258737,3.581506461672024,21.416762343749273,20.0,45
9753,20.0,3.4367824408453194,2.0266673964566575,21.418599692263925,13.523018690367735,45
9754,87.0,1.686976463471439,5.807414394712679,21.419580925119973,10.611606718892325,45
9755,161.0,9.06892295303357,1.9755730330396337,21.420874299699914,5.388554653314587,45
9756,143.0,1.4079577518467812,8.996479990518269,21.4213761243804,17.149401630069274,45
9757,119.0,9.341080946297994,8.877158495332386,21.421412591621817,10.161145570236005,45
9758,87.0,5.666985066989552,7.958992861549304,21.43401267004701,16.295727455729857,45
9759,36.0,6.087200514815719,9.558269880136162,21.43689186666475,13.47783653320245,45
9760,172.0,2.705144846156249,5.943398650143637,21.4369877466686,5.0,45
9761,180.0,6.3922675783912455,5.047493333143837,21.438251724469687,14.842070147917093,45
9762,164.0,0.22527686217655662,0.3532498615831692,21.439865925596273,17.905772104825406,45
9763,192.0,1.2084364594249553,6.6869359739011465,21.440208661287294,9.541724465242838,45
9764,91.0,2.698678311018324,8.113247068934388,21.4405808128066,12.372608284133635,45
9765,197.0,4.9671617273260065,2.463759641498898,21.44191472950678,17.1390887467888,45
9766,136.0,0.9730386039447136,1.2443433096253564,21.443242378574283,16.703715988893958,45
9767,184.0,2.4884820553259313,4.707559911576733,21.443992685145012,5.182942927308542,45
9768,59.0,4.926107626055059,4.318840133950854,21.446740766772884,12.648498872387696,45
9769,178.0,1.2455015089764954,1.8509947625785572,21.447241030316903,14.218527291933459,45
9770,167.0,2.185037024246607,2.9568141643619295,21.44850718093703,11.148903545438833,45
9771,108.0,2.1772115949436,6.776451668422738,21.448681661090788,6.6784264278250385,45
9772,69.0,6.449404115493426,4.239634339221477,21.451979427207714,15.35109018361706,45
9773,183.0,4.68422204924787,9.36634296043131,21.453269638717668,15.719854755880728,45
9774,27.0,6.564510233483146,9.313054109637186,21.455342448516586,16.75307621719333,45
9775,133.0,3.4490118798536553,6.126366026088981,21.458070516118717,7.288675341271725,45
9776,141.0,5.402467061493907,8.484758553533679,21.46095066999957,12.95190758022846,45
9777,43.0,5.451210740161235,5.147349388354358,21.4612624355615,16.03004988332528,45
9778,139.0,6.061297300027743,1.1799881547787172,21.465338924685042,19.388569386391858,45
9779,129.0,1.7758962845757431,9.902595032028728,21.46704559593414,12.157955631202528,45
9780,26.0,8.023381390834315,9.706452671083714,21.467119869453757,20.0,45
9781,65.0,5.650452268161433,0.6478189443611571,21.47004444370045,16.66631812899331,45
9782,75.0,0.8071814760009066,1.4792101569103866,21.472095094194415,7.888315303525753,45
9783,115.0,0.13182497489368283,7.660934532950216,21.47466628778738,14.148739025091995,45
9784,102.0,1.870693305185085,3.4722505935387793,21.476580938006627,10.631479316994971,45
9785,16.0,7.927514042004659,3.3622635100662936,21.47955064545964,6.057331508973077,45
9786,15.0,3.2143160252658576,7.5196225317030745,21.481561894103567,9.808213851498797,45
9787,68.0,8.162696149829543,3.7765309709548776,21.48467555776372,18.207680258128697,45
9788,23.0,3.7180054945435916,3.691878508645179,21.486869981880385,20.0,45
9789,153.0,1.060357189803548,3.4435731702841754,21.494112147727705,9.027522788536366,45
9790,12.0,3.676484001884549,4.697045081276686,21.494422718530913,16.565461853746232,45
9791,162.0,1.8339005815360698,6.51647202019372,21.4948703799341,19.4779941796803,45
9792,68.0,1.6505316906781065,2.5212558205848676,21.502348036236782,14.801633958261652,45
9793,190.0,9.30826761116386,1.2540808370789647,21.503257735594424,14.313385748323103,45
9794,71.0,4.694539317289575,9.181955988435043,21.506838606095943,12.09126853056129,45
9795,62.0,5.009983187040695,0.09478856846579675,21.513666195464943,12.718972324925499,45
9796,74.0,1.9172752135999438,5.758905565981935,21.515682541187054,16.66860703682713,45
9797,198.0,4.440200618414458,3.7447869945088605,21.519223045452748,11.220643583059436,45
9798,99.0,9.56893223970512,2.2923554975865787,21.524104316162852,20.0,45
9799,52.0,0.7928838811998784,1.6580417764548105,21.5337014571751,13.168359876914383,45
9800,111.0,6.258743712260541,3.222428596059048,21.533752289594677,8.819794642026325,45
9801,196.0,8.572463473917596,6.776404267038606,21.53838184733202,8.149146643574712,45
9802,28.0,4.369922053279749,3.1205258289669615,21.546856201573775,10.263471916617966,45
9803,23.0,5.708725143065512,6.825999941286871,21.548073076205984,18.11562683656026,45
9804,73.0,3.410958693217353,8.089427356361359,21.549412547251993,5.0,45
9805,72.0,3.9004755463122196,4.1998188317715766,21.552180383069473,11.03932380592104,45
9806,9.0,4.771591134030185,5.231288293980367,21.552842936767078,7.9565392123002,45
9807,67.0,0.5621693362447688,9.579438304212823,21.552887032682136,5.0,45
9808,119.0,9.682989412497786,0.35587741529571115,21.55408104012799,13.291145912029375,45
9809,101.0,8.969367458478605,5.766294855162576,21.557908324780797,15.060255006192095,45
9810,32.0,9.96503848217982,0.09205761786663214,21.560151290164757,20.0,45
9811,187.0,5.544236994506847,7.142324742681414,21.562538779476604,16.13296812670336,45
9812,187.0,4.282465022561727,3.1607394740667507,21.57324079810002,20.0,45
9813,129.0,0.03552987223798931,9.070474337256755,21.574114671899856,14.858815573367544,45
9814,29.0,6.0086957498394735,7.038167395039386,21.57971799578592,8.97475525225462,45
9815,5.0,7.669510105677979,8.387100503217033,21.580838693325795,11.580030967506682,45
9816,162.0,5.50095895630669,9.47864089324101,21.5853278425282,16.148401755971992,45
9817,167.0,8.812205713764287,0.5108048464959636,21.587184291596913,6.211374058912181,45
9818,48.0,4.3278299218898155,3.468254074862269,21.587510225596773,20.0,45
9819,92.0,5.618347219389323,3.636289655963952,21.589405005238728,7.9968137571149,45
9820,96.0,1.6980383850210445,6.828336371935352,21.59292065304416,5.0,45
9821,129.0,9.709868096931572,4.955002182124452,21.593429848006398,15.221386301750663,45
9822,177.0,0.7861988160483757,1.9454586896277948,21.59434665413749,15.904650215007091,45
9823,18.0,1.3900396350235844,3.4299082875143947,21.594920928481578,17.96480786096864,45
9824,189.0,4.851081589946968,0.5036192249670246,21.595690773102763,10.597574150984194,45
9825,77.0,2.946999080673338,7.911813766459831,21.596001205667726,11.302683936126677,45
9826,68.0,7.638741929998023,8.724312614280867,21.604540646852364,16.833729485949725,45
9827,136.0,0.8923540443655931,4.854175397606001,21.605357984023506,13.095667424565086,45
9828,158.0,1.5381597019284488,0.7740157632201816,21.607859542272276,16.24779557419656,45
9829,112.0,9.179306791369292,4.191826395973846,21.608740433710448,6.416763763680197,45
9830,63.0,3.4812757076336887,3.040410503842285,21.612392658485035,20.0,45
9831,62.0,1.0927405437912685,0.884046577670301,21.618821482314047,8.346273545476068,45
9832,184.0,9.921080734703306,6.188181996833486,21.620804819619092,5.537431639680302,45
9833,105.0,6.982226250854875,3.6308308100664366,21.622697656839332,16.592215965448812,45
9834,31.0,3.9167649428776663,4.032644444982924,21.62278840041202,9.720011467807696,45
9835,195.0,7.657478911966946,5.029171268824726,21.623663983603308,10.072216749021685,45
9836,168.0,3.0223845943439622,4.576545684017329,21.62976617149894,16.621348011000975,45
9837,15.0,4.95023283412542,4.733703301355612,21.630887290442793,5.0,45
9838,1.0,6.054148874405877,6.741001814911338,21.63246013275848,12.622044582539909,45
9839,12.0,7.5587516536940615,3.195110453742461,21.633726832544355,17.03465702958744,45
9840,43.0,4.409503709355396,8.859470670001048,21.637880054236053,15.595616087027892,45
9841,79.0,7.639053676633955,3.173655220731436,21.63790335697373,15.464965880286154,45
9842,89.0,2.8863608501048676,7.9607208303482,21.642176959634746,14.520724428490524,45
9843,111.0,3.533664362547051,2.157004361178083,21.645009752642366,8.142072649718509,45
9844,191.0,4.8695981169377465,5.682802273987906,21.64526258660917,17.594081179313434,45
9845,176.0,0.20556284128301905,4.384132571661986,21.649224689712963,16.518718842195145,45
9846,139.0,4.694184656083605,0.9658141244626239,21.651349310448637,18.532324419202833,45
9847,174.0,6.986087347710152,5.525557912460227,21.65378654521977,12.077986351288045,45
9848,28.0,8.502676489717858,2.2659782276586538,21.655094711498407,15.397867696687747,45
9849,191.0,1.8833806195161706,4.692017001568654,21.65685066846978,18.637630689163426,45
9850,183.0,3.0461887362896056,2.5561687271746214,21.657336940557233,17.579831663722445,45
9851,164.0,3.4804191634725012,7.427266844334394,21.658396508687062,17.968247620947828,45
9852,0.0,3.723711328993188,2.7607559308121523,21.660388934040775,8.20466415747987,45
9853,84.0,0.021213848589437534,5.718813232251851,21.66109452847504,6.997871335105581,45
9854,134.0,9.833531665815604,6.602843011419036,21.661584422598466,8.998512266583173,45
9855,15.0,9.51136701848972,0.5674592212914031,21.663410143117666,5.0,45
9856,4.0,4.8387772967214095,9.518683608527562,21.664303077959094,19.064907888357915,45
9857,31.0,1.9075094539646387,9.54340763707057,21.66564349325725,7.252709559928862,45
9858,134.0,0.40456379851923074,5.361488933466441,21.665999484888285,6.772740636806405,45
9859,7.0,1.6910414728475376,5.090127660109536,21.666122070305242,14.88845762452147,45
9860,45.0,8.324830160819971,7.301659550111371,21.667583352416038,5.0,45
9861,7.0,7.316144142575079,0.9021150223628294,21.66981474731391,9.365727595858639,45
9862,152.0,7.5812928690105705,0.046299480826308415,21.670996390615983,14.091483775027301,45
9863,127.0,3.737182526293873,9.797127876675988,21.678190222072477,8.517578040964517,45
9864,130.0,8.058582018276534,1.052647682224671,21.6791305963659,17.902248636556287,45
9865,196.0,8.862375086904883,3.727322227498534,21.682952293126554,8.739910185990356,45
9866,120.0,7.392779749959405,0.9815181705563836,21.684391569407275,14.125156060764944,45
9867,16.0,1.1806002902472423,6.148225112733206,21.691056934915164,5.0,45
9868,98.0,1.405255369448517,3.7271892947068253,21.692466864151093,6.495534164343271,45
9869,96.0,3.2182957851030536,8.431964866749023,21.692569391092547,5.0,45
9870,190.0,4.284232905460969,3.315734782762898,21.695101736023958,16.986179792062746,45
9871,113.0,0.936804655716329,0.10440221095338931,21.695350117893085,11.743923181840664,45
9872,24.0,7.932209729163206,2.7660748309788286,21.696062746195075,19.1892544042515,45
9873,164.0,6.061736150052216,2.820435537240351,21.700726307715367,13.562349068592365,45
9874,95.0,9.608217489334363,3.3434101380817594,21.702149635056294,11.929881172499247,45
9875,106.0,9.754466725830637,3.59097692548507,21.70447932575705,10.530558176685682,45
9876,189.0,2.6912951157233413,6.845296511098757,21.706160394217175,7.53856298398105,45
9877,94.0,3.975659265999952,1.2927209175545407,21.708320828008098,13.745519976494043,45
9878,131.0,0.3585168084904211,5.926047242462021,21.71230102817086,11.125161132983692,45
9879,102.0,8.950067316636913,4.068045830522059,21.71303229039486,12.384117183327483,45
9880,63.0,0.6450071838207005,9.830684214075013,21.719388627910718,18.25282432525806,45
9881,46.0,0.5677289172410804,8.662841782101982,21.723707731080204,17.051849970424044,45
9882,47.0,8.943539767907673,2.8679091413975577,21.72525079661888,8.279855133285897,45
9883,107.0,9.551643002061313,0.5179345957169601,21.72866731849889,5.0,45
9884,26.0,0.20488644640710207,1.6651420150535678,21.72959663577743,18.954759658208204,45
9885,24.0,5.4743162760649335,7.848265665626263,21.730480624677078,17.466791612504295,45
9886,133.0,4.9801677623617895,1.3622549949093865,21.734159748940407,5.0,45
9887,126.0,5.384959313115502,9.89507171605142,21.735606892638927,11.878691202906147,45
9888,10.0,2.916776091133607,3.182318521738935,21.742028599572734,13.602665780678135,45
9889,63.0,7.594682113591734,5.035066559152261,21.7431560069558,19.03636737312532,45
9890,75.0,8.755336041210105,8.241834173940255,21.745787607956096,7.881722941514365,45
9891,146.0,8.682422807857474,9.077944674375017,21.753555707708585,12.7197333522631,45
9892,63.0,9.449209768926,6.950714876719607,21.75461008458108,18.684001244140436,45
9893,39.0,9.346649957877512,5.114948195209594,21.7557605804066,9.397132502723363,45
9894,189.0,1.302507362947597,5.4906149644381745,21.756819328176654,8.01464688780305,45
9895,132.0,8.408810145703994,5.133613273072353,21.75869165278412,13.144992563995363,45
9896,129.0,4.377645481398896,1.875181347914393,21.759283054777654,10.073276186187648,45
9897,26.0,2.080533265678807,3.8676515913481313,21.762249878132447,19.55181384626115,45
9898,188.0,2.0169570509191006,2.3193250781868047,21.76323772799184,13.117445554565048,45
9899,186.0,0.2654795822430567,9.136811323930385,21.765758188126565,5.992767157509744,45
9900,63.0,3.2719858986998505,6.2381131474974705,21.765799585437204,18.955697320808135,45
9901,158.0,6.815610004382395,4.492242620188116,21.767334415046903,18.199950228171502,45
9902,70.0,0.16954039211306116,4.696411893726084,21.770601944494494,5.392691288212158,45
9903,145.0,0.07944515883015923,7.927228152885086,21.773852576019348,10.54144530714199,45
9904,158.0,9.50406047570098,8.073140462480357,21.780697612323145,16.58164128287781,45
9905,50.0,5.2743126637570175,1.3894720096970925,21.780977945253227,11.743516090057959,45
9906,4.0,0.7151723767364482,1.6552815854624803,21.781217411160736,15.850648997123905,45
9907,34.0,4.380587474172627,2.8997242656921496,21.786660685649824,14.827794902012918,45
9908,72.0,9.637942120656858,3.7829501393837504,21.7886866542108,11.137442423386627,45
9909,117.0,2.436285689802682,9.220513381032568,21.78907679624657,14.430110916573312,45
9910,17.0,3.066338946285907,3.592443523240152,21.790554423413464,18.170429094446376,45
9911,140.0,7.780197894742136,7.556569990515599,21.794563500267433,5.305810120391798,45
9912,64.0,1.963201263059502,6.5530472532063655,21.797802988343307,20.0,45
9913,37.0,9.130322239884329,6.657262118926123,21.800410724379343,13.405616029050437,45
9914,100.0,9.907041204506013,5.4183813097506714,21.80224625230362,20.0,45
9915,156.0,4.406579432792174,9.029026545431844,21.80410007617376,15.345103250289611,45
9916,160.0,9.46841668784531,0.01021975185524715,21.807009938257266,12.084078818867464,45
9917,178.0,7.945137594375292,3.673143514614674,21.80773092889433,9.570356461534049,45
9918,44.0,6.232838827394994,4.582609689679513,21.80916596024,20.0,45
9919,164.0,8.621182278692967,2.312124218586973,21.80967576450083,18.872443995859985,45
9920,86.0,1.025113059827547,9.064194657031038,21.81032070062276,6.2903184642336125,45
9921,28.0,1.385336042946027,9.113420626831836,21.8109621199576,9.668459169152133,45
9922,11.0,4.992273616720925,8.943482209782047,21.8125145375986,20.0,45
9923,116.0,8.424850423863047,2.67792064670884,21.815732432480395,10.604648332907145,45
9924,66.0,3.3521012938967596,5.342683589371196,21.818054750890184,9.445896016248206,45
9925,160.0,5.083178093704497,6.979869800128705,21.818977192202855,10.488887939150667,45
9926,181.0,5.7664981113317735,0.6239465381176024,21.821143436076866,20.0,45
9927,11.0,7.502611160482191,5.794558465861732,21.825843622467822,20.0,45
9928,4.0,2.0964617612779857,3.0708230385317634,21.827826968465935,18.891057490392587,45
9929,74.0,4.375728289456875,2.5651284851404856,21.828936424120354,20.0,45
9930,159.0,2.501757779024093,2.163210084929471,21.829057561455876,10.422421194032385,45
9931,191.0,6.618458716781603,8.562418112110368,21.82966385020247,19.077039011211756,45
9932,107.0,1.194381407221854,2.940880342897331,21.830731358824305,7.067374410286934,45
9933,61.0,7.283329044906427,0.6066305328504573,21.831297540967732,14.491431621478954,45
9934,14.0,4.662863012583585,1.9850647559161905,21.834122646674157,17.065380412498484,45
9935,27.0,7.2028210698082065,0.39629592776008193,21.840726071634265,18.839713449186377,45
9936,159.0,5.041005171192873,6.867778948482145,21.842340430362594,7.003957106603447,45
9937,145.0,1.7526955043259762,3.9623567161828213,21.845183502152167,10.484853662225106,45
9938,120.0,3.840017219196371,1.1401672521451733,21.84754509118339,15.038091691794898,45
9939,162.0,7.092337311488289,1.2469189204863496,21.855703851728443,10.934401343721301,45
9940,170.0,9.07525369926923,6.96006100211338,21.855850307269186,9.952234702403002,45
9941,132.0,5.528442410152329,3.012792856361556,21.85790328699742,12.854316373931132,45
9942,111.0,3.2718098625262715,3.8862229016770833,21.86225977594536,12.949506126436583,45
9943,26.0,0.17230045092772928,6.861014693993264,21.86247984454848,15.68082641842271,45
9944,3.0,6.444805691127976,2.4194090266397184,21.8636300618714,17.400960573497436,45
9945,155.0,4.590212019851768,7.2264915672064225,21.865642302791816,5.806153541746345,45
9946,62.0,8.539688298058485,9.382052608316211,21.8702962343752,9.439045817313696,45
9947,137.0,3.705401704385527,5.088416100966779,21.870613047493002,17.195252314408098,45
9948,157.0,2.9467725452449356,1.1084116139175082,21.873425321681,8.152933637540134,45
9949,180.0,0.767799139202997,7.302716326546646,21.877076960912014,16.669736809096413,45
9950,107.0,0.35428282602983585,2.67711407822571,21.87714341430482,5.0,45
9951,15.0,7.9981089691532645,0.10341021062409972,21.882506723051456,6.555972230991037,45
9952,71.0,1.0755132279381119,2.761431506477179,21.884110285532962,14.01468821006603,45
9953,3.0,3.7185796860677476,0.8787960508824333,21.885630667806552,14.730270120397192,45
9954,146.0,2.4302477364489605,2.347474851058129,21.886789898275552,13.116524438843886,45
9955,38.0,6.545633767520638,6.315435155532833,21.88809821525427,15.153897426805795,45
9956,61.0,7.089767236582418,5.409851308824019,21.88855070347726,20.0,45
9957,126.0,9.257680872015547,1.1347279006754563,21.892007681120454,12.24290811420975,45
9958,62.0,6.995486336485256,0.28848997577064717,21.89305786145939,7.644832366750894,45
9959,16.0,7.352749042975222,4.961718321289851,21.89770402174058,8.491315798686315,45
9960,153.0,4.304418805514448,6.471124513910265,21.90055688386674,7.927295117864527,45
9961,64.0,0.755865529852624,2.593628225730024,21.90134654001632,14.242307476012062,45
9962,58.0,7.281536137416897,9.62692526126734,21.90272179771174,9.611450994625233,45
9963,162.0,5.9223232393066825,5.742652362022573,21.903413160783177,14.765215645992733,45
9964,92.0,4.945323242774183,0.8096339133426178,21.903937795889664,12.90661710100848,45
9965,89.0,1.4994492508211932,8.063557344640097,21.905517656227314,12.56751325024486,45
9966,41.0,3.931277542983258,4.26564292442766,21.906365837541202,20.0,45
9967,145.0,4.192339001427435,4.840543051741789,21.90789584816139,6.4791486478107725,45
9968,31.0,1.135106608375409,7.115284072667655,21.914361203242628,6.863724897787747,45
9969,47.0,2.7719453762466264,4.8684082492356096,21.91669644539205,9.246177522932722,45
9970,141.0,5.090449959817994,8.994592344455155,21.921208592434734,14.577007308618702,45
9971,77.0,8.274267022772685,2.0463693426258955,21.928979855746906,11.110576851801993,45
9972,59.0,6.1231747798279645,8.581444438983484,21.931039829038433,11.527780084139307,45
9973,30.0,1.1823318806994243,9.772152548255184,21.933172030513163,13.850964202081862,45
9974,22.0,4.4697991961407055,9.975751218329155,21.934977544114304,14.315685820421377,45
9975,96.0,5.532058170383189,7.248073766592869,21.934983868423117,6.4802212806646615,45
9976,39.0,1.5252810861327326,8.886189323565329,21.936745230749835,8.174083494987663,45
9977,54.0,4.647618981827215,9.827807117160553,21.93825766683699,15.732456830070783,45
9978,43.0,6.724587568256931,0.3299384413930395,21.939471325232677,16.168089939776504,45
9979,112.0,3.3217333176521557,2.873967655818841,21.945597561958294,9.15801010413714,45
9980,49.0,2.900660615107815,8.649222170359499,21.951173990776503,14.473392848129928,45
9981,100.0,9.115926504771872,3.359258126346573,21.953160540429366,17.737397234245524,45
9982,66.0,6.113200094447989,6.762799102796299,21.95514743829852,9.417703422190248,45
9983,176.0,7.427100777645128,7.344118886925236,21.95935066340838,16.597891799852356,45
9984,94.0,4.237232548058207,5.5013625376881325,21.96088565042998,7.938724430781198,45
9985,123.0,1.5449692091231837,2.440055796133543,21.96135429051232,18.24835722156571,45
9986,191.0,5.516954978108982,1.9489497927294208,21.9702175740721,17.21366760860139,45
9987,172.0,8.4277856083871,0.8678711192150612,21.970917805072705,6.952007140835099,45
9988,59.0,4.249737625933747,4.957209186354806,21.971473867016627,10.038065869683656,45
9989,65.0,7.888424518748858,9.190413510211137,21.97371346699538,14.420380276387412,45
9990,50.0,4.30063780609658,0.11014101205096938,21.974404298962867,10.803610760263414,45
9991,56.0,2.7615423716879803,3.222438559338819,21.975544793148234,18.93642064596433,45
9992,11.0,4.868003028018939,6.553414916737851,21.97839889198741,18.5107463387225,45
9993,119.0,9.138923436689986,4.973204049807166,21.987815141766077,14.708144562463294,45
9994,96.0,8.781355145754649,1.0099266023333575,21.992035359802053,7.987671856768494,45
9995,105.0,8.427276519966123,8.906293756761729,21.993594978587566,19.27512429156882,45
9996,55.0,3.891146500473793,0.7785112700590058,21.99379244828623,14.638251313574877,45
9997,87.0,7.770950267408024,3.689349720568016,21.99566384758215,15.545212835553814,45
9998,27.0,2.338795228974717,6.628543563022827,21.996565649870966,15.495952605447917,45
9999,10.0,9.547151626439952,0.38390463574293876,21.99689526709711,10.201781916790463,45
